e0436e29-4621-43f9-81b5-01f5c08f0094<%|%>58bf9cae-8a0f-446d-afa8-9a565bc3e7c0<%|%>
1882bc15-e7d2-461a-ae6d-6b61fb4274eb<%|%>1cf69735-d66f-4b21-82a5-0954a952a80d<%|%>
ba321841-9915-4f3a-b431-309598646aea<%|%>f6e18e8e-ad1f-4ca1-8ed7-c3281a127181<%|%>
411180df-9fc0-4efe-808e-c090b84811e7<%|%>09610378-70a7-4232-9b5f-a9f3e365d489<%|%>
265736ff-e347-42e8-a9a4-a4ebfe8d96e9<%|%>f6e18e8e-ad1f-4ca1-8ed7-c3281a127181<%|%>
12c02246-c9b9-4f0c-b0f4-0284f150ff75<%|%>95c9c004-0519-4d6e-871c-aff1f0b98561<%|%>
9b2f90f4-1a51-4fef-a594-391b86f9f8db<%|%>f6e18e8e-ad1f-4ca1-8ed7-c3281a127181<%|%>
932559da-ccdd-4cf7-aa72-b114983d8f84<%|%>f6e18e8e-ad1f-4ca1-8ed7-c3281a127181<%|%>
7ee448e9-2b7e-4d10-b578-70f0677f53ea<%|%>f2830962-b9f9-4c65-b08f-52112b75fd71<%|%>
bec1b3d4-00de-44f1-b88e-8e82290bbef3<%|%>f6e18e8e-ad1f-4ca1-8ed7-c3281a127181<%|%>
03e66473-d0d3-4383-8bdc-cd3165034819<%|%>2227d074-1fae-4236-bae1-ba1bb43988b0<%|%>
2110fb9d-c7c7-4866-8698-3c432ac53e6d<%|%>f6e18e8e-ad1f-4ca1-8ed7-c3281a127181<%|%>
b8a030b9-3fc5-4a54-acff-32b400622637<%|%>2227d074-1fae-4236-bae1-ba1bb43988b0<%|%>
027dc2da-6ed1-40fd-af6e-488122b1aa5f<%|%>2227d074-1fae-4236-bae1-ba1bb43988b0<%|%>
f9843461-da9d-4237-ba5d-493bdb8a09ac<%|%>6f398b56-b21f-4e8b-9637-ed85b609975e<%|%>
35ba3c5a-585c-4ab3-b910-c7c8b38d974a<%|%>b5a2818d-dccd-4b61-82e3-966caf635f42<%|%>
8ab2f7a7-7f5e-441d-a0b5-e0a659269d10<%|%>0d0f1e60-a1cc-4a6e-83c6-a5a92b4fa9be<%|%>
112e21a4-14d4-43ac-b023-57d8c56c79ed<%|%>1917e388-78c5-432d-b924-86498d652dc9<%|%>
a3f3bf55-209b-44ad-be94-fc494d620181<%|%>f6e18e8e-ad1f-4ca1-8ed7-c3281a127181<%|%>
f2ed9b9d-6445-4ea2-8ff8-ceaf61d404ed<%|%>f6e18e8e-ad1f-4ca1-8ed7-c3281a127181<%|%>
ca94fd11-d799-409a-88db-f1742d6cbf6b<%|%>acd2fed0-ce37-4c51-9897-ccae77763d60<%|%>
ee7fda2d-3577-40cb-84ac-07cf914da979<%|%>f6e18e8e-ad1f-4ca1-8ed7-c3281a127181<%|%>
1a0741cb-2f34-46d2-a2cb-974ff33b793f<%|%>2227d074-1fae-4236-bae1-ba1bb43988b0<%|%>
93cec298-54eb-4a84-b46b-e7213c8cd94c<%|%>1cf69735-d66f-4b21-82a5-0954a952a80d<%|%>
f3dc9e46-74b0-4f5f-a5d2-a4f61daaad08<%|%>1cf69735-d66f-4b21-82a5-0954a952a80d<%|%>
b7baab94-f30b-4fcd-bfa5-aaf6845ea953<%|%>1cf69735-d66f-4b21-82a5-0954a952a80d<%|%>
b1e41bfb-023a-42dd-b15f-d94863d7b5e0<%|%>1cf69735-d66f-4b21-82a5-0954a952a80d<%|%>
c040bc8f-9b49-41b7-9f3a-445fc61f83e0<%|%>1cf69735-d66f-4b21-82a5-0954a952a80d<%|%>
183f7a5f-0493-4518-b094-a2d6ad6144c4<%|%>1917e388-78c5-432d-b924-86498d652dc9<%|%>
538b9112-de47-4ed7-a85f-26f2f41112c1<%|%>1917e388-78c5-432d-b924-86498d652dc9<%|%>
e14a435b-69d2-44a1-b44f-7e41a9716b4c<%|%>3e3e3a1d-7420-4b97-8730-d454f9080569<%|%>
ec304189-1815-42f4-9923-e922531cd199<%|%>07b445f1-6e5a-4029-af9f-f6ffbd3161c2<%|%>
f35d18c6-379e-41fc-81a6-3930831bd322<%|%>f6e18e8e-ad1f-4ca1-8ed7-c3281a127181<%|%>
a7db60c7-6786-443f-8ed4-d63875f5e62c<%|%>07b445f1-6e5a-4029-af9f-f6ffbd3161c2<%|%>
13d24cf4-76f2-49fc-9a84-476a81b940b0<%|%>38ed3ba9-247d-4937-9cfe-cd7f49a90bc7<%|%>
5ec1320a-1cea-493b-8bad-53dd3617a926<%|%>2227d074-1fae-4236-bae1-ba1bb43988b0<%|%>
61092a7e-7de6-4345-898a-71d3357773fc<%|%>1cf69735-d66f-4b21-82a5-0954a952a80d<%|%>
28fa6e91-d8a5-4b92-8c37-d6e94750f2c7<%|%>2227d074-1fae-4236-bae1-ba1bb43988b0<%|%>
6f5329b5-bb91-4d46-a890-fa7660d7b324<%|%>1cf69735-d66f-4b21-82a5-0954a952a80d<%|%>
3841f0b7-0676-43d6-a304-fe9aeb7ded7c<%|%>2227d074-1fae-4236-bae1-ba1bb43988b0<%|%>
f4d79dc4-6126-4de0-81f3-6251d28d4627<%|%>1cf69735-d66f-4b21-82a5-0954a952a80d<%|%>
2cfa0f26-d825-4d1e-b756-f5a1106f2c6d<%|%>2227d074-1fae-4236-bae1-ba1bb43988b0<%|%>
b3da224e-4b5c-45fb-95e9-06680e0f49c1<%|%>1cf69735-d66f-4b21-82a5-0954a952a80d<%|%>
bd41aabd-4572-43a3-9ad1-fab41d5e0fdf<%|%>f440303f-18b4-4d1c-a14c-aa99e5d56579<%|%>
ab111e8b-263b-4cf4-bfe4-a761e6e9480c<%|%>1cf69735-d66f-4b21-82a5-0954a952a80d<%|%>
915d8157-71fa-4103-b916-61cb8058696e<%|%>1cf69735-d66f-4b21-82a5-0954a952a80d<%|%>
6f40ae97-04ec-4599-95a8-f398c7e40e3e<%|%>f6e18e8e-ad1f-4ca1-8ed7-c3281a127181<%|%>
db8e06ae-0933-41b6-ac58-592fd8fc9f2e<%|%>1cf69735-d66f-4b21-82a5-0954a952a80d<%|%>
0c9620c8-e2f4-4b90-ba35-6be823f5ab37<%|%>1cf69735-d66f-4b21-82a5-0954a952a80d<%|%>
e5724c58-ee22-4dc0-b79a-746b340ecea8<%|%>acd2fed0-ce37-4c51-9897-ccae77763d60<%|%>
0a0497ca-68a1-4f2c-adc2-8a752498960d<%|%>1cf69735-d66f-4b21-82a5-0954a952a80d<%|%>
ceefd482-2c06-4b3e-a228-fd577bcc720f<%|%>f3995fbc-4e82-403d-99db-7342257323f4<%|%>
f1b691af-a991-4bbe-8253-c763acba40c6<%|%>1cf69735-d66f-4b21-82a5-0954a952a80d<%|%>
564a5106-275e-4e0e-8409-f95abb6e6624<%|%>acd2fed0-ce37-4c51-9897-ccae77763d60<%|%>
734ef448-0e02-4623-9648-a5c8321a0427<%|%>38ed3ba9-247d-4937-9cfe-cd7f49a90bc7<%|%>
6e0e9064-31c4-409b-bfd6-f87af3d716c3<%|%>e7ed2997-94ad-469a-aae2-5a48a8adbce4<%|%>
09685bb5-e542-4577-a7fe-016c1a67f779<%|%>2227d074-1fae-4236-bae1-ba1bb43988b0<%|%>
66c8195d-75fe-4b1f-bae4-a6b482bb194e<%|%>1cf69735-d66f-4b21-82a5-0954a952a80d<%|%>
8f661244-e9f3-40ef-a3d5-f6813812c509<%|%>1cf69735-d66f-4b21-82a5-0954a952a80d<%|%>
31d89eb9-717e-478d-9e9b-15b06b868780<%|%>1cf69735-d66f-4b21-82a5-0954a952a80d<%|%>
4d6761ca-28b9-4dfe-86ee-8857ae95846a<%|%>1917e388-78c5-432d-b924-86498d652dc9<%|%>
60a690fc-7646-4c05-85ef-cd86e54b6c70<%|%>1917e388-78c5-432d-b924-86498d652dc9<%|%>
c77314eb-5c7b-4ffd-a90e-5300be3fdd24<%|%>1917e388-78c5-432d-b924-86498d652dc9<%|%>
8f65520e-6995-42e7-9da2-a611eed45d30<%|%>3e3e3a1d-7420-4b97-8730-d454f9080569<%|%>
0f47ed74-7abe-4db2-8eb5-5d5952a2de4a<%|%>07b445f1-6e5a-4029-af9f-f6ffbd3161c2<%|%>
e00bbc33-9989-4a91-9bb4-f51b9ebaf065<%|%>07b445f1-6e5a-4029-af9f-f6ffbd3161c2<%|%>
888d9181-1a2d-4faf-b121-1dccc0fbf12d<%|%>38ed3ba9-247d-4937-9cfe-cd7f49a90bc7<%|%>
a318774d-20ba-48e4-a82d-81072be79e3f<%|%>38ed3ba9-247d-4937-9cfe-cd7f49a90bc7<%|%>
84d6060e-3416-40bb-9122-3baee62934e1<%|%>07b445f1-6e5a-4029-af9f-f6ffbd3161c2<%|%>
bc3ab711-84f5-4477-8f3e-39b023b2f9a6<%|%>38ed3ba9-247d-4937-9cfe-cd7f49a90bc7<%|%>
659b5438-054d-4ac4-8b41-a08c3e965a9c<%|%>1917e388-78c5-432d-b924-86498d652dc9<%|%>
e36dcea5-ac85-491b-9938-da4354886cac<%|%>3e3e3a1d-7420-4b97-8730-d454f9080569<%|%>
1a85de0c-1ab5-4f15-899c-a68d000d1bac<%|%>3e3e3a1d-7420-4b97-8730-d454f9080569<%|%>
e0d808d8-6049-4a89-beed-a93678cdafc2<%|%>3e3e3a1d-7420-4b97-8730-d454f9080569<%|%>
bebda64e-4671-408e-ae70-41b867401792<%|%>3e3e3a1d-7420-4b97-8730-d454f9080569<%|%>
b8567da9-eeab-4a72-b62e-95b47293b004<%|%>3e3e3a1d-7420-4b97-8730-d454f9080569<%|%>
44cabad2-a717-4f80-acfe-cbce4784563e<%|%>3e3e3a1d-7420-4b97-8730-d454f9080569<%|%>
5598171b-532a-4f3a-b5df-1ab78de216cc<%|%>3e3e3a1d-7420-4b97-8730-d454f9080569<%|%>
11aa5082-c2d4-41d0-94ef-cbd0fb33e0ca<%|%>3e3e3a1d-7420-4b97-8730-d454f9080569<%|%>
2ee822a2-efba-4cea-9964-6094f084e761<%|%>3e3e3a1d-7420-4b97-8730-d454f9080569<%|%>
8bc834b6-9312-4f11-8f7d-2e33840efc50<%|%>3e3e3a1d-7420-4b97-8730-d454f9080569<%|%>
ff6e167a-e908-4d52-8697-0de0bf720d43<%|%>3e3e3a1d-7420-4b97-8730-d454f9080569<%|%>
bf27993c-7929-46cc-81cd-39a8b8c6b921<%|%>3e3e3a1d-7420-4b97-8730-d454f9080569<%|%>
acb5cd16-a48f-48c1-adb5-ac48531f5af7<%|%>3e3e3a1d-7420-4b97-8730-d454f9080569<%|%>
0cf7c1cc-2854-4d51-99f8-cba76ceacb1d<%|%>1917e388-78c5-432d-b924-86498d652dc9<%|%>
1bdddf0a-ea61-4bb7-a6f3-08ef3c6efc73<%|%>1917e388-78c5-432d-b924-86498d652dc9<%|%>
5d312e93-c0bf-4f0c-a5e6-86a4b5ef44f2<%|%>1917e388-78c5-432d-b924-86498d652dc9<%|%>
53ec3364-b514-4d1f-a205-e6f1b894c515<%|%>1917e388-78c5-432d-b924-86498d652dc9<%|%>
1d1c3a2b-7739-4cef-9386-d6c06176eaaa<%|%>1917e388-78c5-432d-b924-86498d652dc9<%|%>
4e73d37f-03ee-4858-a4ee-9827f859b5ce<%|%>1917e388-78c5-432d-b924-86498d652dc9<%|%>
0ae3cb40-ae4a-4335-9052-9b391c82717e<%|%>1917e388-78c5-432d-b924-86498d652dc9<%|%>
9a15a58a-7426-4da1-815b-57b51968a426<%|%>1917e388-78c5-432d-b924-86498d652dc9<%|%>
9d0489a7-6325-4326-85f9-62f14f5f5a42<%|%>0d8f908c-db43-4b8e-9f2c-fb143d3208b3<%|%>
d3c2edd5-a2c9-485e-84c4-580132380b72<%|%>0d8f908c-db43-4b8e-9f2c-fb143d3208b3<%|%>
7644dcf6-04e2-4061-9049-3411b0811ac9<%|%>0d8f908c-db43-4b8e-9f2c-fb143d3208b3<%|%>
1891864f-1896-4b98-b61a-ed01e081bac6<%|%>0d8f908c-db43-4b8e-9f2c-fb143d3208b3<%|%>
3162d159-7020-4209-a546-4125d913dbef<%|%>3e3e3a1d-7420-4b97-8730-d454f9080569<%|%>
8446e1b3-b39b-4811-8823-114059ef8f9f<%|%>07b445f1-6e5a-4029-af9f-f6ffbd3161c2<%|%>
c7170bff-0470-4797-8a9f-f0f65b000187<%|%>58bf9cae-8a0f-446d-afa8-9a565bc3e7c0<%|%>
773a6c23-1cc0-4605-893e-bde71a3fd219<%|%>38ed3ba9-247d-4937-9cfe-cd7f49a90bc7<%|%>
4d8951d0-95ea-43bc-9ef5-302679d1c99f<%|%>38ed3ba9-247d-4937-9cfe-cd7f49a90bc7<%|%>
5e81637f-e174-4029-bc8d-d06b70c53d24<%|%>31082408-5390-4caa-adc6-e219a6ebef88<%|%>
ee15297e-9e0d-43d7-91b5-d27df0b76590<%|%>38ed3ba9-247d-4937-9cfe-cd7f49a90bc7<%|%>
f43183c1-4bbe-4827-8f13-456adea5f988<%|%>1917e388-78c5-432d-b924-86498d652dc9<%|%>
aa5b5857-474f-43d4-a612-984284255b9a<%|%>1917e388-78c5-432d-b924-86498d652dc9<%|%>
2e63176a-076c-485b-95f1-6a5599bfeec1<%|%>1917e388-78c5-432d-b924-86498d652dc9<%|%>
7e34457e-d5f7-4ae2-ba8d-dbaa90ac5d42<%|%>1917e388-78c5-432d-b924-86498d652dc9<%|%>
85442bb8-f874-40b0-86d1-acb7d09f4276<%|%>1917e388-78c5-432d-b924-86498d652dc9<%|%>
f36dfab2-78d4-4dbb-8d4a-60c35290d0e3<%|%>1917e388-78c5-432d-b924-86498d652dc9<%|%>
41f19adf-efb7-4cc8-9a3f-d138214c11d6<%|%>f6e18e8e-ad1f-4ca1-8ed7-c3281a127181<%|%>
88ac0f91-0e06-4721-996e-312b60e453d9<%|%>1cf69735-d66f-4b21-82a5-0954a952a80d<%|%>
55668f1e-5ae5-4311-9f0b-1610cf435364<%|%>e7ed2997-94ad-469a-aae2-5a48a8adbce4<%|%>
f172c7d7-67f9-4632-9ebc-302aaf218116<%|%>48ce74a5-00eb-4998-943b-7e5e0d104af6<%|%>
56c69dc3-9a91-484f-80e3-7dd12b3dc19a<%|%>d152ff26-ad40-4b8c-9cdc-dc2272dde275<%|%>
b3f9f57a-5eb2-4484-b451-a36a9fe433d6<%|%>f26f0d69-bda1-41c5-8611-caae96e4b418<%|%>
46c505dc-773d-4552-9b41-f92c9167e48b<%|%>f26f0d69-bda1-41c5-8611-caae96e4b418<%|%>
cde56fed-6d7a-4316-b501-df3e25adce67<%|%>4648ae82-b310-42a4-af83-4bad20d84f8f<%|%>
cbcd68bd-b9a4-4602-8417-624bdf2395c2<%|%>d95fd9f9-ce08-4b89-b57b-bc0d38308206<%|%>
0430881c-8263-47a7-9902-6cf8dc28528d<%|%>1917e388-78c5-432d-b924-86498d652dc9<%|%>
256320c3-e9d5-4653-a540-9c1958b4be46<%|%>1917e388-78c5-432d-b924-86498d652dc9<%|%>
3c28b947-1461-4451-ab75-049867db7b09<%|%>1917e388-78c5-432d-b924-86498d652dc9<%|%>
44569b51-9abc-44a9-b0b8-c4b174c56475<%|%>1917e388-78c5-432d-b924-86498d652dc9<%|%>
4a63858a-4301-479b-ab63-0b44267bc70d<%|%>1917e388-78c5-432d-b924-86498d652dc9<%|%>
4b05dc5f-1d0a-46e9-80e8-8834b1fa7188<%|%>1917e388-78c5-432d-b924-86498d652dc9<%|%>
6a488cc3-aa20-4bcd-873f-2757498fee32<%|%>1917e388-78c5-432d-b924-86498d652dc9<%|%>
7e71513d-6dc0-4986-a2be-9f10ee1e4059<%|%>1917e388-78c5-432d-b924-86498d652dc9<%|%>
d2c6aa37-72d2-4f2f-bd1f-fe0f8cac7ed1<%|%>07b445f1-6e5a-4029-af9f-f6ffbd3161c2<%|%>
e937b09a-52cd-498c-b328-19e194dce4e9<%|%>07b445f1-6e5a-4029-af9f-f6ffbd3161c2<%|%>
7ce7fb00-e407-4fec-b62c-e0a8aee95ea6<%|%>abf3728c-ed52-49b6-a4f2-c854cae46679<%|%>
e65219ba-4b08-4460-ae5a-41fb18a5e61a<%|%>38ed3ba9-247d-4937-9cfe-cd7f49a90bc7<%|%>
d6b4b96d-3074-42e1-afab-c73431e8907c<%|%>31082408-5390-4caa-adc6-e219a6ebef88<%|%>
f6b63993-45c2-46b4-883e-bd8d0e27278b<%|%>38ed3ba9-247d-4937-9cfe-cd7f49a90bc7<%|%>
d677c85c-7a01-4a55-91ba-52657be46c87<%|%>38ed3ba9-247d-4937-9cfe-cd7f49a90bc7<%|%>
246d5372-93d6-4410-9e7c-98678500a369<%|%>38ed3ba9-247d-4937-9cfe-cd7f49a90bc7<%|%>
74a1acbb-7cf2-4e7f-bae6-7ab7b8b4bfa3<%|%>38ed3ba9-247d-4937-9cfe-cd7f49a90bc7<%|%>
a523d620-8331-45ff-a465-54a2b2a573b4<%|%>38ed3ba9-247d-4937-9cfe-cd7f49a90bc7<%|%>
5fb92c1c-f0d2-4db6-ad34-6e153153ac22<%|%>f3995fbc-4e82-403d-99db-7342257323f4<%|%>
0820272f-3814-4c37-b771-029dd322cfef<%|%>e7ed2997-94ad-469a-aae2-5a48a8adbce4<%|%>
cdeb9417-402e-46d0-addd-1f51fe4e9afe<%|%>c2054913-3109-499c-9897-ecc97950f62b<%|%>
1290a7a0-a359-48ed-9988-719d303dc089<%|%>2fd75e9f-c05c-4291-a45c-37c5d8079c8b<%|%>
cc0f63bc-85a0-4c21-8777-251bbcec73d3<%|%>58bf9cae-8a0f-446d-afa8-9a565bc3e7c0<%|%>
9a602b33-f313-47cd-bf35-3f8430327d78<%|%>1ac7025b-d16f-4016-9826-7e357f9df4c4<%|%>
080e2fb8-d935-4ed2-879a-bf99d867f4af<%|%>6f398b56-b21f-4e8b-9637-ed85b609975e<%|%>
a9ac6aa2-556d-47e8-8a2c-2d12d8375efb<%|%>5106825a-51a6-441e-b6a5-41697f94fd19<%|%>
93f4969d-c741-400a-a5bd-9b10135aecf7<%|%>ad7d0db2-a217-47d3-8f02-a77e606c6725<%|%>
5d4f494d-2986-4300-b607-445a1557ea19<%|%>1917e388-78c5-432d-b924-86498d652dc9<%|%>
064a3b5b-d8c1-4282-97bb-b6407f7fb158<%|%>1917e388-78c5-432d-b924-86498d652dc9<%|%>
063a3b18-2ac9-44ce-b8f1-1d4d5eb2f736<%|%>1917e388-78c5-432d-b924-86498d652dc9<%|%>
66220543-3607-47b8-aaa7-7ee9536649e8<%|%>50fec4b9-02f9-4614-ae5a-dec23a7f0d9a<%|%>
d1fa4581-71a9-42bf-a2b6-9f14890955f6<%|%>1cf69735-d66f-4b21-82a5-0954a952a80d<%|%>
176ed04a-f75c-4eef-8b72-55549c82c50d<%|%>1917e388-78c5-432d-b924-86498d652dc9<%|%>
00c0620b-6c32-4343-bbf8-af0a52d8e013<%|%>1917e388-78c5-432d-b924-86498d652dc9<%|%>
14ee2ed0-7775-4c18-8db3-140961de954b<%|%>1917e388-78c5-432d-b924-86498d652dc9<%|%>
3e44c0e3-9d18-4dbc-b161-25862b55b2b4<%|%>0d8f908c-db43-4b8e-9f2c-fb143d3208b3<%|%>
0e345d0d-25c1-4813-b9d1-d8504ef54789<%|%>838ffc5c-9243-4de6-b8b3-39409f501644<%|%>
f68561ca-6f8f-4e29-b404-ff6f0a61b7bf<%|%>b4544c3f-8d14-49fc-acf9-d4344c7306b4<%|%>
37abdce4-bb61-4918-a1aa-68a27602d249<%|%>98d3f95c-e28b-458d-82a3-ee31e33abdd8<%|%>
371493c3-d661-4655-8cd9-d9f43b8f3b58<%|%>1917e388-78c5-432d-b924-86498d652dc9<%|%>
08e43813-d18b-4840-afec-29818eadf610<%|%>50fec4b9-02f9-4614-ae5a-dec23a7f0d9a<%|%>
663801f9-1b99-4b67-a249-710a78afc689<%|%>1cf69735-d66f-4b21-82a5-0954a952a80d<%|%>
9ee95c2f-8e12-4bf1-b299-0e356a1d00a2<%|%>07b445f1-6e5a-4029-af9f-f6ffbd3161c2<%|%>
97c6d988-a1d2-4747-aaa0-983019498e43<%|%>1cf69735-d66f-4b21-82a5-0954a952a80d<%|%>
bd30569c-4644-478f-8137-03d897b2b70b<%|%>1cf69735-d66f-4b21-82a5-0954a952a80d<%|%>
6a454d34-99ca-4c92-be2e-4d3b5db08180<%|%>6f398b56-b21f-4e8b-9637-ed85b609975e<%|%>
80adc770-ffdb-470c-941a-97bed5e3c0bb<%|%>07b445f1-6e5a-4029-af9f-f6ffbd3161c2<%|%>
0f524c62-22b8-4fb6-a875-3e8e969c7b01<%|%>1917e388-78c5-432d-b924-86498d652dc9<%|%>
0f85ff48-a55f-43aa-a183-4f6321c60582<%|%>1917e388-78c5-432d-b924-86498d652dc9<%|%>
1058f504-c9bf-48aa-9e53-d2f7abf4cef0<%|%>1917e388-78c5-432d-b924-86498d652dc9<%|%>
251715df-6131-4e88-9974-81f1c7e5cfff<%|%>1917e388-78c5-432d-b924-86498d652dc9<%|%>
28197623-75f0-4cde-a4ca-953bc02b5200<%|%>1917e388-78c5-432d-b924-86498d652dc9<%|%>
288daa28-f7eb-4fd3-b909-54a26fe84fb8<%|%>1917e388-78c5-432d-b924-86498d652dc9<%|%>
28c5cf3f-6cd1-4ee4-8f6c-85c18874599b<%|%>1917e388-78c5-432d-b924-86498d652dc9<%|%>
30174995-d99e-43a3-91e2-65d169015445<%|%>1917e388-78c5-432d-b924-86498d652dc9<%|%>
35ce09b9-efb6-4e82-be41-36bed69e7e3f<%|%>1917e388-78c5-432d-b924-86498d652dc9<%|%>
3a6ee199-a812-4404-94dd-224eaece841c<%|%>1917e388-78c5-432d-b924-86498d652dc9<%|%>
3df003ca-6b51-4edd-b37b-7527c2919552<%|%>1917e388-78c5-432d-b924-86498d652dc9<%|%>
459a23e3-44cb-486a-92d1-c7601c6f196d<%|%>1917e388-78c5-432d-b924-86498d652dc9<%|%>
465396d1-4a8b-4bc4-a274-fb9e72ff82d6<%|%>1917e388-78c5-432d-b924-86498d652dc9<%|%>
4d4128d4-0977-4933-8f21-a3a187fd28fe<%|%>1917e388-78c5-432d-b924-86498d652dc9<%|%>
570fd4d0-96fe-4b5e-9a2e-ec8b245504f9<%|%>1917e388-78c5-432d-b924-86498d652dc9<%|%>
572c3ca5-a7b1-4b63-88b0-98509a10938f<%|%>1917e388-78c5-432d-b924-86498d652dc9<%|%>
5cd50dec-dbea-4167-850d-260f2f5bbb39<%|%>1917e388-78c5-432d-b924-86498d652dc9<%|%>
6028f41f-d334-4352-bbdb-6cad0fe77c7a<%|%>1917e388-78c5-432d-b924-86498d652dc9<%|%>
756ae8aa-5f3e-4d21-b6d7-834b5eed91c1<%|%>1917e388-78c5-432d-b924-86498d652dc9<%|%>
7c9477de-3d24-4c17-82cc-d858bf7d84ce<%|%>1917e388-78c5-432d-b924-86498d652dc9<%|%>
83b1c332-2480-45b3-9d0e-624dbc56e26c<%|%>1917e388-78c5-432d-b924-86498d652dc9<%|%>
8613ed9a-33f1-49dd-aa30-9b695ed433d8<%|%>1917e388-78c5-432d-b924-86498d652dc9<%|%>
897c6eb6-caf6-4dbe-8247-fe7eda62f7be<%|%>1917e388-78c5-432d-b924-86498d652dc9<%|%>
8d6fd1d3-1994-4ef3-bf05-efa7e2de7e98<%|%>1917e388-78c5-432d-b924-86498d652dc9<%|%>
97998723-5645-4bae-b698-57885b2ffd01<%|%>1917e388-78c5-432d-b924-86498d652dc9<%|%>
9aaa7638-b9b6-41f7-97cc-89c89ee5f104<%|%>1917e388-78c5-432d-b924-86498d652dc9<%|%>
9cefe986-f7aa-4acc-8a20-41b0c9c5ddd0<%|%>1917e388-78c5-432d-b924-86498d652dc9<%|%>
25221ba7-bbf1-4575-8e8b-a4d1631b510d<%|%>07b445f1-6e5a-4029-af9f-f6ffbd3161c2<%|%>
40598440-af6e-4f6f-bcee-d7a3e2f1c1d8<%|%>07b445f1-6e5a-4029-af9f-f6ffbd3161c2<%|%>
0d544af6-99a0-473d-88eb-8b1e3805f4ce<%|%>07b445f1-6e5a-4029-af9f-f6ffbd3161c2<%|%>
9d66546d-d440-48b4-9488-aa92b665e26b<%|%>1917e388-78c5-432d-b924-86498d652dc9<%|%>
a09a0b2b-6202-4b50-af6f-60ffa34faf46<%|%>1917e388-78c5-432d-b924-86498d652dc9<%|%>
aed2376e-1c9d-4ad5-985d-a860d573399d<%|%>1917e388-78c5-432d-b924-86498d652dc9<%|%>
b24f5bdb-3be3-4a0b-a890-9ca1e44e679b<%|%>1917e388-78c5-432d-b924-86498d652dc9<%|%>
b7b69154-7620-4186-9ff0-918f314e2550<%|%>1917e388-78c5-432d-b924-86498d652dc9<%|%>
b9ddb2f6-2c72-4839-afd6-ad69a8fe0875<%|%>1917e388-78c5-432d-b924-86498d652dc9<%|%>
b9fcedd7-9ed2-4878-993a-669a3da896ae<%|%>1917e388-78c5-432d-b924-86498d652dc9<%|%>
ba080917-908b-48dd-ae50-f4b58b80abbc<%|%>1917e388-78c5-432d-b924-86498d652dc9<%|%>
bb1a78d9-88ca-415f-b780-b8c64350a38b<%|%>1917e388-78c5-432d-b924-86498d652dc9<%|%>
be71595f-2788-4aac-b7b8-968ce8d2f9ff<%|%>1917e388-78c5-432d-b924-86498d652dc9<%|%>
bf0def2e-d45e-44c9-8cad-6d7319b73f3b<%|%>1917e388-78c5-432d-b924-86498d652dc9<%|%>
c2c2dd72-bac8-46e1-8d7b-816737d34c54<%|%>1917e388-78c5-432d-b924-86498d652dc9<%|%>
c4c61855-83e1-450a-92e5-fd3e57f21a2a<%|%>1917e388-78c5-432d-b924-86498d652dc9<%|%>
c5f09bc3-bbae-494e-ab42-b770f5393297<%|%>1917e388-78c5-432d-b924-86498d652dc9<%|%>
c85052ea-6602-4fb9-9132-2c8811c6a1d8<%|%>1917e388-78c5-432d-b924-86498d652dc9<%|%>
d99284ca-80fa-48b1-a51c-966128d81f4a<%|%>1917e388-78c5-432d-b924-86498d652dc9<%|%>
ee198195-eb73-4ebe-9238-e05e6e2650d2<%|%>1917e388-78c5-432d-b924-86498d652dc9<%|%>
ef8bf578-7beb-4e51-8fcd-06e2e5f8d889<%|%>1917e388-78c5-432d-b924-86498d652dc9<%|%>
f29f05f4-cb0e-41c9-ac7f-78d5e19d6fcc<%|%>1917e388-78c5-432d-b924-86498d652dc9<%|%>
f6a4bb5a-54b7-417d-8f36-2c2741347f2d<%|%>1917e388-78c5-432d-b924-86498d652dc9<%|%>
f95c8370-e678-4391-8065-a528249d8812<%|%>1917e388-78c5-432d-b924-86498d652dc9<%|%>
fe224398-a238-421b-abf9-5cfebddd195e<%|%>1917e388-78c5-432d-b924-86498d652dc9<%|%>
ffe4485d-82e0-4c26-b799-0d0987570b2e<%|%>1917e388-78c5-432d-b924-86498d652dc9<%|%>
3b6c0ac4-49a9-4e82-997f-b53759938921<%|%>07b445f1-6e5a-4029-af9f-f6ffbd3161c2<%|%>
fc07ed73-dcd2-4cac-bcf9-02ee9419c868<%|%>f2830962-b9f9-4c65-b08f-52112b75fd71<%|%>
73938fbc-c1d1-48f6-a385-04097bc5b864<%|%>38ed3ba9-247d-4937-9cfe-cd7f49a90bc7<%|%>
ed147884-adc9-4013-9c91-0d69f68018a2<%|%>c5f1a22b-713c-478e-bd97-b7a5cbebd251<%|%>
45c67259-fe7f-47fe-b204-dbbd4599d46c<%|%>38ed3ba9-247d-4937-9cfe-cd7f49a90bc7<%|%>
e6225446-52fc-4bef-8520-4df8521d1839<%|%>1917e388-78c5-432d-b924-86498d652dc9<%|%>
6e18e257-78a0-4e14-a548-394bd5b774b1<%|%>f3995fbc-4e82-403d-99db-7342257323f4<%|%>
2cfe9f9d-0631-4ea8-94e2-2bebd42ed553<%|%>38ed3ba9-247d-4937-9cfe-cd7f49a90bc7<%|%>
4bd2ea6b-5734-43c8-89cd-9bf683dd2293<%|%>1917e388-78c5-432d-b924-86498d652dc9<%|%>
8e409a9d-ef91-4371-9dc9-74025ac2e890<%|%>6f398b56-b21f-4e8b-9637-ed85b609975e<%|%>
c5590c9a-1b43-450a-97c1-0f9343beef07<%|%>07b445f1-6e5a-4029-af9f-f6ffbd3161c2<%|%>
dd881011-e7ee-4a4d-8f28-8663ead70422<%|%>07b445f1-6e5a-4029-af9f-f6ffbd3161c2<%|%>
34e1d5e1-abc0-450f-9464-664f63282087<%|%>3e3e3a1d-7420-4b97-8730-d454f9080569<%|%>
d63c1c50-627b-4ef0-8aa9-2631a834141a<%|%>3e3e3a1d-7420-4b97-8730-d454f9080569<%|%>
2ed6091d-07d5-47a2-8d5d-c2328c8ebeb2<%|%>3e3e3a1d-7420-4b97-8730-d454f9080569<%|%>
2f701ea0-4370-4afd-8ba6-e8efa65de724<%|%>3e3e3a1d-7420-4b97-8730-d454f9080569<%|%>
d6ee7723-7bb4-42c6-8e8e-9d8a5552dbe6<%|%>3e3e3a1d-7420-4b97-8730-d454f9080569<%|%>
37561979-4a6a-4453-bafd-4d72a5b0135c<%|%>3e3e3a1d-7420-4b97-8730-d454f9080569<%|%>
563a46a3-2fcc-4996-a056-f09ac79a25d5<%|%>3e3e3a1d-7420-4b97-8730-d454f9080569<%|%>
be3572f7-384e-4e9d-87dc-1e5075df5b1c<%|%>3e3e3a1d-7420-4b97-8730-d454f9080569<%|%>
80ad38a3-76ce-428f-9b58-3934da9f3ca7<%|%>3e3e3a1d-7420-4b97-8730-d454f9080569<%|%>
e03a9580-b1e5-4122-a8d2-031492b29e28<%|%>3e3e3a1d-7420-4b97-8730-d454f9080569<%|%>
9dc44515-99c3-4174-89be-ff77079ff448<%|%>3e3e3a1d-7420-4b97-8730-d454f9080569<%|%>
57ad4423-d0db-4578-a81f-f1046c01aa11<%|%>3e3e3a1d-7420-4b97-8730-d454f9080569<%|%>
22dfe01c-6a00-42c9-92b7-b8c67519f78a<%|%>1917e388-78c5-432d-b924-86498d652dc9<%|%>
6c908715-b149-4e86-ada2-e4672b2ea0a5<%|%>1917e388-78c5-432d-b924-86498d652dc9<%|%>
73a51d68-8652-45aa-942c-94a75cdd2242<%|%>1917e388-78c5-432d-b924-86498d652dc9<%|%>
8c5c0915-4950-47d3-8a7e-d7939492fa5e<%|%>1917e388-78c5-432d-b924-86498d652dc9<%|%>
545361c0-ce45-4400-99c9-f0ff0e0540bf<%|%>1917e388-78c5-432d-b924-86498d652dc9<%|%>
6383fcee-922c-4097-a45e-245a36fae372<%|%>1917e388-78c5-432d-b924-86498d652dc9<%|%>
cd63d651-db57-4d89-83f6-4db935278643<%|%>1917e388-78c5-432d-b924-86498d652dc9<%|%>
40a8a044-dad6-444e-8cb6-f4938c114d7f<%|%>1917e388-78c5-432d-b924-86498d652dc9<%|%>
2c918e14-4c31-4460-9c61-2943298eb080<%|%>1917e388-78c5-432d-b924-86498d652dc9<%|%>
e5805fc0-f24a-46d5-bf8a-30216db53b82<%|%>1917e388-78c5-432d-b924-86498d652dc9<%|%>
5c4cfcdf-87cc-4328-8f11-feca27009906<%|%>1917e388-78c5-432d-b924-86498d652dc9<%|%>
a7c8aafc-2135-4545-b2ab-5456097f38d0<%|%>1917e388-78c5-432d-b924-86498d652dc9<%|%>
da683514-068d-411a-bcfc-1ed3f51192f8<%|%>1917e388-78c5-432d-b924-86498d652dc9<%|%>
d6a7c7ab-f29f-4eac-a6b6-20b27b2736b9<%|%>1917e388-78c5-432d-b924-86498d652dc9<%|%>
f09befcc-1ea8-4617-91cd-24ce5c839088<%|%>1917e388-78c5-432d-b924-86498d652dc9<%|%>
f7d8bff3-525c-45ec-8fac-0a22afc2e413<%|%>1917e388-78c5-432d-b924-86498d652dc9<%|%>
7083d47d-84c2-44c7-97b8-0884eb96a329<%|%>6f398b56-b21f-4e8b-9637-ed85b609975e<%|%>
0ee615fd-88a8-49d1-8636-8fa324077e00<%|%>6f398b56-b21f-4e8b-9637-ed85b609975e<%|%>
f8e85131-ffbc-47d2-a552-16ce6a046aa0<%|%>07b445f1-6e5a-4029-af9f-f6ffbd3161c2<%|%>
63fc7d94-dc62-442f-b57b-2c46137c3aa4<%|%>2fd75e9f-c05c-4291-a45c-37c5d8079c8b<%|%>
6f5d0f9f-76f2-4768-9cbd-0a554a5f8d32<%|%>5106825a-51a6-441e-b6a5-41697f94fd19<%|%>
458548e9-8867-46c8-b1ba-645860b6ae31<%|%>07b445f1-6e5a-4029-af9f-f6ffbd3161c2<%|%>
dbabb430-deb9-4f30-911f-cd7bda7ed6cd<%|%>952242e0-94df-40ae-b6b6-0587be2fe93f<%|%>
f509dd4f-784c-404f-95f3-017685201ac5<%|%>98d3f95c-e28b-458d-82a3-ee31e33abdd8<%|%>
d9e59538-7ab1-4bfe-9c64-3d9a44e59b5f<%|%>0d8f908c-db43-4b8e-9f2c-fb143d3208b3<%|%>
e1cfe59b-e796-4068-a879-b3777b40ae44<%|%>0d8f908c-db43-4b8e-9f2c-fb143d3208b3<%|%>
a94c878b-c5a0-4be2-bee3-e4750e2dc552<%|%>0d8f908c-db43-4b8e-9f2c-fb143d3208b3<%|%>
3c6a8d6d-2349-4f7e-9a03-b8c5f274c3a2<%|%>0d8f908c-db43-4b8e-9f2c-fb143d3208b3<%|%>
7aa48a50-9c16-4d12-8259-dc8879745dbb<%|%>6a24b766-1481-403c-a9f6-9ff2cb7ca319<%|%>
fa440759-e7be-48ae-90cf-5d551f25f11a<%|%>38ed3ba9-247d-4937-9cfe-cd7f49a90bc7<%|%>
3c759b97-9f1d-48b7-9989-3cbe5fade5e2<%|%>1917e388-78c5-432d-b924-86498d652dc9<%|%>
4f944567-5b07-4a7d-98b2-8b521bebcbd9<%|%>3e3e3a1d-7420-4b97-8730-d454f9080569<%|%>
072e59ad-99c2-4cbe-90a0-dd3112ccd826<%|%>3e3e3a1d-7420-4b97-8730-d454f9080569<%|%>
c8af07c0-e65c-4c35-8a4d-cb34518defac<%|%>1cf69735-d66f-4b21-82a5-0954a952a80d<%|%>
8d4f360a-9e60-4bd5-8668-8349a01f1a53<%|%>f3995fbc-4e82-403d-99db-7342257323f4<%|%>
2b66a14f-5d25-49e2-ba56-1de355f885f4<%|%>f3995fbc-4e82-403d-99db-7342257323f4<%|%>
d8ee6a04-5aca-497f-b910-3f597900db6a<%|%>f3995fbc-4e82-403d-99db-7342257323f4<%|%>
a4c8da7e-0696-4d95-9e1e-1edbbd7ae469<%|%>38ed3ba9-247d-4937-9cfe-cd7f49a90bc7<%|%>
8e42fc3a-e1a6-4e8d-8888-e5dddbecd9aa<%|%>b5a2818d-dccd-4b61-82e3-966caf635f42<%|%>
dabb8049-c32f-462c-ad0d-927b962a4a2c<%|%>38ed3ba9-247d-4937-9cfe-cd7f49a90bc7<%|%>
961439d9-8329-4c9f-84ac-527c3259fba9<%|%>38ed3ba9-247d-4937-9cfe-cd7f49a90bc7<%|%>
912f50a6-74af-40f4-b441-166f121a1672<%|%>07b445f1-6e5a-4029-af9f-f6ffbd3161c2<%|%>
82222445-8ccf-4484-9294-12c8d292d23a<%|%>09610378-70a7-4232-9b5f-a9f3e365d489<%|%>
fbfc4f51-7774-43fb-a676-48bc861b17fb<%|%>95c9c004-0519-4d6e-871c-aff1f0b98561<%|%>
7512f832-0e92-4826-ba6f-adc33f80544a<%|%>3e3e3a1d-7420-4b97-8730-d454f9080569<%|%>
f970e751-79de-4c64-8b02-4044c9712246<%|%>3e3e3a1d-7420-4b97-8730-d454f9080569<%|%>
d0af4183-2df1-4603-815c-bb5c1f1fbde2<%|%>3e3e3a1d-7420-4b97-8730-d454f9080569<%|%>
ae0fbd96-7d84-4238-99a2-5907f31a939f<%|%>07b445f1-6e5a-4029-af9f-f6ffbd3161c2<%|%>
e7f29db8-864d-464c-be48-091b26a1f59b<%|%>9cc8fa2b-8e9f-44b8-9260-518445366356<%|%>
a5d7c3f1-477d-4362-8512-11703dcdff3a<%|%>9cc8fa2b-8e9f-44b8-9260-518445366356<%|%>
445e0df7-1c90-45bc-a953-42f7f857a6e4<%|%>3e3e3a1d-7420-4b97-8730-d454f9080569<%|%>
324bc8c5-ddca-44c6-87fc-a18fe5181f01<%|%>3e3e3a1d-7420-4b97-8730-d454f9080569<%|%>
5580dead-05b8-46ef-b1f8-740ff53ad243<%|%>3e3e3a1d-7420-4b97-8730-d454f9080569<%|%>
0f31640c-2bf0-497d-b66d-1c7e88f581bf<%|%>07b445f1-6e5a-4029-af9f-f6ffbd3161c2<%|%>
7dbadcb1-0947-4d30-a861-18d53f61c439<%|%>ab5bf2bf-1fad-40f9-8894-44d43e864e3e<%|%>
808b9699-dba6-49f5-9a21-2cb21c5451f3<%|%>365b6449-251d-47eb-891d-1c56ee4079f9<%|%>
4b552e2d-ac88-45c6-9503-d27e4b09f757<%|%>07b445f1-6e5a-4029-af9f-f6ffbd3161c2<%|%>
368a9cda-7ce6-48b3-b959-c998f40c85e8<%|%>09610378-70a7-4232-9b5f-a9f3e365d489<%|%>
87120c19-f044-4d55-b9a9-dc402f47656a<%|%>58bf9cae-8a0f-446d-afa8-9a565bc3e7c0<%|%>
1c8b8da2-fa15-4069-97d3-61d7094f3565<%|%>38ed3ba9-247d-4937-9cfe-cd7f49a90bc7<%|%>
1012354d-3b02-4e1d-a1cc-962af055913e<%|%>38ed3ba9-247d-4937-9cfe-cd7f49a90bc7<%|%>
54a7b1f8-929c-454a-960c-cad00ff8e18a<%|%>38ed3ba9-247d-4937-9cfe-cd7f49a90bc7<%|%>
007d77fa-ee80-468d-894a-646ff2173942<%|%>2fd75e9f-c05c-4291-a45c-37c5d8079c8b<%|%>
eae1abf9-d543-4513-b37b-a3ddef25cfd3<%|%>38ed3ba9-247d-4937-9cfe-cd7f49a90bc7<%|%>
3fe98a99-2c61-40bd-975c-a4eaab27ab76<%|%>838ffc5c-9243-4de6-b8b3-39409f501644<%|%>
714b2c2e-be52-4a52-81ba-7a3e173c13cc<%|%>f3995fbc-4e82-403d-99db-7342257323f4<%|%>
bc4d8ca0-2606-4d9c-9e83-82d95cfdcd62<%|%>38ed3ba9-247d-4937-9cfe-cd7f49a90bc7<%|%>
c076b1a8-a3c2-4852-b81d-49fd3f9c8238<%|%>98d3f95c-e28b-458d-82a3-ee31e33abdd8<%|%>
0d67617c-667c-4cf9-8937-3e5cf0ee2629<%|%>1917e388-78c5-432d-b924-86498d652dc9<%|%>
5ef4a826-6ac0-48cd-a899-b650318d6e89<%|%>38ed3ba9-247d-4937-9cfe-cd7f49a90bc7<%|%>
11eda007-d8df-4800-a72b-633ddbe004e7<%|%>0d8f908c-db43-4b8e-9f2c-fb143d3208b3<%|%>
dcb820a2-779e-467c-8e31-209746412314<%|%>0d8f908c-db43-4b8e-9f2c-fb143d3208b3<%|%>
4df074f3-f065-476e-a1f5-3bd6a12b9d0f<%|%>0d8f908c-db43-4b8e-9f2c-fb143d3208b3<%|%>
1124ac96-d77a-4cd2-addd-ad6256c868d1<%|%>bb22f964-32aa-4871-affa-fa4e334b00d7<%|%>
e0d745b6-dcd7-48b1-817a-9d39e29ca30d<%|%>52efc218-819b-4de5-af63-cbd84679c375<%|%>
276748a4-f4cc-459c-8306-422b7c4050aa<%|%>1917e388-78c5-432d-b924-86498d652dc9<%|%>
3625051d-b2a7-47aa-97d4-613341214054<%|%>09610378-70a7-4232-9b5f-a9f3e365d489<%|%>
88b3c0fa-d320-48a0-8f0e-e8a9dd8d6797<%|%>1917e388-78c5-432d-b924-86498d652dc9<%|%>
edc7cf00-0586-4784-ade6-f809b27b9e25<%|%>95c9c004-0519-4d6e-871c-aff1f0b98561<%|%>
22bbb289-0a98-4afd-a57f-837ac721f353<%|%>58e1f1fb-6648-43a5-8c3b-8d622d6be6a2<%|%>
acdf5e69-b0ba-4c42-aae7-45a43b8fb860<%|%>07b445f1-6e5a-4029-af9f-f6ffbd3161c2<%|%>
439e959a-58a3-4328-9435-2fa1686f6501<%|%>365b6449-251d-47eb-891d-1c56ee4079f9<%|%>
94821cdf-56aa-4dfd-999a-90ceb592a429<%|%>07b445f1-6e5a-4029-af9f-f6ffbd3161c2<%|%>
c95c880c-a104-49a9-b1b5-84e5060868b5<%|%>07b445f1-6e5a-4029-af9f-f6ffbd3161c2<%|%>
b95a1a66-fd18-4211-9e7d-7bbb5fbb2a44<%|%>f2830962-b9f9-4c65-b08f-52112b75fd71<%|%>
c469b209-81fd-42f1-86f7-3dbe63a5004b<%|%>09610378-70a7-4232-9b5f-a9f3e365d489<%|%>
c50f6147-21db-485b-84f5-8d389cb873eb<%|%>31082408-5390-4caa-adc6-e219a6ebef88<%|%>
5fdc8390-f7ec-4e4f-b43e-0e0a851cfa27<%|%>07b445f1-6e5a-4029-af9f-f6ffbd3161c2<%|%>
c01363cf-ed23-40dc-b734-5083d264f1b7<%|%>38ed3ba9-247d-4937-9cfe-cd7f49a90bc7<%|%>
0300ce20-c4a8-4c78-91d8-8d2973629d73<%|%>6c154d94-d7bf-41bd-b1f7-f0c505ce27c1<%|%>
249dcb43-9bc6-48c2-980b-4e30f764254a<%|%>bfc6235e-4f64-4911-bc72-4a0dbb1e549f<%|%>
6465cd85-dd01-4773-81ba-12091b0f4685<%|%>bfc6235e-4f64-4911-bc72-4a0dbb1e549f<%|%>
2807ff2f-f9f4-4c43-a8ea-54e5ea2ad3e1<%|%>bfc6235e-4f64-4911-bc72-4a0dbb1e549f<%|%>
9901ec36-9eef-4a7a-a719-60b426261018<%|%>bfc6235e-4f64-4911-bc72-4a0dbb1e549f<%|%>
51512619-736d-4b3d-904e-7f667d961c54<%|%>3e3e3a1d-7420-4b97-8730-d454f9080569<%|%>
38d9fbfe-5d4f-4ba3-a383-a6583a8d5fd2<%|%>3e3e3a1d-7420-4b97-8730-d454f9080569<%|%>
45da9078-ac19-4e5b-8feb-7b64945bdd78<%|%>3e3e3a1d-7420-4b97-8730-d454f9080569<%|%>
84bfae2c-02d2-41e4-ac16-4e786908e7c6<%|%>3e3e3a1d-7420-4b97-8730-d454f9080569<%|%>
7bed6366-b564-4570-b4f3-c2bfcc8817bf<%|%>07b445f1-6e5a-4029-af9f-f6ffbd3161c2<%|%>
603b4f2c-6729-4f85-8f36-544e4026aed5<%|%>3e3e3a1d-7420-4b97-8730-d454f9080569<%|%>
d1735d84-01b6-40b4-9dff-bca945c98490<%|%>3e3e3a1d-7420-4b97-8730-d454f9080569<%|%>
687b5465-b4ae-4032-aece-1161e3ed4e22<%|%>3e3e3a1d-7420-4b97-8730-d454f9080569<%|%>
bdbb8793-9062-461e-aedb-7c7c72bf71fa<%|%>3e3e3a1d-7420-4b97-8730-d454f9080569<%|%>
1f98b361-4f58-4197-a8d6-7ecbca357c85<%|%>3e3e3a1d-7420-4b97-8730-d454f9080569<%|%>
d47bbb96-48d5-4f0d-9abe-8b162c8d2a57<%|%>3e3e3a1d-7420-4b97-8730-d454f9080569<%|%>
63ef1552-0136-4de1-bf04-678a1c56ab1b<%|%>09610378-70a7-4232-9b5f-a9f3e365d489<%|%>
9b2dd619-14fd-464e-ae15-78dd5f2becec<%|%>38ed3ba9-247d-4937-9cfe-cd7f49a90bc7<%|%>
d3f53b56-6253-4c6b-a091-d0c6c9878b10<%|%>07b445f1-6e5a-4029-af9f-f6ffbd3161c2<%|%>
1f6561c8-6daf-4429-888e-05cf38419bac<%|%>38ed3ba9-247d-4937-9cfe-cd7f49a90bc7<%|%>
38af5dd4-7d53-4b50-8b8a-3d166fa1cb74<%|%>07b445f1-6e5a-4029-af9f-f6ffbd3161c2<%|%>
417cbffc-aee2-4c56-b038-ea10fa45ac12<%|%>3e3e3a1d-7420-4b97-8730-d454f9080569<%|%>
bcd130a7-a156-4445-836e-bf080352522b<%|%>6f398b56-b21f-4e8b-9637-ed85b609975e<%|%>
f436c1e6-dfe9-45d9-b8f5-4099970170e7<%|%>6f398b56-b21f-4e8b-9637-ed85b609975e<%|%>
60bd70ff-6be7-4f6c-b29d-967e4225ac03<%|%>07b445f1-6e5a-4029-af9f-f6ffbd3161c2<%|%>
926cdcad-e431-438b-94ac-cb9ae4983de2<%|%>6f398b56-b21f-4e8b-9637-ed85b609975e<%|%>
2ea5eed9-e0e3-4e57-baee-77758675003f<%|%>6f398b56-b21f-4e8b-9637-ed85b609975e<%|%>
ad920644-40a1-4a18-ab67-bca4332ca047<%|%>6f398b56-b21f-4e8b-9637-ed85b609975e<%|%>
be57ff56-9178-4cd3-b7ff-1124d4bd3b25<%|%>07b445f1-6e5a-4029-af9f-f6ffbd3161c2<%|%>
3d710d46-47f2-43fa-8a74-244bca66ea97<%|%>d590fece-761c-4fc1-bdba-e48e4b75072c<%|%>
8b693b2c-5ea8-4e01-b803-179dc442ef51<%|%>ad7d0db2-a217-47d3-8f02-a77e606c6725<%|%>
47098700-3689-440b-908e-f22b6b62ff37<%|%>38ed3ba9-247d-4937-9cfe-cd7f49a90bc7<%|%>
421c6de6-760f-4f70-ba64-109452e04d65<%|%>38ed3ba9-247d-4937-9cfe-cd7f49a90bc7<%|%>
7805324d-0447-4be7-9bdf-3b214fe0a223<%|%>38ed3ba9-247d-4937-9cfe-cd7f49a90bc7<%|%>
8506a8ce-6e95-454c-aabe-23361c7dea60<%|%>38ed3ba9-247d-4937-9cfe-cd7f49a90bc7<%|%>
e2868df2-050b-4f63-ad6a-6cc87e2569c9<%|%>38ed3ba9-247d-4937-9cfe-cd7f49a90bc7<%|%>
54f4de83-3f40-46a9-8cc0-b2bea89143ce<%|%>38ed3ba9-247d-4937-9cfe-cd7f49a90bc7<%|%>
bdfa55a5-9be3-4253-98e7-fa1b01c5f69d<%|%>ad7d0db2-a217-47d3-8f02-a77e606c6725<%|%>
b7388561-1e61-4913-be38-95d79eff35ce<%|%>38ed3ba9-247d-4937-9cfe-cd7f49a90bc7<%|%>
571720d9-7878-4d89-8166-425a3a043977<%|%>838ffc5c-9243-4de6-b8b3-39409f501644<%|%>
a65dc077-d601-40ae-b575-9638dd0e4eb5<%|%>f2830962-b9f9-4c65-b08f-52112b75fd71<%|%>
77135f10-7b77-4f99-923d-babf800a71be<%|%>f2830962-b9f9-4c65-b08f-52112b75fd71<%|%>
473c3f8c-31a5-47b3-a224-cdf513348b3c<%|%>38ed3ba9-247d-4937-9cfe-cd7f49a90bc7<%|%>
e8d19714-fa58-47d1-9842-728dc81dc587<%|%>07b445f1-6e5a-4029-af9f-f6ffbd3161c2<%|%>
1b4ba031-ec7a-408d-b4e0-0bcaf6d96a9a<%|%>09610378-70a7-4232-9b5f-a9f3e365d489<%|%>
f70c50ee-c241-4633-aee9-76beb70d0988<%|%>bb22f964-32aa-4871-affa-fa4e334b00d7<%|%>
28ea04d1-48f9-407d-b1cc-0a974cd5f349<%|%>6f398b56-b21f-4e8b-9637-ed85b609975e<%|%>
31f2fdeb-d061-46cf-909a-32a5f70e217f<%|%>07b445f1-6e5a-4029-af9f-f6ffbd3161c2<%|%>
a91633f1-75dd-41c5-8aa4-96792a6f25ce<%|%>ee1f9637-dfd9-4a32-a52a-2417c673bde4<%|%>
811b4c57-dcfd-487a-aa10-9ec0c3672c5f<%|%>ee1f9637-dfd9-4a32-a52a-2417c673bde4<%|%>
c5599402-2dfb-41f0-90d6-61262adb006b<%|%>95c9c004-0519-4d6e-871c-aff1f0b98561<%|%>
aa83c60b-1709-461d-a91a-e86c3bf54ef6<%|%>95c9c004-0519-4d6e-871c-aff1f0b98561<%|%>
113af9cb-cfc9-4b9d-aab1-9dba95f0f7f8<%|%>07b445f1-6e5a-4029-af9f-f6ffbd3161c2<%|%>
a8c89e08-85f5-4b4d-a273-da733a85c64e<%|%>07b445f1-6e5a-4029-af9f-f6ffbd3161c2<%|%>
12792e95-1396-4f23-934f-5d1e674534f4<%|%>f6e18e8e-ad1f-4ca1-8ed7-c3281a127181<%|%>
c1a870cf-d1bb-4dd2-931b-35259d3048bd<%|%>f6e18e8e-ad1f-4ca1-8ed7-c3281a127181<%|%>
8d0234ac-9fc7-4844-a9a4-f03eb4b9de8b<%|%>f6e18e8e-ad1f-4ca1-8ed7-c3281a127181<%|%>
ee369421-7904-4fd8-9887-ebeef8198fac<%|%>f6e18e8e-ad1f-4ca1-8ed7-c3281a127181<%|%>
0a8ded87-a997-4dbe-83b6-b3081eb63ffb<%|%>07b445f1-6e5a-4029-af9f-f6ffbd3161c2<%|%>
85c9c7a1-51f4-489f-97f8-8d30dfe24a51<%|%>6f398b56-b21f-4e8b-9637-ed85b609975e<%|%>
38f76d37-6286-4f66-874b-ff709d291d6e<%|%>ab5bf2bf-1fad-40f9-8894-44d43e864e3e<%|%>
bac1c063-1af7-44ea-b1e9-60f628b6a709<%|%>f6e18e8e-ad1f-4ca1-8ed7-c3281a127181<%|%>
1da65a2e-7f35-4041-ba52-1e75a5e397fb<%|%>f6e18e8e-ad1f-4ca1-8ed7-c3281a127181<%|%>
981f911e-443a-4f1c-90a1-1ca3908f8393<%|%>f6e18e8e-ad1f-4ca1-8ed7-c3281a127181<%|%>
6ac9c538-99e7-4a30-90c7-94ca70a8288f<%|%>d590fece-761c-4fc1-bdba-e48e4b75072c<%|%>
e1f77d2a-5aad-426f-abd7-76f7cfa65ac9<%|%>07b445f1-6e5a-4029-af9f-f6ffbd3161c2<%|%>
61599fad-201c-45e9-8238-ca945b172470<%|%>07b445f1-6e5a-4029-af9f-f6ffbd3161c2<%|%>
f9e9853b-30dd-4715-971a-a222e91f3eb1<%|%>07b445f1-6e5a-4029-af9f-f6ffbd3161c2<%|%>
21cc5746-2a71-449a-b9e1-0b0a650a0b48<%|%>07b445f1-6e5a-4029-af9f-f6ffbd3161c2<%|%>
456fa91b-84a3-4c22-957e-954844968a82<%|%>5cfd6f82-add8-4514-ab36-0a5d471f4eff<%|%>
fdb23e08-d26c-4890-add8-3eb3b6a814ef<%|%>e1156f7d-5c78-4ea3-ae28-b38ddb40e0db<%|%>
80745a90-2b6b-40f8-9c5d-dee484f55a72<%|%>07b445f1-6e5a-4029-af9f-f6ffbd3161c2<%|%>
84e71010-2d8c-4cb8-8d18-6a2a5f2e88fa<%|%>07b445f1-6e5a-4029-af9f-f6ffbd3161c2<%|%>
34dbc136-aa04-484a-8cd6-67f44229ad2c<%|%>07b445f1-6e5a-4029-af9f-f6ffbd3161c2<%|%>
09b55718-8dc8-4ca4-a172-92d4106f3c30<%|%>365b6449-251d-47eb-891d-1c56ee4079f9<%|%>
3abfb2c3-b2a1-489f-beb0-b091bee06cb8<%|%>365b6449-251d-47eb-891d-1c56ee4079f9<%|%>
dc43ef23-ccb2-43ae-a1fb-abae81629703<%|%>07b445f1-6e5a-4029-af9f-f6ffbd3161c2<%|%>
63bb14c7-f7dd-4331-92fa-12fdcb1f0d7e<%|%>07b445f1-6e5a-4029-af9f-f6ffbd3161c2<%|%>
bffde651-87d3-4893-a28d-8f91c645a2ae<%|%>07b445f1-6e5a-4029-af9f-f6ffbd3161c2<%|%>
97d6d777-c41f-450c-9a3f-9dd7a183b822<%|%>07b445f1-6e5a-4029-af9f-f6ffbd3161c2<%|%>
45fd308a-b3a2-4003-9308-1eee942fa08c<%|%>07b445f1-6e5a-4029-af9f-f6ffbd3161c2<%|%>
1a0dc354-e047-4cfe-9439-78fd08e0658d<%|%>365b6449-251d-47eb-891d-1c56ee4079f9<%|%>
b7404d12-d4e9-47e8-8d13-6bab472091c2<%|%>c5f1a22b-713c-478e-bd97-b7a5cbebd251<%|%>
e6c29f59-7118-4122-85c4-2b35861a9925<%|%>07b445f1-6e5a-4029-af9f-f6ffbd3161c2<%|%>
55ee5eaf-d1ec-44c3-b29d-e85e7d7ca15e<%|%>07b445f1-6e5a-4029-af9f-f6ffbd3161c2<%|%>
9d2ec924-d3a3-4bcf-b708-025c6f3915e5<%|%>07b445f1-6e5a-4029-af9f-f6ffbd3161c2<%|%>
bf4e4554-c25e-4d8a-995e-e8e11f0d6641<%|%>1ac7025b-d16f-4016-9826-7e357f9df4c4<%|%>
0338c7d3-6817-44cd-96b6-2479303f9595<%|%>f2830962-b9f9-4c65-b08f-52112b75fd71<%|%>
0a113733-f82e-4f92-bc3b-7c202e00bf17<%|%>e6a91997-dbbf-4951-95e9-3939a5ac86ee<%|%>
bd358eb6-e0bf-4025-8c8a-32a7da0b2671<%|%>07b445f1-6e5a-4029-af9f-f6ffbd3161c2<%|%>
3b1c01de-b544-4c46-bf3f-9480ec1ef3f7<%|%>31082408-5390-4caa-adc6-e219a6ebef88<%|%>
869bedf9-4e32-4307-b87b-53f6d3be1655<%|%>5b46a29d-0405-4a5d-83f7-9b6c0954b3f2<%|%>
094fef2f-f98d-49f9-9dba-066be5a2709a<%|%>07b445f1-6e5a-4029-af9f-f6ffbd3161c2<%|%>
2fecf97b-06f9-4df0-bb23-2dcc4b426a9f<%|%>07b445f1-6e5a-4029-af9f-f6ffbd3161c2<%|%>
646b4d3d-950f-4954-b81f-1bd4236dd54c<%|%>6f398b56-b21f-4e8b-9637-ed85b609975e<%|%>
bfe64567-2b47-4448-b770-8872c25ea9a9<%|%>391d2c17-8ff9-4bc6-8f1f-07fa36fca006<%|%>
7aafe029-f2ea-4366-b65b-e979486cbf46<%|%>1ac7025b-d16f-4016-9826-7e357f9df4c4<%|%>
bd97f6c7-655f-4a7b-83b1-e4843ee8bed0<%|%>07b445f1-6e5a-4029-af9f-f6ffbd3161c2<%|%>
c24c9df3-42f7-4c73-96b0-cc65af221523<%|%>f124bb79-c466-445c-bdbc-4278fc83b5e0<%|%>
99525f21-527b-4f07-9e8a-ac2c136fdccd<%|%>a6d0650c-07d3-4400-a385-2ece01b7c2fe<%|%>
d0b4bffe-60db-4a9d-aab3-8d11a25e4fe9<%|%>58e1f1fb-6648-43a5-8c3b-8d622d6be6a2<%|%>
391e4bc8-4633-469e-addd-fbe255e80494<%|%>f2830962-b9f9-4c65-b08f-52112b75fd71<%|%>
490f6190-4314-492d-9e94-c5f0009737a5<%|%>f124bb79-c466-445c-bdbc-4278fc83b5e0<%|%>
b4c5014c-cdd5-4429-9436-980c013ebc98<%|%>09610378-70a7-4232-9b5f-a9f3e365d489<%|%>
89cbfe9c-0657-4a3e-afd5-e309e2f526b9<%|%>f124bb79-c466-445c-bdbc-4278fc83b5e0<%|%>
cf98690c-9484-48b9-9b50-e694f0111987<%|%>bb22f964-32aa-4871-affa-fa4e334b00d7<%|%>
b89647df-763a-413c-9d0f-ca0c61f41d3e<%|%>f124bb79-c466-445c-bdbc-4278fc83b5e0<%|%>
722dc189-10e3-4d3b-b389-4872298952e9<%|%>f124bb79-c466-445c-bdbc-4278fc83b5e0<%|%>
5d1b538b-9cf1-4f10-9098-089755fde539<%|%>1cf69735-d66f-4b21-82a5-0954a952a80d<%|%>
5752ead9-83e2-4f95-8df7-84db6e1b839f<%|%>c7651cd7-c1da-44bf-b9d7-a41e369aca73<%|%>
8ab3e6cb-9fe9-4907-9b18-4b2401ea7998<%|%>448a24fc-229e-4d2e-8382-22446aac34f1<%|%>
59b47ff3-604e-4f5d-859d-8f565f31af76<%|%>448a24fc-229e-4d2e-8382-22446aac34f1<%|%>
0bc42060-c4c5-4807-a686-3822419ec4f0<%|%>58e1f1fb-6648-43a5-8c3b-8d622d6be6a2<%|%>
76771fd5-6768-44cb-816d-1f173cc35da3<%|%>58e1f1fb-6648-43a5-8c3b-8d622d6be6a2<%|%>
4b68902c-6222-49fe-8e04-cb6942280e7c<%|%>58e1f1fb-6648-43a5-8c3b-8d622d6be6a2<%|%>
3b75a92f-7dc5-4d2b-9231-66e74dc39493<%|%>a6d0650c-07d3-4400-a385-2ece01b7c2fe<%|%>
8c7596e4-371d-4301-9d8d-7054f402d2d9<%|%>2cfa0fcc-281c-45d2-a7f3-a095aa1ccd6c<%|%>
4d9c19dc-071d-465e-83cf-91dc5e49547c<%|%>391d2c17-8ff9-4bc6-8f1f-07fa36fca006<%|%>
1da7ae5e-744a-4bd4-82c3-16c4836d66f0<%|%>07b445f1-6e5a-4029-af9f-f6ffbd3161c2<%|%>
8ba11099-54ce-4834-b143-6690bd9ef30c<%|%>bb22f964-32aa-4871-affa-fa4e334b00d7<%|%>
49653f57-3067-4649-be1b-c4b65e3b2e4a<%|%>d590fece-761c-4fc1-bdba-e48e4b75072c<%|%>
a18c9f8b-8b7b-43af-a7f3-5f1d853f7393<%|%>07b445f1-6e5a-4029-af9f-f6ffbd3161c2<%|%>
10428b2a-9066-4e47-a244-137d39e3c2d1<%|%>07b445f1-6e5a-4029-af9f-f6ffbd3161c2<%|%>
f7d88c8c-2917-41c0-bee9-5f7f24ea5324<%|%>1ac7025b-d16f-4016-9826-7e357f9df4c4<%|%>
96c8a656-5fd2-44f7-8307-0fcf84c1cdcc<%|%>07b445f1-6e5a-4029-af9f-f6ffbd3161c2<%|%>
3e20bfcc-300c-4e08-9238-c3f599fb8ded<%|%>f124bb79-c466-445c-bdbc-4278fc83b5e0<%|%>
b7ecc898-6b44-476c-babb-b8bb17e10665<%|%>8acb68c9-b58d-4788-a907-4923cf868527<%|%>
9b6046dc-3e81-497b-8b6f-5ccc429f0526<%|%>09610378-70a7-4232-9b5f-a9f3e365d489<%|%>
40fd4969-6ee5-42a4-a1a5-a0d22f8f261c<%|%>95c9c004-0519-4d6e-871c-aff1f0b98561<%|%>
5c945089-146a-4735-a54f-246e5fe5048b<%|%>2fff1059-7aa8-4ef8-b5db-697448480af0<%|%>
cd118b61-4ec9-499c-b8d5-2f837d1d2a66<%|%>95c9c004-0519-4d6e-871c-aff1f0b98561<%|%>
b61e4221-46ee-4253-a19f-15943a4223dd<%|%>95c9c004-0519-4d6e-871c-aff1f0b98561<%|%>
97ebccca-8765-4944-bfee-1d0fd844af95<%|%>205127e3-5c43-47a3-a5f7-68b1b92a8669<%|%>
8c3ff62b-6a3f-4e5c-95ab-508d7a21e4cb<%|%>95c9c004-0519-4d6e-871c-aff1f0b98561<%|%>
b3db648e-8ad7-45cd-a1ac-0602452a1f07<%|%>205127e3-5c43-47a3-a5f7-68b1b92a8669<%|%>
41c2240a-55ec-439f-bc9a-9e58f479f381<%|%>391d2c17-8ff9-4bc6-8f1f-07fa36fca006<%|%>
f2b5e62c-3c52-4f30-a7ee-da8cc97cc9c7<%|%>448a24fc-229e-4d2e-8382-22446aac34f1<%|%>
2c042539-aa83-47bd-b04b-bfbfa80ca96f<%|%>58e1f1fb-6648-43a5-8c3b-8d622d6be6a2<%|%>
d125a398-f717-4446-949b-9049cf495a0c<%|%>58e1f1fb-6648-43a5-8c3b-8d622d6be6a2<%|%>
e3a9c5b1-6b7c-42f6-954f-cf7527b73a08<%|%>1ac7025b-d16f-4016-9826-7e357f9df4c4<%|%>
74a189a1-19a9-484d-a8e4-801f8ccd482f<%|%>dbbbdcf6-28b5-473f-a71c-123227674834<%|%>
fb1b8351-227f-4ca3-8d67-3d6d47ee48d2<%|%>99336f15-2a3a-44b9-b4bc-ddffc6e7d346<%|%>
b895b57d-b1f3-4dcc-88dc-da87dc224a65<%|%>205127e3-5c43-47a3-a5f7-68b1b92a8669<%|%>
0d06c50a-09bd-47f1-bc52-d7e9e4a14f52<%|%>07b445f1-6e5a-4029-af9f-f6ffbd3161c2<%|%>
80b05dc4-276c-447e-aee5-dfdda85c3b07<%|%>07b445f1-6e5a-4029-af9f-f6ffbd3161c2<%|%>
bf5a97df-4c41-431a-abe5-6f7dae5339f6<%|%>f2830962-b9f9-4c65-b08f-52112b75fd71<%|%>
baa08897-4561-403c-bbfb-c6a77a99429c<%|%>8e9fe002-5bd2-41a2-adb5-a24fafb94f02<%|%>
544cc341-868b-4ab2-977e-4328e8c736ab<%|%>abf3728c-ed52-49b6-a4f2-c854cae46679<%|%>
14737dee-461c-44e3-9f67-96312a3a9847<%|%>8de884b5-b8c5-444d-931b-e68831152911<%|%>
8a69998f-7195-44c4-a9b2-368ff0d93c65<%|%>07b445f1-6e5a-4029-af9f-f6ffbd3161c2<%|%>
20cf8c03-969a-4846-b019-9f65759e3ca0<%|%>07b445f1-6e5a-4029-af9f-f6ffbd3161c2<%|%>
0ad05669-4f3e-4bb0-93f0-fe2330be2cd3<%|%>07b445f1-6e5a-4029-af9f-f6ffbd3161c2<%|%>
78527fa1-5884-44bb-b1b3-f1ed58804143<%|%>07b445f1-6e5a-4029-af9f-f6ffbd3161c2<%|%>
7e2cb62c-7ee2-44c8-8d45-143c49bdc37d<%|%>07b445f1-6e5a-4029-af9f-f6ffbd3161c2<%|%>
0938664f-d0af-4cdf-9d77-cdcede2ddda5<%|%>f6e18e8e-ad1f-4ca1-8ed7-c3281a127181<%|%>
e4bd3fd8-4ea9-4148-9b50-f9856918d6cb<%|%>07b445f1-6e5a-4029-af9f-f6ffbd3161c2<%|%>
ceaa955a-dfa4-4709-8c12-61a42765154b<%|%>07b445f1-6e5a-4029-af9f-f6ffbd3161c2<%|%>
9bb423f1-de3f-4bbd-8722-21cfdde47cb0<%|%>1ac7025b-d16f-4016-9826-7e357f9df4c4<%|%>
a20c5143-8782-44d1-a9ba-52684648d7ef<%|%>365b6449-251d-47eb-891d-1c56ee4079f9<%|%>
54a2cbb2-0b84-48a4-81fa-a2ebd09fbdf6<%|%>07b445f1-6e5a-4029-af9f-f6ffbd3161c2<%|%>
ea506fc9-2ef2-405a-91f4-cd5613eb8817<%|%>07b445f1-6e5a-4029-af9f-f6ffbd3161c2<%|%>
53705a87-cc0c-4897-a3f4-5d54913c52b4<%|%>07b445f1-6e5a-4029-af9f-f6ffbd3161c2<%|%>
ebff8495-1cd2-49dc-b5ce-263265961218<%|%>07b445f1-6e5a-4029-af9f-f6ffbd3161c2<%|%>
a5d4738a-50b9-4bbc-ae75-3e6752b0a4ff<%|%>07b445f1-6e5a-4029-af9f-f6ffbd3161c2<%|%>
51110561-4219-4058-ba52-c4352836db57<%|%>07b445f1-6e5a-4029-af9f-f6ffbd3161c2<%|%>
493490dd-32b6-4bbe-9c7b-88e7c8a7ee96<%|%>07b445f1-6e5a-4029-af9f-f6ffbd3161c2<%|%>
d8dc77e1-ebf4-4960-880f-62be310196c1<%|%>07b445f1-6e5a-4029-af9f-f6ffbd3161c2<%|%>
7162d14a-6861-464f-9126-ee4b1d37fffe<%|%>07b445f1-6e5a-4029-af9f-f6ffbd3161c2<%|%>
3c6a119b-65c1-4981-a4b0-5d808eb5c12a<%|%>07b445f1-6e5a-4029-af9f-f6ffbd3161c2<%|%>
b97c655c-92b8-45f8-a951-fd72464c7047<%|%>31082408-5390-4caa-adc6-e219a6ebef88<%|%>
4cf61a14-138f-4d9f-90e3-77fa1d539360<%|%>58bf9cae-8a0f-446d-afa8-9a565bc3e7c0<%|%>
b31567c2-0b45-43c4-bd11-db7cb0751790<%|%>07b445f1-6e5a-4029-af9f-f6ffbd3161c2<%|%>
5fe002c0-1bfd-4cb6-a8bc-8ff6c697a32b<%|%>07b445f1-6e5a-4029-af9f-f6ffbd3161c2<%|%>
054ded47-03e4-480a-ae73-5b5c2bf923e4<%|%>07b445f1-6e5a-4029-af9f-f6ffbd3161c2<%|%>
5329580a-e703-4c2e-a86f-f61416e52b39<%|%>07b445f1-6e5a-4029-af9f-f6ffbd3161c2<%|%>
7c388217-93d4-491a-acda-bee527e5950e<%|%>07b445f1-6e5a-4029-af9f-f6ffbd3161c2<%|%>
93e14024-a5a5-4cdb-b224-ff4787f140d0<%|%>07b445f1-6e5a-4029-af9f-f6ffbd3161c2<%|%>
63db9d04-1501-400d-8ee3-b834e2d5cb9f<%|%>07b445f1-6e5a-4029-af9f-f6ffbd3161c2<%|%>
c3e87fab-acd9-41e1-878a-26884738e2da<%|%>a6d0650c-07d3-4400-a385-2ece01b7c2fe<%|%>
8c50c353-0d35-4f85-9310-295acc707575<%|%>bf08cec2-b722-4116-bcc0-19a7d1e6ee5f<%|%>
8a7113ba-9e6f-4e0e-bf17-bc3e8368626b<%|%>11c41da2-1b61-41fb-baa3-50b07e5d9984<%|%>
53942b84-2e56-4857-a007-512ac9775ed9<%|%>c5f1a22b-713c-478e-bd97-b7a5cbebd251<%|%>
de5290f2-9453-4841-aab3-043d7a4444f3<%|%>952242e0-94df-40ae-b6b6-0587be2fe93f<%|%>
e028c6c6-7ac3-4b20-b899-5babda6556fe<%|%>9243ed1f-97c2-4ebc-b7c2-43b0624fc160<%|%>
adffb0f9-0597-48c8-8138-1a9bfc24f4f5<%|%>a6d0650c-07d3-4400-a385-2ece01b7c2fe<%|%>
306924cd-dc59-4465-a5c8-1941aa8482bb<%|%>07b445f1-6e5a-4029-af9f-f6ffbd3161c2<%|%>
2bbbcbe0-dfb0-4631-81b9-51e0bd5ca2b0<%|%>abd638ba-205d-4018-85cd-6b031132c3ac<%|%>
9092bf2d-f91c-4af1-a149-0fc04b5e3041<%|%>bb22f964-32aa-4871-affa-fa4e334b00d7<%|%>
bf364b49-ac67-4ad8-9a9f-6fc38887a8ac<%|%>07b445f1-6e5a-4029-af9f-f6ffbd3161c2<%|%>
fdb273d8-7eb7-4b8d-80bc-ac5f41ad6287<%|%>8e9fe002-5bd2-41a2-adb5-a24fafb94f02<%|%>
1a9ed106-61bd-4009-9b28-3c71011112e4<%|%>8e9fe002-5bd2-41a2-adb5-a24fafb94f02<%|%>
df2f1049-f91b-4458-9411-66639901a191<%|%>07b445f1-6e5a-4029-af9f-f6ffbd3161c2<%|%>
9b2cca8f-e88d-4fa3-8e48-ba7b80b89682<%|%>c5f1a22b-713c-478e-bd97-b7a5cbebd251<%|%>
acede93c-8a7b-4794-8d36-27f1b5309116<%|%>a98bfc4b-2782-4a8f-984f-2a996198b78a<%|%>
4869ed53-0a92-4997-ba94-6c6c81b3fd3f<%|%>c5f1a22b-713c-478e-bd97-b7a5cbebd251<%|%>
397acaae-767e-46ca-a52e-ab4c80f944c7<%|%>09610378-70a7-4232-9b5f-a9f3e365d489<%|%>
fccce986-5342-4b92-a219-a1100b9432f3<%|%>09610378-70a7-4232-9b5f-a9f3e365d489<%|%>
9488b2e7-73da-4ede-8a0d-960da4a8cc7b<%|%>98d3f95c-e28b-458d-82a3-ee31e33abdd8<%|%>
85fd2e8f-8a2e-4331-881c-7f7a672d07b9<%|%>8e9fe002-5bd2-41a2-adb5-a24fafb94f02<%|%>
e60f0f12-0b29-4d6c-90be-0914c95e7800<%|%>b01e63d4-06f6-4732-94ce-1aaf0886309e<%|%>
1756ef07-cec3-42a1-b742-801ce3249c5f<%|%>c5f1a22b-713c-478e-bd97-b7a5cbebd251<%|%>
c14f9264-a7f5-4875-8292-a89c16f05b99<%|%>d5c4d32d-6ec3-478c-a57f-00781708c5bf<%|%>
68231357-77a9-4fa7-934d-2460912867ad<%|%>7887d249-5dbf-4adb-bf09-fd0dc089ba41<%|%>
d70eac97-65fd-4d73-998c-c8c0c4d0daab<%|%>c5f1a22b-713c-478e-bd97-b7a5cbebd251<%|%>
0f7a5edc-d3c7-4f6a-8183-bcea523606b2<%|%>58e1f1fb-6648-43a5-8c3b-8d622d6be6a2<%|%>
6f438463-f73f-4618-a242-9190660ecb68<%|%>58e1f1fb-6648-43a5-8c3b-8d622d6be6a2<%|%>
03aba783-e1df-4d2f-8b7f-f00781e33148<%|%>365b6449-251d-47eb-891d-1c56ee4079f9<%|%>
320045a7-e7d6-44d7-b799-7fc688b5983d<%|%>07b445f1-6e5a-4029-af9f-f6ffbd3161c2<%|%>
c223e7f2-e73e-46f1-b2f8-35db081db978<%|%>09610378-70a7-4232-9b5f-a9f3e365d489<%|%>
0ed572d7-39a4-422e-9a09-dfc72aa46ce0<%|%>07b445f1-6e5a-4029-af9f-f6ffbd3161c2<%|%>
49132f38-6743-4acc-a4a5-ad00c7d67888<%|%>07b445f1-6e5a-4029-af9f-f6ffbd3161c2<%|%>
0a95b81d-9629-4d45-826a-d3b268d953dc<%|%>bb22f964-32aa-4871-affa-fa4e334b00d7<%|%>
18a6edca-c9a7-4dc8-bd5b-10c7f1dcf56f<%|%>09610378-70a7-4232-9b5f-a9f3e365d489<%|%>
c0db481b-5190-4ce1-884c-07f40a620b6e<%|%>d590fece-761c-4fc1-bdba-e48e4b75072c<%|%>
76ed8c9e-b666-4922-9f3d-a770fcaa8657<%|%>95c9c004-0519-4d6e-871c-aff1f0b98561<%|%>
dae45f62-0fe9-4421-959c-cedc9e23851d<%|%>95c9c004-0519-4d6e-871c-aff1f0b98561<%|%>
46a5d5b4-8b60-4a56-b71c-b524d555716b<%|%>95c9c004-0519-4d6e-871c-aff1f0b98561<%|%>
6b0305ed-4d12-4e8a-b90f-aa25fc114478<%|%>95c9c004-0519-4d6e-871c-aff1f0b98561<%|%>
a801d489-1481-40af-9981-7cca5d13d6bd<%|%>6f398b56-b21f-4e8b-9637-ed85b609975e<%|%>
75201457-0fb6-4e67-a9a4-502b0a300697<%|%>07b445f1-6e5a-4029-af9f-f6ffbd3161c2<%|%>
95a2c2ff-de18-4e54-a8b7-b1fa2d3b0ca1<%|%>1cf69735-d66f-4b21-82a5-0954a952a80d<%|%>
0b1ce692-2eef-4157-a6ea-e8fbaf943c40<%|%>07b445f1-6e5a-4029-af9f-f6ffbd3161c2<%|%>
77be0767-904f-4bd7-ba65-67eba0b08d12<%|%>3f8da0f5-876d-4e33-851e-08574e8c5eb7<%|%>
8d259ddc-b1f9-49c3-b1c2-ec39880a115f<%|%>07b445f1-6e5a-4029-af9f-f6ffbd3161c2<%|%>
b7942b07-0036-4109-9dec-437569ea5415<%|%>07b445f1-6e5a-4029-af9f-f6ffbd3161c2<%|%>
001da446-6a46-418e-bb2b-6a367129f33b<%|%>07b445f1-6e5a-4029-af9f-f6ffbd3161c2<%|%>
7a8e819a-f198-4bc5-bde3-5d8939513b94<%|%>07b445f1-6e5a-4029-af9f-f6ffbd3161c2<%|%>
3b9754e3-f2e3-4246-a540-ce731f6ab859<%|%>09610378-70a7-4232-9b5f-a9f3e365d489<%|%>
9b14a757-9017-437b-872c-04ee4f1f0f01<%|%>1cf69735-d66f-4b21-82a5-0954a952a80d<%|%>
dc993b7e-8ead-4d80-8f0c-f05f174c1b06<%|%>07b445f1-6e5a-4029-af9f-f6ffbd3161c2<%|%>
0d50b1f3-4c5d-4d16-a26f-e4cce3ebbf74<%|%>95c9c004-0519-4d6e-871c-aff1f0b98561<%|%>
191df03d-5991-43cc-9bf9-e56f7e92fa03<%|%>07b445f1-6e5a-4029-af9f-f6ffbd3161c2<%|%>
1e74e0b0-ec33-4911-bbec-0cf1047acdff<%|%>07b445f1-6e5a-4029-af9f-f6ffbd3161c2<%|%>
0bb8a8d2-6ce6-43a2-acaf-03859536a1ce<%|%>07b445f1-6e5a-4029-af9f-f6ffbd3161c2<%|%>
17722b42-1441-4f42-bf54-860f4228602d<%|%>07b445f1-6e5a-4029-af9f-f6ffbd3161c2<%|%>
47c736d5-56da-4b20-ab52-6daafadce513<%|%>09610378-70a7-4232-9b5f-a9f3e365d489<%|%>
84bc182c-4dae-49bc-b35d-61ad0564cb42<%|%>07b445f1-6e5a-4029-af9f-f6ffbd3161c2<%|%>
7e0371a4-5c2a-4237-86aa-05cd00915684<%|%>07b445f1-6e5a-4029-af9f-f6ffbd3161c2<%|%>
d2caff0a-2f6f-429f-a6a0-dc879b9b6cd7<%|%>09610378-70a7-4232-9b5f-a9f3e365d489<%|%>
50d24ea3-596b-431a-923a-35b33022e8b5<%|%>01988aac-b573-42cc-ab57-ac6c55f22887<%|%>
5ffe65ad-859c-44b2-ac43-b6a5d8d6a547<%|%>f2830962-b9f9-4c65-b08f-52112b75fd71<%|%>
457d8b26-c51d-48e7-a28b-658edc19f96c<%|%>f2830962-b9f9-4c65-b08f-52112b75fd71<%|%>
610b5a7f-2fb4-480b-b5e6-1cbc3c704391<%|%>365b6449-251d-47eb-891d-1c56ee4079f9<%|%>
f8ddffbb-8e3a-40db-ab39-366649e74765<%|%>bb22f964-32aa-4871-affa-fa4e334b00d7<%|%>
e82c8202-eacc-48d9-b502-373d10a07840<%|%>07b445f1-6e5a-4029-af9f-f6ffbd3161c2<%|%>
e1cc2639-6c11-447e-a1cc-c8ede7614315<%|%>07b445f1-6e5a-4029-af9f-f6ffbd3161c2<%|%>
66ee9fcd-2f5d-42f6-ade3-c4d3d46ed758<%|%>07b445f1-6e5a-4029-af9f-f6ffbd3161c2<%|%>
d281b0f5-5ab4-452a-b367-84ffa5b63a9b<%|%>451b8fd8-23ef-45d9-aa89-7556d4fb924b<%|%>
3185c335-7ee6-4f75-a0c6-2a7393bc036f<%|%>2b5518dd-d03d-4794-a463-6f3c0425877c<%|%>
c2b81253-7c5c-457f-80b2-57ac19fa1b7f<%|%>6c154d94-d7bf-41bd-b1f7-f0c505ce27c1<%|%>
edcb6225-c82a-4747-8734-1f360ff3ea6b<%|%>6f398b56-b21f-4e8b-9637-ed85b609975e<%|%>
0cd346e3-7961-4c06-929a-d7263ee2049b<%|%>1cf69735-d66f-4b21-82a5-0954a952a80d<%|%>
98487c9a-ead9-4872-b010-023112f858f0<%|%>09610378-70a7-4232-9b5f-a9f3e365d489<%|%>
b10f5146-8266-4808-838d-cd5bed7c9ea8<%|%>07b445f1-6e5a-4029-af9f-f6ffbd3161c2<%|%>
7f072144-dd53-4145-85e2-b927fdbad444<%|%>09610378-70a7-4232-9b5f-a9f3e365d489<%|%>
ac3c4589-5e5c-4f4b-acda-7e2bdd1647d5<%|%>7887d249-5dbf-4adb-bf09-fd0dc089ba41<%|%>
59b1f507-32c7-43a8-9ba4-01ec40468710<%|%>07b445f1-6e5a-4029-af9f-f6ffbd3161c2<%|%>
17747b66-69d1-4c07-84d6-1c6aba196092<%|%>07b445f1-6e5a-4029-af9f-f6ffbd3161c2<%|%>
06f11ddb-9946-4a04-8f6c-74edf6c3bec1<%|%>95c9c004-0519-4d6e-871c-aff1f0b98561<%|%>
0a2ba651-0cf5-4dd2-b81a-a450400889c6<%|%>07b445f1-6e5a-4029-af9f-f6ffbd3161c2<%|%>
4254233c-b1fd-409e-ae5e-b9d3dd37e234<%|%>07b445f1-6e5a-4029-af9f-f6ffbd3161c2<%|%>
0ebaa78b-603a-4b55-bb36-f88dce8feb71<%|%>07b445f1-6e5a-4029-af9f-f6ffbd3161c2<%|%>
89fa215e-6a4d-4c89-9929-40078db52bf9<%|%>07b445f1-6e5a-4029-af9f-f6ffbd3161c2<%|%>
2a881ded-6264-4b65-a4e6-47652d298d95<%|%>07b445f1-6e5a-4029-af9f-f6ffbd3161c2<%|%>
ea8b2727-bbb2-4077-a30e-638551864f38<%|%>f32363af-77b1-4800-8bbb-55d4688b1123<%|%>
8f4c36be-2201-4d6e-8952-f38b4a659159<%|%>08d4a913-732f-4c94-ac6d-1013f44dba15<%|%>
9924b2ae-de37-4f17-a061-b2c3335a66ab<%|%>58bf9cae-8a0f-446d-afa8-9a565bc3e7c0<%|%>
ae11210e-4058-4a4e-8d31-6351c46ec5af<%|%>365b6449-251d-47eb-891d-1c56ee4079f9<%|%>
c91bf4c1-a9e9-4a8f-9cc8-4d6a5bf7ea24<%|%>07b445f1-6e5a-4029-af9f-f6ffbd3161c2<%|%>
567783da-32b3-4e9b-9b34-f5d65def083e<%|%>07b445f1-6e5a-4029-af9f-f6ffbd3161c2<%|%>
a1738c71-2c17-4b6e-9d7e-b57739614da7<%|%>07b445f1-6e5a-4029-af9f-f6ffbd3161c2<%|%>
359275f7-20f9-4771-9191-33e09f1bbbfd<%|%>07b445f1-6e5a-4029-af9f-f6ffbd3161c2<%|%>
9155ffbb-bdb0-4faa-be9a-0e0063993135<%|%>1ac7025b-d16f-4016-9826-7e357f9df4c4<%|%>
0f237ddb-d496-4fb8-ba57-972fd42b889b<%|%>07b445f1-6e5a-4029-af9f-f6ffbd3161c2<%|%>
90af6606-6d4b-41e6-ae6a-8f0454cd370e<%|%>448a24fc-229e-4d2e-8382-22446aac34f1<%|%>
0c50e46b-ee29-4f40-ab59-3ee3f270e36d<%|%>07b445f1-6e5a-4029-af9f-f6ffbd3161c2<%|%>
3e3071ed-db9b-4312-8c11-c3703080e90f<%|%>d590fece-761c-4fc1-bdba-e48e4b75072c<%|%>
22013597-2947-4d69-9558-34aaa50835a8<%|%>58bf9cae-8a0f-446d-afa8-9a565bc3e7c0<%|%>
090a6b1d-2f9f-4c85-b7a6-bb579d829748<%|%>448a24fc-229e-4d2e-8382-22446aac34f1<%|%>
93482dd7-b75e-4bd6-87c1-3dc6d380cf03<%|%>358eddb3-5591-4da7-9f73-46a2770fc092<%|%>
5a1011ad-7ee0-4de5-8b50-aed569fa134b<%|%>2fd75e9f-c05c-4291-a45c-37c5d8079c8b<%|%>
8dd18508-115b-4b57-8f44-31d8533ed8fe<%|%>2fd75e9f-c05c-4291-a45c-37c5d8079c8b<%|%>
7edecf9e-e6de-44b1-a2a3-48378792a512<%|%>ad7d0db2-a217-47d3-8f02-a77e606c6725<%|%>
f29280ba-deb6-475c-a0d5-87ba8e9e682a<%|%>838ffc5c-9243-4de6-b8b3-39409f501644<%|%>
40dc6011-9537-4b58-9298-b71d51801bb1<%|%>b4544c3f-8d14-49fc-acf9-d4344c7306b4<%|%>
292af29d-aa7d-41af-9c84-77e59c5f06f4<%|%>f2830962-b9f9-4c65-b08f-52112b75fd71<%|%>
95b20b62-2d64-4def-8159-32b050d35e69<%|%>f2830962-b9f9-4c65-b08f-52112b75fd71<%|%>
c9cb3d94-3397-454d-b722-7c1b60018eb5<%|%>1917e388-78c5-432d-b924-86498d652dc9<%|%>
062c2fae-2aa2-4d31-bf24-ff1c087398c9<%|%>1917e388-78c5-432d-b924-86498d652dc9<%|%>
f52e8886-9b06-44fb-9c66-7107a37234c2<%|%>1917e388-78c5-432d-b924-86498d652dc9<%|%>
2d294671-ebdb-486a-9766-c645478fc7ad<%|%>1917e388-78c5-432d-b924-86498d652dc9<%|%>
e63dac37-aecc-4e7f-ad7b-77104212fe0e<%|%>1917e388-78c5-432d-b924-86498d652dc9<%|%>
613546d9-103b-4b95-94f7-29f3a06f1caa<%|%>1917e388-78c5-432d-b924-86498d652dc9<%|%>
b8a28429-18c2-49c5-b189-08e580c9729c<%|%>1917e388-78c5-432d-b924-86498d652dc9<%|%>
ff0e151d-aa52-4bc2-8f2f-537e67376a7f<%|%>1917e388-78c5-432d-b924-86498d652dc9<%|%>
7d0b4ae7-0e0e-4444-82cd-68eebea458f9<%|%>1917e388-78c5-432d-b924-86498d652dc9<%|%>
0dca0d0d-204f-465f-ac87-d7891201619d<%|%>1917e388-78c5-432d-b924-86498d652dc9<%|%>
059b1cd3-1ebc-420a-a9e2-eee1702b1f73<%|%>01988aac-b573-42cc-ab57-ac6c55f22887<%|%>
d9d681da-c639-4d4a-9ebb-cf868b566a81<%|%>1ac7025b-d16f-4016-9826-7e357f9df4c4<%|%>
396590be-d5fe-4104-8bc9-cb28393c3170<%|%>1ac7025b-d16f-4016-9826-7e357f9df4c4<%|%>
d4637157-5756-47fe-84b4-dccedf41541d<%|%>1917e388-78c5-432d-b924-86498d652dc9<%|%>
dc26d716-3c64-46ab-9187-237ce6fff147<%|%>1917e388-78c5-432d-b924-86498d652dc9<%|%>
b8e47c30-b4ef-4b4a-b350-3caf48d6dd31<%|%>1917e388-78c5-432d-b924-86498d652dc9<%|%>
55646e32-4c7a-4094-b332-091bc4f6e361<%|%>1917e388-78c5-432d-b924-86498d652dc9<%|%>
64a5a67c-acfc-47a2-a4b8-8204f6ee6fdd<%|%>1917e388-78c5-432d-b924-86498d652dc9<%|%>
a2c720a6-89b5-4b69-bcea-b9c2768b3bc4<%|%>1917e388-78c5-432d-b924-86498d652dc9<%|%>
9293c1f9-bb1c-46a9-90df-4811e8dd29c0<%|%>1917e388-78c5-432d-b924-86498d652dc9<%|%>
cdd60106-17aa-4b36-8674-aec60740cd68<%|%>07b445f1-6e5a-4029-af9f-f6ffbd3161c2<%|%>
f5802eec-7137-4c40-afb2-84cc6a59d83d<%|%>09610378-70a7-4232-9b5f-a9f3e365d489<%|%>
b2fa3bc2-aa98-48cb-b3cf-0e65a7fe7273<%|%>1ac7025b-d16f-4016-9826-7e357f9df4c4<%|%>
39b318b4-2a42-4544-9c38-ee0170479c65<%|%>1ac7025b-d16f-4016-9826-7e357f9df4c4<%|%>
e891c0bc-a5a7-48f6-af92-b441de0c04d5<%|%>09610378-70a7-4232-9b5f-a9f3e365d489<%|%>
80cd966e-36d1-45c4-ba5d-2aa26d3d6477<%|%>365b6449-251d-47eb-891d-1c56ee4079f9<%|%>
86e3938d-1ea4-4d96-b3b7-15d1e6f5030c<%|%>07b445f1-6e5a-4029-af9f-f6ffbd3161c2<%|%>
b17d3838-b175-4b3e-8668-fdab9481bba4<%|%>67638fa3-2fcb-44fb-9b4d-5a12f212b8f2<%|%>
bda98c95-95e9-491f-a52f-2a84da9fe2b0<%|%>07b445f1-6e5a-4029-af9f-f6ffbd3161c2<%|%>
7695574b-782f-4cd5-bda3-fea186bd59a4<%|%>07b445f1-6e5a-4029-af9f-f6ffbd3161c2<%|%>
82d0581e-dc98-4a6d-ad41-ff04b95731a6<%|%>07b445f1-6e5a-4029-af9f-f6ffbd3161c2<%|%>
29c8fcf2-7f90-4619-9451-9f535f89d0fb<%|%>09610378-70a7-4232-9b5f-a9f3e365d489<%|%>
68f62afb-4401-44ea-8d73-bf9e156bee71<%|%>1cf69735-d66f-4b21-82a5-0954a952a80d<%|%>
c8243d0a-46b5-48c1-93eb-a93812ecb767<%|%>07b445f1-6e5a-4029-af9f-f6ffbd3161c2<%|%>
80dfee1d-cdfb-46d4-81bd-9a4253dd72ca<%|%>07b445f1-6e5a-4029-af9f-f6ffbd3161c2<%|%>
c13a5f62-d213-4464-998a-f6be456d042a<%|%>07b445f1-6e5a-4029-af9f-f6ffbd3161c2<%|%>
01542d5e-ed13-4b0c-b50e-83cc5a237374<%|%>07b445f1-6e5a-4029-af9f-f6ffbd3161c2<%|%>
11772419-a79b-4d9f-938b-72143ba50e1b<%|%>07b445f1-6e5a-4029-af9f-f6ffbd3161c2<%|%>
a78cbea1-942a-4069-ae9c-46838d012e9e<%|%>07b445f1-6e5a-4029-af9f-f6ffbd3161c2<%|%>
73bcac2f-95ab-4678-8184-65ee908120c3<%|%>2fd75e9f-c05c-4291-a45c-37c5d8079c8b<%|%>
a75355ac-c37f-4825-bb00-b03bd9adc601<%|%>2fd75e9f-c05c-4291-a45c-37c5d8079c8b<%|%>
c4f1a92b-f215-46fd-ba35-ccdcf19dc32e<%|%>07b445f1-6e5a-4029-af9f-f6ffbd3161c2<%|%>
08a0bcb8-be1c-4069-a0fc-16e8a4632a25<%|%>07b445f1-6e5a-4029-af9f-f6ffbd3161c2<%|%>
3223c649-b6e4-43bf-981c-3c367cab1c57<%|%>07b445f1-6e5a-4029-af9f-f6ffbd3161c2<%|%>
e482a9bf-77a2-4e10-bfa1-53ba2b4c6a9c<%|%>07b445f1-6e5a-4029-af9f-f6ffbd3161c2<%|%>
8672a864-8b9b-46c8-a9c4-6af3f699070c<%|%>07b445f1-6e5a-4029-af9f-f6ffbd3161c2<%|%>
d2f748c4-ff9d-495d-aa0b-bc44877fd3de<%|%>07b445f1-6e5a-4029-af9f-f6ffbd3161c2<%|%>
8cedbda0-a63c-450c-92d8-b8b17352f1b9<%|%>09610378-70a7-4232-9b5f-a9f3e365d489<%|%>
21fd190c-7b48-4713-acd0-f6e63d23652c<%|%>07b445f1-6e5a-4029-af9f-f6ffbd3161c2<%|%>
0e307b05-ba24-4675-ab3f-4b1bc0b590ed<%|%>07b445f1-6e5a-4029-af9f-f6ffbd3161c2<%|%>
536c3c2c-8a90-493a-a765-fffe13758b33<%|%>5b46a29d-0405-4a5d-83f7-9b6c0954b3f2<%|%>
6be10bb8-c530-4ded-b88f-a869f719f9cf<%|%>2b5518dd-d03d-4794-a463-6f3c0425877c<%|%>
94b0cf49-dafc-4897-a9b6-5d7950d45577<%|%>07b445f1-6e5a-4029-af9f-f6ffbd3161c2<%|%>
1135c4ab-566b-4860-8ec2-e3cc45386652<%|%>07b445f1-6e5a-4029-af9f-f6ffbd3161c2<%|%>
7b55aeb2-e8be-42b0-8ffc-53b25ad7578b<%|%>07b445f1-6e5a-4029-af9f-f6ffbd3161c2<%|%>
07a5da84-f442-4dca-b1f0-17806f16a0de<%|%>07b445f1-6e5a-4029-af9f-f6ffbd3161c2<%|%>
64b4c6a7-9d7f-4b17-bfe2-11693e28bf3f<%|%>07b445f1-6e5a-4029-af9f-f6ffbd3161c2<%|%>
18f59b5b-9d9e-4f12-8d54-4281a0bc5950<%|%>07b445f1-6e5a-4029-af9f-f6ffbd3161c2<%|%>
c15204f4-2bdb-4805-b8c5-22f8ab8e010a<%|%>07b445f1-6e5a-4029-af9f-f6ffbd3161c2<%|%>
a5163d57-5402-4055-8a2d-a8c10c52bb47<%|%>95c9c004-0519-4d6e-871c-aff1f0b98561<%|%>
6a507798-336e-4845-8db0-7dfa0b656d15<%|%>95c9c004-0519-4d6e-871c-aff1f0b98561<%|%>
bab2690c-cac7-4543-a6b1-08e492b444fa<%|%>95c9c004-0519-4d6e-871c-aff1f0b98561<%|%>
93ec2f74-6882-4599-a7f2-81a8f2412d5c<%|%>95c9c004-0519-4d6e-871c-aff1f0b98561<%|%>
3aa50cd1-be63-4181-b90e-9ed155a7608f<%|%>95c9c004-0519-4d6e-871c-aff1f0b98561<%|%>
caea61a0-08da-4e06-bd0b-50cdacd62361<%|%>abf3728c-ed52-49b6-a4f2-c854cae46679<%|%>
3dc5e688-6463-4b88-b7be-7b750d1cebd6<%|%>abf3728c-ed52-49b6-a4f2-c854cae46679<%|%>
0360b211-67f6-4d27-87ed-51b5d8a0b1e1<%|%>09610378-70a7-4232-9b5f-a9f3e365d489<%|%>
1f84ca99-19e1-4cc5-988c-9e35a06cff32<%|%>07b445f1-6e5a-4029-af9f-f6ffbd3161c2<%|%>
7fab08eb-59dd-413d-8446-a84e7a1d20c5<%|%>746cf512-9480-4835-8feb-3dabf5da6b47<%|%>
7d47d162-5787-4a32-a410-021b6de30fa4<%|%>1c947a88-f38b-4d1b-8bcc-0d8ef6fb9dd7<%|%>
8a472e40-cbb5-4cf6-b6d6-2306825bab02<%|%>07b445f1-6e5a-4029-af9f-f6ffbd3161c2<%|%>
9e3f379c-a6ed-44fa-a228-87cf057f77f3<%|%>1c947a88-f38b-4d1b-8bcc-0d8ef6fb9dd7<%|%>
cb640ded-6361-4193-bafc-ccf63101d9a0<%|%>07b445f1-6e5a-4029-af9f-f6ffbd3161c2<%|%>
f11023af-35b7-42f6-9687-ec7f66c5d9fb<%|%>365b6449-251d-47eb-891d-1c56ee4079f9<%|%>
ac5bc9de-08f9-477a-bdb9-e4b1169252f8<%|%>07b445f1-6e5a-4029-af9f-f6ffbd3161c2<%|%>
41814b2f-de9a-43fe-b9f3-c224f33246e3<%|%>8de884b5-b8c5-444d-931b-e68831152911<%|%>
7244a16f-d2b1-438b-bcf6-8f7808c5a051<%|%>07b445f1-6e5a-4029-af9f-f6ffbd3161c2<%|%>
cc1ac8a1-25c1-49e1-b48a-50bc59200b6e<%|%>c5f1a22b-713c-478e-bd97-b7a5cbebd251<%|%>
bc75b1d2-ac4b-40df-8e1e-b6f9b9d13c60<%|%>c5f1a22b-713c-478e-bd97-b7a5cbebd251<%|%>
5d34db2d-5584-4b51-a9fe-1018577d14a8<%|%>95c9c004-0519-4d6e-871c-aff1f0b98561<%|%>
9b2e637a-122e-4439-a403-ad00d2a71c9a<%|%>95c9c004-0519-4d6e-871c-aff1f0b98561<%|%>
5bcc8c3a-4000-4496-a8b2-c5568daf6e67<%|%>07b445f1-6e5a-4029-af9f-f6ffbd3161c2<%|%>
ce9aaf31-d290-4bf8-9a17-23ecc635ed7f<%|%>d590fece-761c-4fc1-bdba-e48e4b75072c<%|%>
1b6ee4f2-8578-44f0-92a3-eebed7ada44a<%|%>95c9c004-0519-4d6e-871c-aff1f0b98561<%|%>
53fc50cd-a41c-4381-8e67-175f90b4cceb<%|%>95c9c004-0519-4d6e-871c-aff1f0b98561<%|%>
0676c93d-8f96-4d2f-b57a-aef0d05c2da9<%|%>95c9c004-0519-4d6e-871c-aff1f0b98561<%|%>
27e55508-fd1f-4ef8-8e14-73ba30f75de0<%|%>95c9c004-0519-4d6e-871c-aff1f0b98561<%|%>
9ccc9e5a-cb7d-4f4c-a38e-5a176585983b<%|%>8de884b5-b8c5-444d-931b-e68831152911<%|%>
d6f48967-adf2-437b-9e6d-1b1a984ef956<%|%>8de884b5-b8c5-444d-931b-e68831152911<%|%>
945c10a0-3551-4fdd-981f-88721ef458ff<%|%>8de884b5-b8c5-444d-931b-e68831152911<%|%>
7267bcdc-947c-4fbb-a8b1-14fc9d7788fa<%|%>8de884b5-b8c5-444d-931b-e68831152911<%|%>
3661c0c1-6e70-4fd7-861f-ad37d5e93a7b<%|%>8de884b5-b8c5-444d-931b-e68831152911<%|%>
1aea6586-2008-4096-8f0d-f2f283a32635<%|%>95c9c004-0519-4d6e-871c-aff1f0b98561<%|%>
9baeed90-e3bd-4554-aad5-15562d425f95<%|%>09610378-70a7-4232-9b5f-a9f3e365d489<%|%>
1f61b993-ccd5-4c11-a467-fab323a0e51a<%|%>95c9c004-0519-4d6e-871c-aff1f0b98561<%|%>
4476eec6-5c3f-4455-a012-a4aab58b8dbc<%|%>c5f1a22b-713c-478e-bd97-b7a5cbebd251<%|%>
21692018-bb8e-401a-87d1-12921389a364<%|%>c5f1a22b-713c-478e-bd97-b7a5cbebd251<%|%>
20815f8f-d520-43cc-90e4-fd0eef045252<%|%>95c9c004-0519-4d6e-871c-aff1f0b98561<%|%>
c8c674ae-debe-4108-9f46-84f3a18bbc9b<%|%>c5f1a22b-713c-478e-bd97-b7a5cbebd251<%|%>
d4cb4d46-cfab-4589-b8dd-ddf5f6b31e1e<%|%>5e9dfd8c-70d3-45ce-8e81-dad6c2e3aa2c<%|%>
23f99c3a-6286-4338-a72f-7d2808c3b6b6<%|%>07b445f1-6e5a-4029-af9f-f6ffbd3161c2<%|%>
f41c6a7e-66b3-4e62-b7dc-bcee1d67803e<%|%>07b445f1-6e5a-4029-af9f-f6ffbd3161c2<%|%>
08db1ad6-fceb-4427-b1a2-7b881f2f80c2<%|%>a98bfc4b-2782-4a8f-984f-2a996198b78a<%|%>
34894b5c-23ad-4e74-8b4c-433c3363c957<%|%>95c9c004-0519-4d6e-871c-aff1f0b98561<%|%>
3f2ab20a-b4a3-4efa-a2f6-31cfcbb503fe<%|%>abf3728c-ed52-49b6-a4f2-c854cae46679<%|%>
04ce05de-8b44-4c09-9bc4-674bbd672df0<%|%>07b445f1-6e5a-4029-af9f-f6ffbd3161c2<%|%>
e88ec97a-9ad5-43a7-8101-d13d447c77a9<%|%>07b445f1-6e5a-4029-af9f-f6ffbd3161c2<%|%>
49d465b0-b672-4921-8c2e-db7603cded30<%|%>67638fa3-2fcb-44fb-9b4d-5a12f212b8f2<%|%>
396e8eb6-8f0d-4510-8f5d-1e71ff961248<%|%>07b445f1-6e5a-4029-af9f-f6ffbd3161c2<%|%>
a1761b4d-7848-4a47-bb7c-3b1bcbac8ef6<%|%>07b445f1-6e5a-4029-af9f-f6ffbd3161c2<%|%>
dbf7ce56-1bd0-4fb3-ada7-a41e4ae66bd3<%|%>db00ff30-6a7c-4326-bd1f-784d1041c035<%|%>
b735808a-e8ed-48b0-b8d8-3a0ab3bd4c0a<%|%>09610378-70a7-4232-9b5f-a9f3e365d489<%|%>
7c6668df-0c51-417b-8d0e-56a0f0d1f0b5<%|%>09610378-70a7-4232-9b5f-a9f3e365d489<%|%>
761e361c-4a8e-4c58-84fe-72863a9c8b9a<%|%>95c9c004-0519-4d6e-871c-aff1f0b98561<%|%>
ffe62806-d29b-4d74-b811-0c93b78fb9d7<%|%>4724a5d5-48aa-47c5-926a-a44f06dafa89<%|%>
6ac9e6c3-acb9-4352-a50e-9a73353e18ac<%|%>09610378-70a7-4232-9b5f-a9f3e365d489<%|%>
7957f870-f1d7-4287-a8d9-fcaac24c56d6<%|%>95c9c004-0519-4d6e-871c-aff1f0b98561<%|%>
440b49e5-419d-484c-a5cf-30d5a114005a<%|%>95c9c004-0519-4d6e-871c-aff1f0b98561<%|%>
ce2c98cd-8a38-49ef-94bf-c61786a1c73c<%|%>95c9c004-0519-4d6e-871c-aff1f0b98561<%|%>
d4e36815-cf49-4ba8-9b10-61036ea2a8fc<%|%>746cf512-9480-4835-8feb-3dabf5da6b47<%|%>
1e4ca52b-4e3b-4889-b288-4845b30d8a8a<%|%>abf3728c-ed52-49b6-a4f2-c854cae46679<%|%>
5e4ece1a-1bc0-463f-95c7-a1894c41cdce<%|%>07b445f1-6e5a-4029-af9f-f6ffbd3161c2<%|%>
72a09c99-099a-4468-9124-1261d74f2119<%|%>07b445f1-6e5a-4029-af9f-f6ffbd3161c2<%|%>
47484323-210e-4834-bbcf-dd8420086d2f<%|%>07b445f1-6e5a-4029-af9f-f6ffbd3161c2<%|%>
0f3ee104-25fd-4b1e-bef6-ac1e8792bc3f<%|%>07b445f1-6e5a-4029-af9f-f6ffbd3161c2<%|%>
5b64c06c-af84-466d-b10d-2bfe7d5bd979<%|%>07b445f1-6e5a-4029-af9f-f6ffbd3161c2<%|%>
ab221296-7cad-4b71-bdc1-906e88657421<%|%>07b445f1-6e5a-4029-af9f-f6ffbd3161c2<%|%>
c1b23e88-8cba-484d-a479-a6be0342ccbd<%|%>07b445f1-6e5a-4029-af9f-f6ffbd3161c2<%|%>
0b64d023-1287-4b34-89c9-8ef9b11bfecb<%|%>07b445f1-6e5a-4029-af9f-f6ffbd3161c2<%|%>
c006c3f5-ed69-4efe-8bbf-fe2a1e320c55<%|%>07b445f1-6e5a-4029-af9f-f6ffbd3161c2<%|%>
119a85ca-6127-4dd4-8584-30129bacc461<%|%>07b445f1-6e5a-4029-af9f-f6ffbd3161c2<%|%>
99c3569f-30fd-4c99-b0b1-8f3423fcc2be<%|%>07b445f1-6e5a-4029-af9f-f6ffbd3161c2<%|%>
b4e64858-fbcc-4901-b09a-8833e5e535e3<%|%>07b445f1-6e5a-4029-af9f-f6ffbd3161c2<%|%>
571562d0-77e7-476c-b396-f6d1212e0ea2<%|%>07b445f1-6e5a-4029-af9f-f6ffbd3161c2<%|%>
ca712d77-47ed-4d3b-b632-f61001822a03<%|%>07b445f1-6e5a-4029-af9f-f6ffbd3161c2<%|%>
0b7af297-ff6d-4b39-bebb-2c55e00a34ad<%|%>07b445f1-6e5a-4029-af9f-f6ffbd3161c2<%|%>
d078eec3-681d-4f13-89f6-42399f5de5a9<%|%>07b445f1-6e5a-4029-af9f-f6ffbd3161c2<%|%>
4825f7a5-d2f7-45db-a8a6-705131a2fc05<%|%>07b445f1-6e5a-4029-af9f-f6ffbd3161c2<%|%>
068cb829-79fc-49f8-82ce-4a2d41ccca0a<%|%>95c9c004-0519-4d6e-871c-aff1f0b98561<%|%>
85509c1c-2f3d-499d-b83f-77da52e9794e<%|%>95c9c004-0519-4d6e-871c-aff1f0b98561<%|%>
3563cdf6-81a8-4cf8-af08-5d26090f431a<%|%>09610378-70a7-4232-9b5f-a9f3e365d489<%|%>
396b5160-b72c-488f-a822-fefc373ca2a2<%|%>db00ff30-6a7c-4326-bd1f-784d1041c035<%|%>
3159eb76-65c9-45ed-8b96-e57cbfffb553<%|%>6f398b56-b21f-4e8b-9637-ed85b609975e<%|%>
9411dbf9-9dc6-4d8c-87bc-f6722ae199d9<%|%>5b46a29d-0405-4a5d-83f7-9b6c0954b3f2<%|%>
3f3a57e4-531e-4655-9d91-ad08b729d772<%|%>4724a5d5-48aa-47c5-926a-a44f06dafa89<%|%>
6c12e764-e548-43b0-ba64-12ffce5eab80<%|%>88f56d2d-8070-4eea-b2a7-5ce4124bc6f5<%|%>
8f5a6fa9-0f54-463e-9b3d-8e7e400162f5<%|%>95c9c004-0519-4d6e-871c-aff1f0b98561<%|%>
293b9ccd-cebf-4050-8fb1-72dc7fdc63ce<%|%>31082408-5390-4caa-adc6-e219a6ebef88<%|%>
021b400e-9414-4348-8f5c-fefc5a87b17a<%|%>95c9c004-0519-4d6e-871c-aff1f0b98561<%|%>
5031ac52-d5ea-4ff1-903d-6394dd8880dd<%|%>abf3728c-ed52-49b6-a4f2-c854cae46679<%|%>
976af05f-6bf0-4e4c-8580-7460f6f9055c<%|%>09610378-70a7-4232-9b5f-a9f3e365d489<%|%>
a104fe20-c078-4955-8996-a0cc3a653f79<%|%>abf3728c-ed52-49b6-a4f2-c854cae46679<%|%>
143db8d3-a616-4270-aac7-c80c55021a22<%|%>977a6423-5767-4288-a8ef-eb4bb0f54b21<%|%>
17e0584e-02b0-4cb5-82c7-a68a4625f0da<%|%>977a6423-5767-4288-a8ef-eb4bb0f54b21<%|%>
d549977b-0b2e-4634-b246-dbbac674f933<%|%>07b445f1-6e5a-4029-af9f-f6ffbd3161c2<%|%>
2a7f01d0-0a5d-4377-a4cd-a8991a390668<%|%>1c947a88-f38b-4d1b-8bcc-0d8ef6fb9dd7<%|%>
c1e63ce6-b429-4a72-84ae-ba5c4c45a336<%|%>6f398b56-b21f-4e8b-9637-ed85b609975e<%|%>
b1a38019-8f07-451b-9a04-ae734a6e162c<%|%>c5f1a22b-713c-478e-bd97-b7a5cbebd251<%|%>
5cd6612f-4872-4574-b057-435224de562b<%|%>07b445f1-6e5a-4029-af9f-f6ffbd3161c2<%|%>
eb8209d7-d95b-4a2d-9984-0ced8a754ce9<%|%>f2830962-b9f9-4c65-b08f-52112b75fd71<%|%>
05592e4d-7cfe-40db-9233-7bf8aad6597c<%|%>1ac7025b-d16f-4016-9826-7e357f9df4c4<%|%>
25926fe2-61e6-4e63-8d42-87dcadae8dbc<%|%>abf3728c-ed52-49b6-a4f2-c854cae46679<%|%>
614d8833-55ad-4dfa-9241-fe47a8a7337c<%|%>abf3728c-ed52-49b6-a4f2-c854cae46679<%|%>
3a68068a-a46b-4356-b61b-ee5e53b6060d<%|%>abf3728c-ed52-49b6-a4f2-c854cae46679<%|%>
d74a2259-51e3-4a04-848a-c3c3af8c7cb9<%|%>07b445f1-6e5a-4029-af9f-f6ffbd3161c2<%|%>
bd198fc4-e393-48cb-8d61-f950d30ad9c0<%|%>07b445f1-6e5a-4029-af9f-f6ffbd3161c2<%|%>
2ad8e50f-3c83-4c69-87a6-c67f410da27a<%|%>95c9c004-0519-4d6e-871c-aff1f0b98561<%|%>
e33640e3-cd28-496d-8df0-f4cba931161f<%|%>07b445f1-6e5a-4029-af9f-f6ffbd3161c2<%|%>
54cbe43a-e0cc-4ed0-8ad4-3ccef542e171<%|%>07b445f1-6e5a-4029-af9f-f6ffbd3161c2<%|%>
f3a1094c-1202-49f8-a19c-9fe5cfad848b<%|%>07b445f1-6e5a-4029-af9f-f6ffbd3161c2<%|%>
e3665fcb-686f-4989-a8b3-56681ba42f82<%|%>07b445f1-6e5a-4029-af9f-f6ffbd3161c2<%|%>
e9dea846-fc96-474f-9c29-1ade8072b03a<%|%>95c9c004-0519-4d6e-871c-aff1f0b98561<%|%>
3f32bf8e-fc1c-4bd0-a369-27cd8f69037d<%|%>07b445f1-6e5a-4029-af9f-f6ffbd3161c2<%|%>
c7bfb863-5d9f-46c4-b814-f095be1ba2dd<%|%>abf3728c-ed52-49b6-a4f2-c854cae46679<%|%>
0d84d19a-65b6-4cb8-8777-70819c983fdd<%|%>95c9c004-0519-4d6e-871c-aff1f0b98561<%|%>
f5c10d60-0805-415c-bed3-c108ba35d6d1<%|%>358eddb3-5591-4da7-9f73-46a2770fc092<%|%>
0db0fce6-ad6e-4d83-abdb-71ed082360ab<%|%>95c9c004-0519-4d6e-871c-aff1f0b98561<%|%>
f28a5d56-c161-4dc4-bfde-94e8c224e90e<%|%>95c9c004-0519-4d6e-871c-aff1f0b98561<%|%>
c6203812-57a7-4cbe-b245-e5255bbc2116<%|%>abf3728c-ed52-49b6-a4f2-c854cae46679<%|%>
295fda1e-f4b6-4218-9ba9-bc110071f9c3<%|%>abf3728c-ed52-49b6-a4f2-c854cae46679<%|%>
405dd57e-c24b-455d-8290-34e163fa8bca<%|%>abf3728c-ed52-49b6-a4f2-c854cae46679<%|%>
4b112d86-b41f-4c92-9ab1-93261c313274<%|%>09610378-70a7-4232-9b5f-a9f3e365d489<%|%>
8c006aa1-6824-4ba5-ac83-0f5080808617<%|%>09610378-70a7-4232-9b5f-a9f3e365d489<%|%>
39f7c3d8-62b7-4888-9f95-5e58549c9c95<%|%>977a6423-5767-4288-a8ef-eb4bb0f54b21<%|%>
f0b05111-378e-4161-ba03-4b2c6a2d83ec<%|%>07b445f1-6e5a-4029-af9f-f6ffbd3161c2<%|%>
4dfe7ef9-e67d-4673-a258-f96ef142db68<%|%>1c947a88-f38b-4d1b-8bcc-0d8ef6fb9dd7<%|%>
b0ecef67-79fa-45f0-8788-f4988554f68e<%|%>07b445f1-6e5a-4029-af9f-f6ffbd3161c2<%|%>
7a10b8d4-979f-49a0-a73b-bfed75738291<%|%>f2830962-b9f9-4c65-b08f-52112b75fd71<%|%>
45b3c928-d672-44c3-8840-0c52aa8a800b<%|%>6f398b56-b21f-4e8b-9637-ed85b609975e<%|%>
55ec8a5e-f254-406e-9d7c-54f8bc33fed7<%|%>f2830962-b9f9-4c65-b08f-52112b75fd71<%|%>
67fe3f54-2346-4772-8026-ee22e0358a37<%|%>f2830962-b9f9-4c65-b08f-52112b75fd71<%|%>
98d705c9-7a1a-443b-87f2-4174656be794<%|%>f2830962-b9f9-4c65-b08f-52112b75fd71<%|%>
0331aeac-2faf-458c-aa50-2660c95a1642<%|%>07b445f1-6e5a-4029-af9f-f6ffbd3161c2<%|%>
98233567-f9f5-4e58-b0e9-34bfa567af0e<%|%>abf3728c-ed52-49b6-a4f2-c854cae46679<%|%>
fae54406-870e-482d-beda-cb6484ef0e90<%|%>f2830962-b9f9-4c65-b08f-52112b75fd71<%|%>
bf76317f-47a6-4926-8415-f14f7fa70bcb<%|%>f2830962-b9f9-4c65-b08f-52112b75fd71<%|%>
1a04b813-7e81-48cd-90ab-896ffdb968fd<%|%>4724a5d5-48aa-47c5-926a-a44f06dafa89<%|%>
60b41e5b-ec14-4ce9-9662-4b860bfe9657<%|%>95c9c004-0519-4d6e-871c-aff1f0b98561<%|%>
966547f4-922d-4b26-bbaa-d28878f1a548<%|%>6f398b56-b21f-4e8b-9637-ed85b609975e<%|%>
419566cb-7618-4e1a-a1d8-7cdb7dc1d4d0<%|%>09610378-70a7-4232-9b5f-a9f3e365d489<%|%>
c6111065-2623-4571-8ce8-4bf5c7e766db<%|%>d590fece-761c-4fc1-bdba-e48e4b75072c<%|%>
d87e748c-b9b2-46fc-9b7b-f0e16bcbaeea<%|%>2fd75e9f-c05c-4291-a45c-37c5d8079c8b<%|%>
42445395-da57-462f-bc03-d5686bc1e3d6<%|%>88f56d2d-8070-4eea-b2a7-5ce4124bc6f5<%|%>
e087c82c-198e-4d9b-a28f-31d1513ead2d<%|%>88f56d2d-8070-4eea-b2a7-5ce4124bc6f5<%|%>
78e49882-e770-4a49-8d4f-3e42dd8131e6<%|%>88f56d2d-8070-4eea-b2a7-5ce4124bc6f5<%|%>
8ec9c67c-24c3-445a-bc0b-a95ca01e90ee<%|%>88f56d2d-8070-4eea-b2a7-5ce4124bc6f5<%|%>
dc486a3f-1bf3-4188-a4e9-b8c09ddcd7a9<%|%>88f56d2d-8070-4eea-b2a7-5ce4124bc6f5<%|%>
f352ab5d-4195-4c31-9493-2181084afd3c<%|%>09610378-70a7-4232-9b5f-a9f3e365d489<%|%>
65ce22d5-a7cd-4029-b4c6-2a77c194e364<%|%>5b46a29d-0405-4a5d-83f7-9b6c0954b3f2<%|%>
839421f7-5f49-4e9f-bfca-8f81981c7a22<%|%>5b46a29d-0405-4a5d-83f7-9b6c0954b3f2<%|%>
6b75b28d-4bb5-44d4-af39-f6c83f077842<%|%>6a24b766-1481-403c-a9f6-9ff2cb7ca319<%|%>
c2888754-b165-4923-ac27-184a4353d2b2<%|%>db00ff30-6a7c-4326-bd1f-784d1041c035<%|%>
824cf19d-4376-4f49-8338-6caf68a1dc99<%|%>95c9c004-0519-4d6e-871c-aff1f0b98561<%|%>
0a5e3936-270e-4c0b-ac00-54976401d633<%|%>abf3728c-ed52-49b6-a4f2-c854cae46679<%|%>
eb91bbef-8714-470c-8c68-8b5459a24f58<%|%>2fd75e9f-c05c-4291-a45c-37c5d8079c8b<%|%>
0ca922c8-6c15-43c1-a5b9-1fb6f1b7cf14<%|%>07b445f1-6e5a-4029-af9f-f6ffbd3161c2<%|%>
2679662e-a95e-4534-98bc-bb8c36bcb2f8<%|%>1ac7025b-d16f-4016-9826-7e357f9df4c4<%|%>
6a12f7c9-673d-43e8-86fd-e664bf3492f9<%|%>5b46a29d-0405-4a5d-83f7-9b6c0954b3f2<%|%>
64181968-44d6-4aa3-ba91-3179475fdeb0<%|%>31082408-5390-4caa-adc6-e219a6ebef88<%|%>
2f8758d0-ac3a-4e7d-8c36-fdc195d751a7<%|%>88f56d2d-8070-4eea-b2a7-5ce4124bc6f5<%|%>
d65c908d-6555-485e-9b72-354db33f8c11<%|%>564db941-d5b0-4543-9b2f-8b0cdf004499<%|%>
c196d342-7e2d-418a-addb-01b7a981de4c<%|%>09610378-70a7-4232-9b5f-a9f3e365d489<%|%>
fbf148f9-4df3-42e1-baa2-16a37446280e<%|%>67638fa3-2fcb-44fb-9b4d-5a12f212b8f2<%|%>
9100575f-0314-4ca0-a980-bfe2635228c2<%|%>309eba1a-4044-4a40-8d82-9a5c51a3f1f9<%|%>
5e82b6f0-a823-4ae5-92ed-b7f2d44dbbfb<%|%>6a24b766-1481-403c-a9f6-9ff2cb7ca319<%|%>
d2243877-61c8-43b8-b19a-f1940c30afa7<%|%>95c9c004-0519-4d6e-871c-aff1f0b98561<%|%>
2eac880c-aa7a-45d1-94dd-83274fe049c0<%|%>95c9c004-0519-4d6e-871c-aff1f0b98561<%|%>
399bcb81-e662-4c2a-92af-1079a432cfd7<%|%>95c9c004-0519-4d6e-871c-aff1f0b98561<%|%>
d2a19878-5929-43a2-b78e-e03e885eb080<%|%>6f398b56-b21f-4e8b-9637-ed85b609975e<%|%>
2da20851-405e-4c2a-bed3-183f471b1ed4<%|%>58bf9cae-8a0f-446d-afa8-9a565bc3e7c0<%|%>
05e21da8-bc5f-4d97-ba44-57bc61213d82<%|%>09610378-70a7-4232-9b5f-a9f3e365d489<%|%>
594f97fe-6e7f-4863-8fe6-5139df80eee7<%|%>09610378-70a7-4232-9b5f-a9f3e365d489<%|%>
7fde2f29-dc7b-42e5-9b78-83beff5beb3e<%|%>5b46a29d-0405-4a5d-83f7-9b6c0954b3f2<%|%>
5d2515ad-3d17-4751-8204-05ee6a4cbc72<%|%>5b46a29d-0405-4a5d-83f7-9b6c0954b3f2<%|%>
96f9d947-9d8b-4b4c-93d0-101710c74f6f<%|%>6f398b56-b21f-4e8b-9637-ed85b609975e<%|%>
bb65f429-ff44-48e3-a473-8fba3c9b144d<%|%>1911ac74-ee40-49e6-a636-af6e48fc37f2<%|%>
1efa8953-f139-4ab5-9c0d-69af4b01533f<%|%>13d8a76a-3de9-4943-bb02-8a19d0f4b8da<%|%>
64e32988-4b9b-4dd4-8dc0-c45a1bf5f2f6<%|%>2b80f525-d502-4f7b-98f2-60aa5de029fc<%|%>
880da055-7fd3-4b80-8807-adbf212f37b3<%|%>95c9c004-0519-4d6e-871c-aff1f0b98561<%|%>
68511be1-870c-44b4-8615-ef96edc7789f<%|%>5b46a29d-0405-4a5d-83f7-9b6c0954b3f2<%|%>
12799566-ed81-4797-b253-43ac1560cf0c<%|%>5b46a29d-0405-4a5d-83f7-9b6c0954b3f2<%|%>
9aa8805c-7bf9-429d-9e2b-5794c510c6e7<%|%>5b46a29d-0405-4a5d-83f7-9b6c0954b3f2<%|%>
2b47f674-693f-46e6-b8ae-96064d4d5a25<%|%>5b46a29d-0405-4a5d-83f7-9b6c0954b3f2<%|%>
9599550a-78d3-4c8f-888d-a51a47cb302b<%|%>67638fa3-2fcb-44fb-9b4d-5a12f212b8f2<%|%>
ad47c5c3-3c43-4fd2-b63c-da491ffbf853<%|%>09610378-70a7-4232-9b5f-a9f3e365d489<%|%>
864637fe-8d86-4623-97f5-e1074f0cec79<%|%>2fd75e9f-c05c-4291-a45c-37c5d8079c8b<%|%>
3b6a85db-c6f4-4c19-8350-ce5a68989eed<%|%>07b445f1-6e5a-4029-af9f-f6ffbd3161c2<%|%>
fe868f76-283a-4435-8824-d13cee7cf754<%|%>d590fece-761c-4fc1-bdba-e48e4b75072c<%|%>
6a4d9ced-27fb-4c3d-85bc-ccf165e6c11c<%|%>6f398b56-b21f-4e8b-9637-ed85b609975e<%|%>
d7d4d72f-c45b-457a-ae27-965e18c153e5<%|%>88f56d2d-8070-4eea-b2a7-5ce4124bc6f5<%|%>
cafde792-6388-4735-ab68-9edda0451fff<%|%>88f56d2d-8070-4eea-b2a7-5ce4124bc6f5<%|%>
4b63c378-bf7f-42f3-9f2c-8e526f145ba4<%|%>c5f1a22b-713c-478e-bd97-b7a5cbebd251<%|%>
bb85da8e-129f-4f99-bb2f-1bf1e9ed5321<%|%>58bf9cae-8a0f-446d-afa8-9a565bc3e7c0<%|%>
37fbe4ed-0841-4faf-b98b-6bc31f34cc01<%|%>09610378-70a7-4232-9b5f-a9f3e365d489<%|%>
d2ce8540-812b-4c41-983e-b32be3ca12d2<%|%>09610378-70a7-4232-9b5f-a9f3e365d489<%|%>
94696494-0ec1-4afb-a695-c781c7fbe1b1<%|%>09610378-70a7-4232-9b5f-a9f3e365d489<%|%>
14b47ea7-88dd-4649-9474-d1747edd78c8<%|%>09610378-70a7-4232-9b5f-a9f3e365d489<%|%>
eb8955b0-10e5-4679-964d-6a14373d2d31<%|%>5b46a29d-0405-4a5d-83f7-9b6c0954b3f2<%|%>
b0a4f23a-f806-4b57-bcce-5b8914e37a63<%|%>309eba1a-4044-4a40-8d82-9a5c51a3f1f9<%|%>
17fe7c1b-9f17-4382-86ed-e99d6609c3e8<%|%>88f56d2d-8070-4eea-b2a7-5ce4124bc6f5<%|%>
c895a7bc-a0a5-4130-aa3f-f754a7a85fba<%|%>6a24b766-1481-403c-a9f6-9ff2cb7ca319<%|%>
ee59591e-6a77-4cae-b853-8fff8482b9dd<%|%>6a24b766-1481-403c-a9f6-9ff2cb7ca319<%|%>
b334ab8f-0054-4c96-a3d0-011ac25c05a2<%|%>6a24b766-1481-403c-a9f6-9ff2cb7ca319<%|%>
6d59b17a-2cfa-4c31-a5d6-1f3d147c052a<%|%>6c154d94-d7bf-41bd-b1f7-f0c505ce27c1<%|%>
3a005bc0-79e2-4faa-91b9-291776eb1a1d<%|%>d590fece-761c-4fc1-bdba-e48e4b75072c<%|%>
0cdb5f44-2cdf-4745-aa50-93835d4f3bd3<%|%>95c9c004-0519-4d6e-871c-aff1f0b98561<%|%>
c5daccce-0c88-4911-8e37-0613ee65ae38<%|%>451b8fd8-23ef-45d9-aa89-7556d4fb924b<%|%>
e96254d4-9277-428a-8c3b-c31c0fbd3969<%|%>67638fa3-2fcb-44fb-9b4d-5a12f212b8f2<%|%>
7dfc0c2d-5ee7-4411-9f4a-2f6a8470a61a<%|%>9caf7c7c-7bb0-4b82-ba1c-7ce15db103b9<%|%>
018f2a00-7f92-4af7-847a-8ae059e701bc<%|%>c5f1a22b-713c-478e-bd97-b7a5cbebd251<%|%>
8536c53d-f0fb-452e-b9d4-1202f692534b<%|%>c5f1a22b-713c-478e-bd97-b7a5cbebd251<%|%>
42bc9c0c-343a-48da-9376-84bd17ff1f87<%|%>f2830962-b9f9-4c65-b08f-52112b75fd71<%|%>
741cd468-c2c5-46c2-8a47-f68455c88931<%|%>f2830962-b9f9-4c65-b08f-52112b75fd71<%|%>
3b802cf8-6b5e-4ec2-874f-662774f33e78<%|%>f2830962-b9f9-4c65-b08f-52112b75fd71<%|%>
cb759553-646a-4e0e-b5de-e2c25c24147c<%|%>f2830962-b9f9-4c65-b08f-52112b75fd71<%|%>
9de53e88-a634-4773-8dac-f425ab5ef6a7<%|%>c5f1a22b-713c-478e-bd97-b7a5cbebd251<%|%>
6f198d9e-52de-446f-9337-c1e294dbb2ec<%|%>07b445f1-6e5a-4029-af9f-f6ffbd3161c2<%|%>
27f477dd-d032-491c-b733-74a6a314e69f<%|%>1ac7025b-d16f-4016-9826-7e357f9df4c4<%|%>
36e31865-5c14-4636-960e-c1df2ec4733f<%|%>309eba1a-4044-4a40-8d82-9a5c51a3f1f9<%|%>
c1a456ed-4846-43e3-8d14-cdc445d3a8ca<%|%>f2830962-b9f9-4c65-b08f-52112b75fd71<%|%>
3ba0ce80-6323-41d6-b4aa-91caed6f489f<%|%>f2830962-b9f9-4c65-b08f-52112b75fd71<%|%>
cc84f171-09f5-447b-a289-1c4335c2289e<%|%>f2830962-b9f9-4c65-b08f-52112b75fd71<%|%>
c394dbff-5324-4e43-9bb1-a78b4d7f3153<%|%>f2830962-b9f9-4c65-b08f-52112b75fd71<%|%>
ce1c8140-373b-443b-83f0-da82dfdb1cc6<%|%>f2830962-b9f9-4c65-b08f-52112b75fd71<%|%>
7e0f5cc0-e61e-422e-8d3a-bc9704cf1e1d<%|%>f2830962-b9f9-4c65-b08f-52112b75fd71<%|%>
b188458c-98b2-4a95-bb33-314a6934e0cd<%|%>f2830962-b9f9-4c65-b08f-52112b75fd71<%|%>
f3d9bcc1-da48-457b-9e12-454a898718f3<%|%>07b445f1-6e5a-4029-af9f-f6ffbd3161c2<%|%>
3db5e835-2974-47bb-b080-fa908fcbd41c<%|%>8b7031f1-d9bb-4b7a-8fa9-4604a1f7f1cb<%|%>
05700e8f-357d-4f54-baaf-7dae78cd1e51<%|%>07b445f1-6e5a-4029-af9f-f6ffbd3161c2<%|%>
501a1425-e257-44c7-b94d-b1cfb5e24af8<%|%>f2830962-b9f9-4c65-b08f-52112b75fd71<%|%>
ddfcfcec-4d50-476b-9b8c-4e4815dc6882<%|%>1ac7025b-d16f-4016-9826-7e357f9df4c4<%|%>
ad2c10ee-dc70-491b-8b61-2134051a9b0f<%|%>1ac7025b-d16f-4016-9826-7e357f9df4c4<%|%>
ed701fba-4079-4a87-9b63-0e79efc9c721<%|%>95c9c004-0519-4d6e-871c-aff1f0b98561<%|%>
ddde2802-84fa-41e7-88da-7e9d652e4212<%|%>95c9c004-0519-4d6e-871c-aff1f0b98561<%|%>
f2b4f92a-e483-42a3-8652-4e921da1862a<%|%>67638fa3-2fcb-44fb-9b4d-5a12f212b8f2<%|%>
2a54c7b2-3f7d-492f-9258-18baf1682ce7<%|%>2fd75e9f-c05c-4291-a45c-37c5d8079c8b<%|%>
4dc50906-8ab9-4ecf-a7a7-7e46cecbdee2<%|%>1ac7025b-d16f-4016-9826-7e357f9df4c4<%|%>
1195d571-0ded-4119-8967-7d426991f643<%|%>1ac7025b-d16f-4016-9826-7e357f9df4c4<%|%>
711982f7-8831-49e4-a94b-d30126d30fd2<%|%>abf3728c-ed52-49b6-a4f2-c854cae46679<%|%>
3f64582a-2100-4401-a4bd-05545311d0dc<%|%>abf3728c-ed52-49b6-a4f2-c854cae46679<%|%>
acbb8957-3346-4b59-8ea1-90f8b081aed4<%|%>abf3728c-ed52-49b6-a4f2-c854cae46679<%|%>
cd361e53-6cc8-4758-9d6d-e651dfada106<%|%>1ac7025b-d16f-4016-9826-7e357f9df4c4<%|%>
11b7b655-d4f4-4b20-844d-1818efc5a32b<%|%>d590fece-761c-4fc1-bdba-e48e4b75072c<%|%>
0baf9525-00a5-4f0f-ad5a-547210aa3b48<%|%>f2830962-b9f9-4c65-b08f-52112b75fd71<%|%>
fb0bcb71-be94-428a-a90b-9ea34b5a2904<%|%>f2830962-b9f9-4c65-b08f-52112b75fd71<%|%>
a5df16b1-e241-4932-b428-546694baba67<%|%>abf3728c-ed52-49b6-a4f2-c854cae46679<%|%>
e2d4aeae-a6fd-44a6-8904-6b55b38928a1<%|%>746cf512-9480-4835-8feb-3dabf5da6b47<%|%>
7ba076ab-49c3-4d10-b900-dd4264902cf3<%|%>abf3728c-ed52-49b6-a4f2-c854cae46679<%|%>
83710d82-23b2-4376-9fc8-61eaa90cabda<%|%>abf3728c-ed52-49b6-a4f2-c854cae46679<%|%>
3f1d28d1-4aa5-497a-a987-0eb6a4a77af1<%|%>abf3728c-ed52-49b6-a4f2-c854cae46679<%|%>
2bee3d2d-8a23-4bf3-bddb-17bb67788302<%|%>52efc218-819b-4de5-af63-cbd84679c375<%|%>
695eccee-05c7-47c4-b02e-f804867e8c3d<%|%>09610378-70a7-4232-9b5f-a9f3e365d489<%|%>
5b0e215f-4cab-4050-939d-479631bfdeb4<%|%>95c9c004-0519-4d6e-871c-aff1f0b98561<%|%>
3eecaf76-002b-44f0-9743-16b24a06a694<%|%>09610378-70a7-4232-9b5f-a9f3e365d489<%|%>
adce6c93-18f5-4993-967c-daf75f55d994<%|%>95c9c004-0519-4d6e-871c-aff1f0b98561<%|%>
20d2bce1-f9a9-4d9c-9c95-0100d8e517c9<%|%>88f56d2d-8070-4eea-b2a7-5ce4124bc6f5<%|%>
73b0066d-2561-4a93-8ddc-5e6f5d707862<%|%>abf3728c-ed52-49b6-a4f2-c854cae46679<%|%>
dc8159c2-71ef-45ae-9cee-3fd070fc6b74<%|%>09610378-70a7-4232-9b5f-a9f3e365d489<%|%>
6d2ecdcd-a7c2-42d0-a077-d3d2189a6004<%|%>e1156f7d-5c78-4ea3-ae28-b38ddb40e0db<%|%>
3fe55eec-0178-40b4-8b79-25ff4f6b72ad<%|%>5125cf9e-d886-425b-b864-f9937895e5f6<%|%>
635d1b40-e00e-45ac-895a-f99aaa422f1d<%|%>09610378-70a7-4232-9b5f-a9f3e365d489<%|%>
f30d6572-db4b-452b-b220-a67b589674e2<%|%>2fd75e9f-c05c-4291-a45c-37c5d8079c8b<%|%>
c5337176-f7ff-4af6-80c7-f03ced6a45c3<%|%>52efc218-819b-4de5-af63-cbd84679c375<%|%>
d4e00abd-f767-4f65-b4c9-22e3551943f2<%|%>95c9c004-0519-4d6e-871c-aff1f0b98561<%|%>
3ef191b2-3a74-4496-a81e-8c8befc29a6e<%|%>25b9c24c-7b5f-47a7-afcb-757690ed7a70<%|%>
4e00f678-8295-4a78-86e9-d4434eb16ee4<%|%>67638fa3-2fcb-44fb-9b4d-5a12f212b8f2<%|%>
e225d303-3793-4e78-bdc7-d4501f2728fb<%|%>c5f1a22b-713c-478e-bd97-b7a5cbebd251<%|%>
99901fe3-1e3a-4279-8be4-7f379c82297a<%|%>67638fa3-2fcb-44fb-9b4d-5a12f212b8f2<%|%>
7433cc4a-0b55-465f-b935-e3110fa6c5e6<%|%>09610378-70a7-4232-9b5f-a9f3e365d489<%|%>
12ce1fd7-0f02-4702-8334-2852708a4a4b<%|%>abf3728c-ed52-49b6-a4f2-c854cae46679<%|%>
c0f3a23f-15f7-4c63-b4b9-6793fc9eee75<%|%>1f1cf053-8823-4e75-a7b3-695a6815b880<%|%>
a5c05bdd-bf93-47e1-be02-5e3891396ef2<%|%>09610378-70a7-4232-9b5f-a9f3e365d489<%|%>
8edbd7b2-6f93-4246-bca1-7bbc72e1fd3d<%|%>db00ff30-6a7c-4326-bd1f-784d1041c035<%|%>
215f6587-2612-494d-9346-f7d166feca32<%|%>2fd75e9f-c05c-4291-a45c-37c5d8079c8b<%|%>
f5558972-f81f-4c7e-a3b8-e70412dd4dec<%|%>a1213f12-9062-412e-a229-04a767801509<%|%>
02a4aab5-8649-4fd7-a90c-6c610bfd24df<%|%>95c9c004-0519-4d6e-871c-aff1f0b98561<%|%>
5465bb44-c570-4c02-bf1e-66408b0d4002<%|%>09610378-70a7-4232-9b5f-a9f3e365d489<%|%>
994bba71-d62a-42b7-9137-8de41775bc61<%|%>6f398b56-b21f-4e8b-9637-ed85b609975e<%|%>
af153966-b748-417a-91e1-1bcbd6654707<%|%>6f398b56-b21f-4e8b-9637-ed85b609975e<%|%>
807f75de-4463-4be3-8c2f-3d30856939c0<%|%>1f1cf053-8823-4e75-a7b3-695a6815b880<%|%>
0497ba2a-425b-4169-a8e2-b1c4811a4e90<%|%>95c9c004-0519-4d6e-871c-aff1f0b98561<%|%>
3d55cb36-1069-483e-b475-03dedcb0d9ff<%|%>95c9c004-0519-4d6e-871c-aff1f0b98561<%|%>
872cfe4e-7fe4-4781-8d16-314d317e8c06<%|%>abf3728c-ed52-49b6-a4f2-c854cae46679<%|%>
c82e6138-886e-47cd-815a-19d56b4177de<%|%>1f1cf053-8823-4e75-a7b3-695a6815b880<%|%>
b127dbd7-5cb2-46b2-897a-0f3bfcf7c9ee<%|%>6f398b56-b21f-4e8b-9637-ed85b609975e<%|%>
9d6a7834-cc2e-47d6-af1b-579fe314a93b<%|%>09610378-70a7-4232-9b5f-a9f3e365d489<%|%>
90c4cdcb-e9b0-480b-bf80-9bf89b552792<%|%>09610378-70a7-4232-9b5f-a9f3e365d489<%|%>
3ebf55a9-2b7f-4a45-bcf3-65c79fb79596<%|%>1ac7025b-d16f-4016-9826-7e357f9df4c4<%|%>
d92ac02b-a88f-4260-92b6-cc64303f2346<%|%>31082408-5390-4caa-adc6-e219a6ebef88<%|%>
01276481-c8ec-441a-811b-ca716f562353<%|%>db00ff30-6a7c-4326-bd1f-784d1041c035<%|%>
909512c8-cea7-4810-b8d4-cc0009cf4827<%|%>f05b5039-8368-4d06-836e-76451f84be6d<%|%>
6272dc58-6301-4940-bf76-50a458570a0c<%|%>07b445f1-6e5a-4029-af9f-f6ffbd3161c2<%|%>
f90e6b54-49c5-4211-862d-01175107092b<%|%>9a2db8db-52e6-4ae2-85e7-15c0fa038cf4<%|%>
110ad40a-9bf9-4b48-8ea2-abbefe911b8b<%|%>5b46a29d-0405-4a5d-83f7-9b6c0954b3f2<%|%>
cc3b2256-c5e8-407b-95ea-8c20693ddf93<%|%>5b46a29d-0405-4a5d-83f7-9b6c0954b3f2<%|%>
e8c948bf-a15a-4517-9ce6-61ac04741276<%|%>5b46a29d-0405-4a5d-83f7-9b6c0954b3f2<%|%>
5f741521-c436-44dd-a194-bee70a823d1d<%|%>5b46a29d-0405-4a5d-83f7-9b6c0954b3f2<%|%>
06b545b1-83f6-4087-910a-03ab96face63<%|%>6f398b56-b21f-4e8b-9637-ed85b609975e<%|%>
74bb869d-fb9d-4378-abc8-1068583b4421<%|%>07b445f1-6e5a-4029-af9f-f6ffbd3161c2<%|%>
7501af23-089d-4673-a55f-ca133884eeb7<%|%>6a24b766-1481-403c-a9f6-9ff2cb7ca319<%|%>
e8668b31-ce6c-4f80-828b-fdf8ee3669ed<%|%>52efc218-819b-4de5-af63-cbd84679c375<%|%>
1848174d-2ac6-41ca-8566-feb0fa476fbb<%|%>5b46a29d-0405-4a5d-83f7-9b6c0954b3f2<%|%>
953fb6fa-88e6-49a1-bce1-6f552914eb3a<%|%>5b46a29d-0405-4a5d-83f7-9b6c0954b3f2<%|%>
e1e03930-8e21-4bdc-b580-6e65640f55fb<%|%>5b46a29d-0405-4a5d-83f7-9b6c0954b3f2<%|%>
78d39cea-f5e2-4f20-9dc9-7bc1f4f1414c<%|%>5b46a29d-0405-4a5d-83f7-9b6c0954b3f2<%|%>
297c5f21-7866-4887-8a82-110bf0034c3f<%|%>9caf7c7c-7bb0-4b82-ba1c-7ce15db103b9<%|%>
d85ad08f-47d9-4866-987a-9b2c3f79d037<%|%>9caf7c7c-7bb0-4b82-ba1c-7ce15db103b9<%|%>
e381c214-b721-4665-9785-da232bbf98f5<%|%>6f398b56-b21f-4e8b-9637-ed85b609975e<%|%>
01d27c80-e7f3-499f-bc7d-a2658490018b<%|%>6f398b56-b21f-4e8b-9637-ed85b609975e<%|%>
f6c28203-4b42-4db0-8df7-c486eb152736<%|%>6a24b766-1481-403c-a9f6-9ff2cb7ca319<%|%>
b097999d-ac39-457c-ae10-07962c4a0ed4<%|%>52efc218-819b-4de5-af63-cbd84679c375<%|%>
e6eef35f-2cf2-4caf-ac05-4defd380a85b<%|%>d590fece-761c-4fc1-bdba-e48e4b75072c<%|%>
6f0f417c-932a-460f-98d0-363e8638ebb5<%|%>5b46a29d-0405-4a5d-83f7-9b6c0954b3f2<%|%>
ebc07cf3-b9c4-4a01-b5e6-2cdffc0c5f0e<%|%>1ac7025b-d16f-4016-9826-7e357f9df4c4<%|%>
9a9c41e7-8271-4894-85af-1b52448b0cbf<%|%>13d8a76a-3de9-4943-bb02-8a19d0f4b8da<%|%>
db2d08bd-6620-4e4b-bc23-4c7faef4350a<%|%>faa5b622-eb72-403a-b13d-5a32aeddbb04<%|%>
e8ba1cea-a729-448c-a218-512728f1f458<%|%>faa5b622-eb72-403a-b13d-5a32aeddbb04<%|%>
8e959cd4-ac2a-4ad2-b314-0b5e1053535b<%|%>faa5b622-eb72-403a-b13d-5a32aeddbb04<%|%>
e0226dbe-80a6-4182-825d-659ae1bd9ef4<%|%>faa5b622-eb72-403a-b13d-5a32aeddbb04<%|%>
4ec8e0ff-b9a5-4238-ae78-cc6c5587ef9e<%|%>faa5b622-eb72-403a-b13d-5a32aeddbb04<%|%>
73fcd12c-14d5-4d64-9ea8-16a78b6d614f<%|%>05efc26b-c337-4dd5-82ff-b861ada0ef6d<%|%>
e9e43854-191d-4064-99f6-31c7986085b4<%|%>13d8a76a-3de9-4943-bb02-8a19d0f4b8da<%|%>
88f4e305-95d5-4e29-8418-c917545dcc19<%|%>09610378-70a7-4232-9b5f-a9f3e365d489<%|%>
5c499bb8-4845-4021-b962-65edcf5617d8<%|%>09610378-70a7-4232-9b5f-a9f3e365d489<%|%>
9bcfc972-5b97-491f-8375-7481fc066fe9<%|%>faa5b622-eb72-403a-b13d-5a32aeddbb04<%|%>
8771da8d-7931-4c86-ac1e-9e1b4b9d2f68<%|%>13d8a76a-3de9-4943-bb02-8a19d0f4b8da<%|%>
32b4ec76-9d62-48e3-996a-97816a56fd30<%|%>13d8a76a-3de9-4943-bb02-8a19d0f4b8da<%|%>
2e116446-ffcc-4b77-b9cc-5604214dcf40<%|%>6f398b56-b21f-4e8b-9637-ed85b609975e<%|%>
435f9276-cd7c-4ee7-9741-4526cdfe9b54<%|%>285ed49a-694f-41ea-b013-6cb81fe862f1<%|%>
d91f6739-a750-4397-9c2b-d7490cd1e809<%|%>6f398b56-b21f-4e8b-9637-ed85b609975e<%|%>
481c621f-47db-4218-8b3a-dffb14aab97c<%|%>6f398b56-b21f-4e8b-9637-ed85b609975e<%|%>
11bf1087-133f-4b7b-8602-f749482aade0<%|%>5125cf9e-d886-425b-b864-f9937895e5f6<%|%>
05d6d03e-4e08-4b8e-b05c-7cfdcc61307b<%|%>09610378-70a7-4232-9b5f-a9f3e365d489<%|%>
589d65e9-c05c-45b6-b0fa-b3757e173e47<%|%>09610378-70a7-4232-9b5f-a9f3e365d489<%|%>
3810ba19-58a0-4adf-ad25-00cb4b1ad32b<%|%>09610378-70a7-4232-9b5f-a9f3e365d489<%|%>
7f9716bd-1475-43f3-82df-7719192a6110<%|%>5125cf9e-d886-425b-b864-f9937895e5f6<%|%>
cbd8a04a-113d-4c2f-8e3c-35c0137cf4d8<%|%>5125cf9e-d886-425b-b864-f9937895e5f6<%|%>
1a33fa2a-0aaa-450e-80a3-22283daf4bdd<%|%>09610378-70a7-4232-9b5f-a9f3e365d489<%|%>
7a163204-d869-4c18-8a81-1c57c3d4c36d<%|%>07b445f1-6e5a-4029-af9f-f6ffbd3161c2<%|%>
c2e18524-7f31-48d2-8b67-7501e8208a0a<%|%>7866d7db-1836-4677-acf7-b2fa08b28806<%|%>
1537b44e-a2a0-40e4-9dad-f0f28bb5ce52<%|%>09610378-70a7-4232-9b5f-a9f3e365d489<%|%>
44446c94-9de9-4b02-8576-5f60fe58b081<%|%>07b445f1-6e5a-4029-af9f-f6ffbd3161c2<%|%>
cc23386a-7fb0-4b0e-a593-ccc954a1025f<%|%>7866d7db-1836-4677-acf7-b2fa08b28806<%|%>
f752e9a2-117c-4f66-8eb7-abb6195db88d<%|%>09610378-70a7-4232-9b5f-a9f3e365d489<%|%>
61169d02-c388-4c49-9f12-95c2bc5b2b56<%|%>8ea72778-6652-49d8-8ce8-084561ac0a3d<%|%>
7fd15bc7-5cf8-4dd2-81b4-d2541edb1393<%|%>09610378-70a7-4232-9b5f-a9f3e365d489<%|%>
b9ce9444-f949-42b2-811c-f9d5c06b9827<%|%>faa5b622-eb72-403a-b13d-5a32aeddbb04<%|%>
2c0c5081-1bd6-4e05-86d4-ff5d3ee0dd92<%|%>faa5b622-eb72-403a-b13d-5a32aeddbb04<%|%>
5ec2888e-9115-4417-83a2-08770a58dc47<%|%>07b445f1-6e5a-4029-af9f-f6ffbd3161c2<%|%>
c5d12b77-5c9b-492a-8d38-88aa6055d484<%|%>07b445f1-6e5a-4029-af9f-f6ffbd3161c2<%|%>
b1d871a3-9bcf-4a98-9223-2172b31042d4<%|%>07b445f1-6e5a-4029-af9f-f6ffbd3161c2<%|%>
daa047e4-069b-415c-a367-a975bad7d7a4<%|%>1911ac74-ee40-49e6-a636-af6e48fc37f2<%|%>
80fbd1d4-23b5-4a67-bd67-972d4e5c5642<%|%>1911ac74-ee40-49e6-a636-af6e48fc37f2<%|%>
94735c3c-72e7-47eb-b32c-9c9f0845b52e<%|%>8b7031f1-d9bb-4b7a-8fa9-4604a1f7f1cb<%|%>
46c3f26f-ba08-46f2-8747-0c5327ea61c9<%|%>faa5b622-eb72-403a-b13d-5a32aeddbb04<%|%>
a9775b1b-7e19-461b-a0c5-d30c367537ca<%|%>a686c3c0-41d1-472d-b45d-13fb96151067<%|%>
5dfefa10-5c93-4bac-b816-1cac8b23be2e<%|%>88f56d2d-8070-4eea-b2a7-5ce4124bc6f5<%|%>
31fafb60-3666-4a75-8578-b71141677706<%|%>52efc218-819b-4de5-af63-cbd84679c375<%|%>
8207cea3-e4b9-4528-a1fb-3f867c5efabb<%|%>faa5b622-eb72-403a-b13d-5a32aeddbb04<%|%>
357018d7-383d-49be-a983-21abe9a4e8fa<%|%>faa5b622-eb72-403a-b13d-5a32aeddbb04<%|%>
dded7c86-998d-49a5-991e-a8f7b378fb26<%|%>faa5b622-eb72-403a-b13d-5a32aeddbb04<%|%>
b64a63e6-a2da-4444-885f-7ab976656ab9<%|%>faa5b622-eb72-403a-b13d-5a32aeddbb04<%|%>
96c09cdb-cb28-42ac-a95b-f71b2ae7b4b5<%|%>faa5b622-eb72-403a-b13d-5a32aeddbb04<%|%>
6fce21d6-cc58-4f6f-a953-7c4bf3e100eb<%|%>faa5b622-eb72-403a-b13d-5a32aeddbb04<%|%>
992bbe81-cd60-49bf-9df5-29008387d6cf<%|%>faa5b622-eb72-403a-b13d-5a32aeddbb04<%|%>
ba64e41f-e0f2-4692-bb76-1aaed3ad61ea<%|%>faa5b622-eb72-403a-b13d-5a32aeddbb04<%|%>
8e4ac3f1-682f-4cfa-927d-8b63e6f47378<%|%>6f398b56-b21f-4e8b-9637-ed85b609975e<%|%>
a92a6f53-0dc7-4b62-99e1-b5310afc9a15<%|%>52efc218-819b-4de5-af63-cbd84679c375<%|%>
21a85d78-8f7d-4a72-9d54-1961afc4a976<%|%>88f56d2d-8070-4eea-b2a7-5ce4124bc6f5<%|%>
1d4e5216-c1a4-49e4-a1e5-a365d476a7d5<%|%>88f56d2d-8070-4eea-b2a7-5ce4124bc6f5<%|%>
5a3f0042-ddd2-460e-9bd0-b2f8f1e48fca<%|%>6a24b766-1481-403c-a9f6-9ff2cb7ca319<%|%>
714628b2-99d0-4a53-bde5-6a1e1fe05c73<%|%>52efc218-819b-4de5-af63-cbd84679c375<%|%>
d3b383e3-0ede-488e-9af4-b25f1c38d3ad<%|%>6a24b766-1481-403c-a9f6-9ff2cb7ca319<%|%>
dce8379b-55e5-4559-8d28-4021da385a9b<%|%>a686c3c0-41d1-472d-b45d-13fb96151067<%|%>
cada7db5-d056-4094-b661-645e9f6724ed<%|%>88f56d2d-8070-4eea-b2a7-5ce4124bc6f5<%|%>
3b774c76-a085-495c-bff8-d091afed8828<%|%>6f398b56-b21f-4e8b-9637-ed85b609975e<%|%>
d47e46aa-1941-4279-9cde-fa248de3cbd7<%|%>07b445f1-6e5a-4029-af9f-f6ffbd3161c2<%|%>
4de81923-de4b-461f-8c7c-b89b39ae77e7<%|%>a72a3567-3986-40cf-aa8c-ba7d58f492d8<%|%>
7284b870-e2ac-4ccd-95e7-4c3f5526f5bd<%|%>a686c3c0-41d1-472d-b45d-13fb96151067<%|%>
44fb7e7a-50d1-4b5e-828a-ca64b01477de<%|%>a686c3c0-41d1-472d-b45d-13fb96151067<%|%>
97226228-5d9f-4276-8918-f2dcf805291d<%|%>a686c3c0-41d1-472d-b45d-13fb96151067<%|%>
7f168201-0ec3-4cba-8cb0-30c7ee28dfc0<%|%>a686c3c0-41d1-472d-b45d-13fb96151067<%|%>
76678d1d-b472-47f0-aebc-7f312a679057<%|%>6a24b766-1481-403c-a9f6-9ff2cb7ca319<%|%>
f61c8996-104f-4f1d-954a-2c5a26e31f1c<%|%>faa5b622-eb72-403a-b13d-5a32aeddbb04<%|%>
ee727e1e-45e9-4693-aa71-f593ebb16bc2<%|%>6a24b766-1481-403c-a9f6-9ff2cb7ca319<%|%>
ceb654ad-3c18-4c73-9eee-69ab550cbe31<%|%>6a24b766-1481-403c-a9f6-9ff2cb7ca319<%|%>
2a75af72-0c50-4953-99d5-f8a7bdc57596<%|%>6a24b766-1481-403c-a9f6-9ff2cb7ca319<%|%>
525ff18b-7ac5-4c41-a6de-f4af7c85aa88<%|%>6a24b766-1481-403c-a9f6-9ff2cb7ca319<%|%>
d92157c2-6711-45f5-a4d0-a3855832f1bd<%|%>a686c3c0-41d1-472d-b45d-13fb96151067<%|%>
56b4ffdd-5417-4f7c-a572-c528170e9ceb<%|%>6f398b56-b21f-4e8b-9637-ed85b609975e<%|%>
63132b5f-2694-4b6a-ac64-17660fc04077<%|%>a686c3c0-41d1-472d-b45d-13fb96151067<%|%>
4cdf3bb2-979e-4f70-aaef-fadeb1a6f0cb<%|%>a686c3c0-41d1-472d-b45d-13fb96151067<%|%>
46c59317-53b4-484b-8ee0-5e81650c6a86<%|%>a686c3c0-41d1-472d-b45d-13fb96151067<%|%>
dc571ea5-6692-428e-89a7-05ad7ea34dbb<%|%>a686c3c0-41d1-472d-b45d-13fb96151067<%|%>
6da4759f-62ec-4131-ad35-e79bc846cd20<%|%>a686c3c0-41d1-472d-b45d-13fb96151067<%|%>
7988f729-9a99-42ff-88d5-4498054a2d32<%|%>6a24b766-1481-403c-a9f6-9ff2cb7ca319<%|%>
20899bd9-df15-4d8d-aad5-be606e9062d5<%|%>07b445f1-6e5a-4029-af9f-f6ffbd3161c2<%|%>
905fd6eb-21c0-432c-97c1-a488098e9097<%|%>faa5b622-eb72-403a-b13d-5a32aeddbb04<%|%>
f1ddb0ca-2f04-40a5-b401-3c62fe8ef6e4<%|%>faa5b622-eb72-403a-b13d-5a32aeddbb04<%|%>
c2574bf8-03a5-4312-9a70-8879d02cfdc5<%|%>faa5b622-eb72-403a-b13d-5a32aeddbb04<%|%>
c7b8681e-9125-41f9-900d-07dc662cdd2b<%|%>faa5b622-eb72-403a-b13d-5a32aeddbb04<%|%>
b680d84e-e4b9-4821-bd26-d547cffe9b98<%|%>faa5b622-eb72-403a-b13d-5a32aeddbb04<%|%>
e8188f71-a49f-4871-938f-3968c8da5ae8<%|%>a686c3c0-41d1-472d-b45d-13fb96151067<%|%>
4bb6c9fb-b630-461b-a00b-c8a9ece91ca0<%|%>a686c3c0-41d1-472d-b45d-13fb96151067<%|%>
49e72d65-9785-4a12-b819-120ea2dc8636<%|%>a686c3c0-41d1-472d-b45d-13fb96151067<%|%>
fa912b5c-0c61-4361-a2dc-89a45b4d9abe<%|%>a686c3c0-41d1-472d-b45d-13fb96151067<%|%>
b61e604d-20b8-4088-a9b4-574e0dd01b5f<%|%>13d8a76a-3de9-4943-bb02-8a19d0f4b8da<%|%>
8f0fc624-bd1e-4c29-9649-0e860ae0f410<%|%>a686c3c0-41d1-472d-b45d-13fb96151067<%|%>
79f35981-23ce-4ccf-a18a-3da3698a6782<%|%>58bf9cae-8a0f-446d-afa8-9a565bc3e7c0<%|%>
d8d400e6-2d36-4cce-aaad-a135a2ff0a72<%|%>1911ac74-ee40-49e6-a636-af6e48fc37f2<%|%>
13e1895e-f07b-4788-89ab-386af58cdf29<%|%>5b46a29d-0405-4a5d-83f7-9b6c0954b3f2<%|%>
18967a31-44c8-46c9-b076-f570497571d6<%|%>6f398b56-b21f-4e8b-9637-ed85b609975e<%|%>
774c38cc-8978-402e-afb6-1e136aae75ca<%|%>7887d249-5dbf-4adb-bf09-fd0dc089ba41<%|%>
a5268e1a-f550-4413-8dfc-bc8461ef531c<%|%>1c947a88-f38b-4d1b-8bcc-0d8ef6fb9dd7<%|%>
5486eec4-ef8b-4836-974c-9752acaa70dc<%|%>1c947a88-f38b-4d1b-8bcc-0d8ef6fb9dd7<%|%>
9d7af805-57ec-4b36-a54c-2ac7056ca9d9<%|%>1c947a88-f38b-4d1b-8bcc-0d8ef6fb9dd7<%|%>
fdc01971-eb43-4fb3-8e14-0d786c081e76<%|%>9caf7c7c-7bb0-4b82-ba1c-7ce15db103b9<%|%>
54fb1473-e22f-406f-a228-e1d6fc66233f<%|%>9caf7c7c-7bb0-4b82-ba1c-7ce15db103b9<%|%>
55848351-6496-46c4-915d-7d9eb49a3cb3<%|%>58bf9cae-8a0f-446d-afa8-9a565bc3e7c0<%|%>
87b35c30-f57e-4eda-81b7-706a7e21c43c<%|%>58bf9cae-8a0f-446d-afa8-9a565bc3e7c0<%|%>
e4540b21-f41d-4d97-a27c-2c37428ee954<%|%>faa5b622-eb72-403a-b13d-5a32aeddbb04<%|%>
e70180ea-1a7e-478d-bdc3-143adcbf29f8<%|%>faa5b622-eb72-403a-b13d-5a32aeddbb04<%|%>
d420eb5e-bcdd-4674-9f7a-1b976cce52bd<%|%>07b445f1-6e5a-4029-af9f-f6ffbd3161c2<%|%>
834a882e-8b1d-4fb5-9552-0799ba52db11<%|%>faa5b622-eb72-403a-b13d-5a32aeddbb04<%|%>
649cc36f-41a5-44e3-969c-1ef00eee6f11<%|%>faa5b622-eb72-403a-b13d-5a32aeddbb04<%|%>
d35b8f6a-af42-4186-b896-0e8e63acd08d<%|%>faa5b622-eb72-403a-b13d-5a32aeddbb04<%|%>
198ef692-59b9-43f4-8e2e-6cc565fd5a4b<%|%>13d8a76a-3de9-4943-bb02-8a19d0f4b8da<%|%>
58aabf2d-5e4f-46d5-a5e6-ec6bbaba8d8a<%|%>13d8a76a-3de9-4943-bb02-8a19d0f4b8da<%|%>
e7905f37-1b86-432f-ad0e-f99711534088<%|%>13d8a76a-3de9-4943-bb02-8a19d0f4b8da<%|%>
b43e9410-a861-4fca-be3b-bbe2cfc3520e<%|%>faa5b622-eb72-403a-b13d-5a32aeddbb04<%|%>
0810f06d-cefc-4e65-89f6-5d0638c0da6a<%|%>2b5518dd-d03d-4794-a463-6f3c0425877c<%|%>
76fabcfd-67df-4dbd-b73d-63852d253daf<%|%>d590fece-761c-4fc1-bdba-e48e4b75072c<%|%>
0dec3ff1-25ee-4128-90f1-92dc2dae5fce<%|%>1c947a88-f38b-4d1b-8bcc-0d8ef6fb9dd7<%|%>
0002f7eb-f9ad-4a98-bf87-8d8652d4c92a<%|%>faa5b622-eb72-403a-b13d-5a32aeddbb04<%|%>
9a36b8a2-dd87-4ce2-84a9-1e9e4b06a0d3<%|%>faa5b622-eb72-403a-b13d-5a32aeddbb04<%|%>
f558c08d-ae8d-4918-8608-c43e4584aa9a<%|%>faa5b622-eb72-403a-b13d-5a32aeddbb04<%|%>
9fee94fa-5a44-4797-acc9-f43c8af0c7ec<%|%>faa5b622-eb72-403a-b13d-5a32aeddbb04<%|%>
f661dd72-2d18-42e4-8cfa-89018d897fba<%|%>faa5b622-eb72-403a-b13d-5a32aeddbb04<%|%>
2fee6c95-645b-44cf-a0a2-50cf93216880<%|%>faa5b622-eb72-403a-b13d-5a32aeddbb04<%|%>
7dc37da0-d057-45d6-92cf-84e28fc29dca<%|%>faa5b622-eb72-403a-b13d-5a32aeddbb04<%|%>
c83d8375-b094-45e8-9cad-93240acf6378<%|%>07b445f1-6e5a-4029-af9f-f6ffbd3161c2<%|%>
ee6698a9-b77d-4249-9097-641308f77b44<%|%>d590fece-761c-4fc1-bdba-e48e4b75072c<%|%>
05bcc7b7-0c0e-4931-aa46-199985343be2<%|%>d590fece-761c-4fc1-bdba-e48e4b75072c<%|%>
343612d6-e79e-4db4-8486-0eca86029264<%|%>5b46a29d-0405-4a5d-83f7-9b6c0954b3f2<%|%>
381db719-a28d-4943-aeb5-6ca9e58c1bee<%|%>5b46a29d-0405-4a5d-83f7-9b6c0954b3f2<%|%>
112906ca-5b65-4743-b8b7-6c4dfac92d74<%|%>faa5b622-eb72-403a-b13d-5a32aeddbb04<%|%>
9dda1536-33c6-49d6-ab87-2e57136dac82<%|%>faa5b622-eb72-403a-b13d-5a32aeddbb04<%|%>
ccd93113-d57d-400f-b07d-263b1499f801<%|%>faa5b622-eb72-403a-b13d-5a32aeddbb04<%|%>
18cddd15-5676-4c18-8f4c-2d007b72a90f<%|%>faa5b622-eb72-403a-b13d-5a32aeddbb04<%|%>
bfca737c-f3cd-45dd-ac15-3a553c344b6f<%|%>07b445f1-6e5a-4029-af9f-f6ffbd3161c2<%|%>
86a330fc-047a-4068-92be-794ec7a57437<%|%>07b445f1-6e5a-4029-af9f-f6ffbd3161c2<%|%>
1b6ddd4f-6e7f-40b9-b2c5-a68edb0de297<%|%>07b445f1-6e5a-4029-af9f-f6ffbd3161c2<%|%>
a06f1bb6-1eec-409b-b343-94fc46331c88<%|%>07b445f1-6e5a-4029-af9f-f6ffbd3161c2<%|%>
ac0609d0-4a06-4a4e-aad9-60efeb8db0f6<%|%>07b445f1-6e5a-4029-af9f-f6ffbd3161c2<%|%>
b64b6414-caf8-42dc-be0c-37f9c8b45cd3<%|%>07b445f1-6e5a-4029-af9f-f6ffbd3161c2<%|%>
26315e42-2ce1-4b0f-990e-ce706355635e<%|%>07b445f1-6e5a-4029-af9f-f6ffbd3161c2<%|%>
e7f99221-e534-4b1b-87f8-5abd5712fc21<%|%>1c947a88-f38b-4d1b-8bcc-0d8ef6fb9dd7<%|%>
51e859a1-03b1-4309-8f5f-b772d0a2d881<%|%>2b5518dd-d03d-4794-a463-6f3c0425877c<%|%>
76b3c32a-ce3e-4746-8cb0-891f7da23976<%|%>07b445f1-6e5a-4029-af9f-f6ffbd3161c2<%|%>
a1586f36-fa4d-4632-8a9f-994808198bea<%|%>bfaeb4c9-cfe3-46d9-b77f-7e47209cac1d<%|%>
2cae1bb8-dfe7-4b1f-8e61-aa2edcf2f041<%|%>9cc8fa2b-8e9f-44b8-9260-518445366356<%|%>
1ae23416-2e03-4293-8f3f-ac4b68cd37c9<%|%>1ac7025b-d16f-4016-9826-7e357f9df4c4<%|%>
d47daace-8424-46fb-95cb-6f445e90d764<%|%>faa5b622-eb72-403a-b13d-5a32aeddbb04<%|%>
ae1e7f88-6f5f-4327-8137-d3bc32348d48<%|%>1ac7025b-d16f-4016-9826-7e357f9df4c4<%|%>
5f1d522e-e6de-4f93-9ed6-9936595bf145<%|%>88f56d2d-8070-4eea-b2a7-5ce4124bc6f5<%|%>
677fab27-c0cb-4acf-b6d6-f8c09def7ec1<%|%>88f56d2d-8070-4eea-b2a7-5ce4124bc6f5<%|%>
5d9458c8-42b3-4147-a172-3ff198c28a49<%|%>07b445f1-6e5a-4029-af9f-f6ffbd3161c2<%|%>
c8a7ee7c-a167-43d2-bc53-000553f4b707<%|%>07b445f1-6e5a-4029-af9f-f6ffbd3161c2<%|%>
f87ec514-0597-4d1d-99e2-96c3c9df4a6a<%|%>faa5b622-eb72-403a-b13d-5a32aeddbb04<%|%>
ee7a44ee-6a9f-457e-b5bb-05eb3df98ad3<%|%>faa5b622-eb72-403a-b13d-5a32aeddbb04<%|%>
dd51fed7-8181-475d-b59a-98e47ae8d8dd<%|%>faa5b622-eb72-403a-b13d-5a32aeddbb04<%|%>
31d4ce9b-f42c-4a69-b36f-8f5cebf0a78d<%|%>9caf7c7c-7bb0-4b82-ba1c-7ce15db103b9<%|%>
97e76e31-cf35-4e5f-b159-074deb1e817a<%|%>9caf7c7c-7bb0-4b82-ba1c-7ce15db103b9<%|%>
5e9a94f5-8a4c-4245-8e29-e0152e340e9d<%|%>d590fece-761c-4fc1-bdba-e48e4b75072c<%|%>
9a030520-a32e-44a9-9b7f-8ae61974266a<%|%>1c947a88-f38b-4d1b-8bcc-0d8ef6fb9dd7<%|%>
e7853a00-9e86-40b6-8c4a-0dff2a14d3cb<%|%>7887d249-5dbf-4adb-bf09-fd0dc089ba41<%|%>
e6cf9a31-6475-444f-a23f-ae27a213f2f2<%|%>7887d249-5dbf-4adb-bf09-fd0dc089ba41<%|%>
962f1835-cd05-4578-b447-94db6f9b124a<%|%>07b445f1-6e5a-4029-af9f-f6ffbd3161c2<%|%>
4aab3dfb-f1bd-4859-b322-1276fd5a0aea<%|%>bfaeb4c9-cfe3-46d9-b77f-7e47209cac1d<%|%>
ac128ce8-0e06-48f2-bbde-90ac1654fb68<%|%>6f398b56-b21f-4e8b-9637-ed85b609975e<%|%>
29657a41-ba1f-42ed-b338-6fd30a4df776<%|%>07b445f1-6e5a-4029-af9f-f6ffbd3161c2<%|%>
80c57987-3f80-429a-a794-7bd7d9ba9e24<%|%>faa5b622-eb72-403a-b13d-5a32aeddbb04<%|%>
bae55cf0-0bf8-4f44-9e9c-cbbb4afdd579<%|%>faa5b622-eb72-403a-b13d-5a32aeddbb04<%|%>
4c3ec6bc-6071-4ed9-bd3f-ca787e5ebe1c<%|%>faa5b622-eb72-403a-b13d-5a32aeddbb04<%|%>
c2296798-d34c-4170-aeea-a2d7bd73ab39<%|%>faa5b622-eb72-403a-b13d-5a32aeddbb04<%|%>
19272b48-3ec6-45c2-8e2b-6ec30484381f<%|%>07b445f1-6e5a-4029-af9f-f6ffbd3161c2<%|%>
2437083a-5e8e-4a67-ade6-b4b0dc3e845c<%|%>451b8fd8-23ef-45d9-aa89-7556d4fb924b<%|%>
fd6a7562-f29b-4c00-a3c3-f53f74d11fa1<%|%>07b445f1-6e5a-4029-af9f-f6ffbd3161c2<%|%>
8b968a47-9831-4128-b182-26716733feed<%|%>07b445f1-6e5a-4029-af9f-f6ffbd3161c2<%|%>
5417ff3b-c62b-4e4e-99d9-f411594fdecc<%|%>07b445f1-6e5a-4029-af9f-f6ffbd3161c2<%|%>
fd80a8b0-b4f4-4963-88eb-6e2481efab2c<%|%>07b445f1-6e5a-4029-af9f-f6ffbd3161c2<%|%>
977685e7-1902-413b-b5cc-a4f840ceeac9<%|%>07b445f1-6e5a-4029-af9f-f6ffbd3161c2<%|%>
f0af4bbd-2a3e-4a01-b20f-1fb7a9faef39<%|%>07b445f1-6e5a-4029-af9f-f6ffbd3161c2<%|%>
0f023366-3c58-450d-96dd-e99afc991495<%|%>07b445f1-6e5a-4029-af9f-f6ffbd3161c2<%|%>
5d0ec74b-1f73-4c46-86d7-4dc3b5fa2d10<%|%>faa5b622-eb72-403a-b13d-5a32aeddbb04<%|%>
542c2db3-587b-424d-9132-3d66f4c4eaf9<%|%>07b445f1-6e5a-4029-af9f-f6ffbd3161c2<%|%>
286b00c7-bc00-4a6c-b31d-fbe365e62ff5<%|%>faa5b622-eb72-403a-b13d-5a32aeddbb04<%|%>
47e3f0b1-54b5-4fef-b227-cb0ac4fcf766<%|%>6f398b56-b21f-4e8b-9637-ed85b609975e<%|%>
0744855e-7378-4d1b-9185-2618f01c0100<%|%>db00ff30-6a7c-4326-bd1f-784d1041c035<%|%>
87b4e46f-b91b-49b6-ba6b-757b7cf0006d<%|%>7887d249-5dbf-4adb-bf09-fd0dc089ba41<%|%>
400233ab-5034-45ce-b48f-c3f27d354778<%|%>7887d249-5dbf-4adb-bf09-fd0dc089ba41<%|%>
f4b9f68b-0427-4543-9733-c874580d5170<%|%>09610378-70a7-4232-9b5f-a9f3e365d489<%|%>
232ece34-ff8c-4796-95e6-c4d73ffb0a01<%|%>07b445f1-6e5a-4029-af9f-f6ffbd3161c2<%|%>
1c2e2c27-a1b6-4f7a-ab35-a748f5540d7f<%|%>07b445f1-6e5a-4029-af9f-f6ffbd3161c2<%|%>
8217e00f-596c-45fc-b897-f1f39ec2e12b<%|%>2b5518dd-d03d-4794-a463-6f3c0425877c<%|%>
222d723c-58df-464b-a947-4c08138404e9<%|%>1c947a88-f38b-4d1b-8bcc-0d8ef6fb9dd7<%|%>
2992b800-2061-47bf-ac96-4cf1409e6ba5<%|%>07b445f1-6e5a-4029-af9f-f6ffbd3161c2<%|%>
90809f7d-7577-4a59-96ef-acdee6c99ef4<%|%>6f398b56-b21f-4e8b-9637-ed85b609975e<%|%>
5115f0d9-e3ce-4b70-9e1d-24003ff04a88<%|%>07b445f1-6e5a-4029-af9f-f6ffbd3161c2<%|%>
961fb129-e03f-48b5-aa69-cea734852aeb<%|%>07b445f1-6e5a-4029-af9f-f6ffbd3161c2<%|%>
b3d11a91-765f-4b6a-8872-63f0eaf05511<%|%>07b445f1-6e5a-4029-af9f-f6ffbd3161c2<%|%>
457acd4a-6e5b-4236-9661-23248342c7bc<%|%>07b445f1-6e5a-4029-af9f-f6ffbd3161c2<%|%>
45987f53-bca3-449c-a9b1-19717a2eebfa<%|%>07b445f1-6e5a-4029-af9f-f6ffbd3161c2<%|%>
f102118f-d895-4cdd-ac4b-111d8b9f0c67<%|%>07b445f1-6e5a-4029-af9f-f6ffbd3161c2<%|%>
3f6b6274-6543-4883-98f8-10cdb4d353b1<%|%>07b445f1-6e5a-4029-af9f-f6ffbd3161c2<%|%>
6fceca5f-93cd-40e2-8d55-9fb9029d12dc<%|%>07b445f1-6e5a-4029-af9f-f6ffbd3161c2<%|%>
aa553689-5d62-46c0-a9ce-58e73a31b028<%|%>07b445f1-6e5a-4029-af9f-f6ffbd3161c2<%|%>
944c3281-8e12-4310-a74b-6de9119cbb6a<%|%>07b445f1-6e5a-4029-af9f-f6ffbd3161c2<%|%>
e9359750-cee1-4ff1-ade4-99fdbe7c9114<%|%>07b445f1-6e5a-4029-af9f-f6ffbd3161c2<%|%>
3060ba83-8a7d-46b7-be6d-1ef501cf2f42<%|%>07b445f1-6e5a-4029-af9f-f6ffbd3161c2<%|%>
cde5bc28-6822-4746-8a28-304fcad6ef92<%|%>07b445f1-6e5a-4029-af9f-f6ffbd3161c2<%|%>
563506e1-e7bf-4ad3-996d-29826e257c03<%|%>07b445f1-6e5a-4029-af9f-f6ffbd3161c2<%|%>
23995ed0-8acb-4c1b-8f80-fa241f8e2df9<%|%>07b445f1-6e5a-4029-af9f-f6ffbd3161c2<%|%>
56f242db-da1a-4c21-93fa-33766f487d57<%|%>07b445f1-6e5a-4029-af9f-f6ffbd3161c2<%|%>
f51bc427-5de0-4b0b-883b-d6f13f4b4b66<%|%>db00ff30-6a7c-4326-bd1f-784d1041c035<%|%>
c4c77d17-dcf0-4051-8965-acfdaac7d8a5<%|%>2b5518dd-d03d-4794-a463-6f3c0425877c<%|%>
c8c211ae-3c05-48e9-bf0c-b839c776d952<%|%>07b445f1-6e5a-4029-af9f-f6ffbd3161c2<%|%>
bbf4526e-588e-4d9d-91c4-0ecc0798dc58<%|%>6f398b56-b21f-4e8b-9637-ed85b609975e<%|%>
c9766f25-eb95-40f9-867c-7c5d582e3348<%|%>07b445f1-6e5a-4029-af9f-f6ffbd3161c2<%|%>
a93feff1-acb4-4bda-92a1-6314cf75c203<%|%>bfaeb4c9-cfe3-46d9-b77f-7e47209cac1d<%|%>
e73ed570-0a95-4c55-a46e-f43ef494d949<%|%>07b445f1-6e5a-4029-af9f-f6ffbd3161c2<%|%>
87ea0f69-1e6c-4e28-83ae-474c9895b439<%|%>07b445f1-6e5a-4029-af9f-f6ffbd3161c2<%|%>
76ee938e-0f1e-4a3a-9e61-482ac2f177b4<%|%>07b445f1-6e5a-4029-af9f-f6ffbd3161c2<%|%>
f061e1f8-0e63-4ad7-aad3-925729d5a813<%|%>07b445f1-6e5a-4029-af9f-f6ffbd3161c2<%|%>
82639ee4-e9ad-4dcb-92a8-08b54e77d575<%|%>07b445f1-6e5a-4029-af9f-f6ffbd3161c2<%|%>
87d1114c-4463-4807-b382-bff31b29efcc<%|%>1ac7025b-d16f-4016-9826-7e357f9df4c4<%|%>
baea6203-2e15-48f6-845a-4c7b71e99a8d<%|%>1ac7025b-d16f-4016-9826-7e357f9df4c4<%|%>
954035b5-f10e-40ac-adcf-2cc7e011c53f<%|%>1c947a88-f38b-4d1b-8bcc-0d8ef6fb9dd7<%|%>
023822f5-6513-4a29-9d2f-ee2ddab0322f<%|%>5125cf9e-d886-425b-b864-f9937895e5f6<%|%>
e7d5e586-dc61-490c-b222-fec728cc7590<%|%>1ac7025b-d16f-4016-9826-7e357f9df4c4<%|%>
49587f45-5c23-4be3-b8e0-fd6bc3061411<%|%>9caf7c7c-7bb0-4b82-ba1c-7ce15db103b9<%|%>
9af7369e-ef31-4684-b1fb-82a526ec405a<%|%>31082408-5390-4caa-adc6-e219a6ebef88<%|%>
9be6df41-d75a-47c3-b1e9-00f368390188<%|%>31082408-5390-4caa-adc6-e219a6ebef88<%|%>
6b31e121-7c8e-4736-9dc1-be6093bb45aa<%|%>09610378-70a7-4232-9b5f-a9f3e365d489<%|%>
c7766955-4ea7-4303-8a6e-2a771245748c<%|%>6f398b56-b21f-4e8b-9637-ed85b609975e<%|%>
615da791-7d45-4eb6-9533-ba0a693d9486<%|%>2b5518dd-d03d-4794-a463-6f3c0425877c<%|%>
8c50f9dc-ff75-44c7-9f75-cb1cfb008efb<%|%>31082408-5390-4caa-adc6-e219a6ebef88<%|%>
9a8ac9cb-60be-4d5f-89f4-b946f22c2394<%|%>09610378-70a7-4232-9b5f-a9f3e365d489<%|%>
3d3afc69-7712-46da-aaae-3f29551ddde6<%|%>05efc26b-c337-4dd5-82ff-b861ada0ef6d<%|%>
5e705626-ea92-4632-828c-00b7bb9c7860<%|%>564db941-d5b0-4543-9b2f-8b0cdf004499<%|%>
580db6d2-2e15-414b-8139-e526bb47cf38<%|%>564db941-d5b0-4543-9b2f-8b0cdf004499<%|%>
7626ccd6-70a8-44ad-97cc-e1b3d9acb69c<%|%>f2830962-b9f9-4c65-b08f-52112b75fd71<%|%>
1a474462-106b-46e9-b5d8-56ef8cfa6449<%|%>2b5518dd-d03d-4794-a463-6f3c0425877c<%|%>
08243c48-6d88-4b2e-864a-8fc7022364f7<%|%>09610378-70a7-4232-9b5f-a9f3e365d489<%|%>
4b4a173e-20e7-4458-9382-ec721b301d40<%|%>ab5bf2bf-1fad-40f9-8894-44d43e864e3e<%|%>
d072d8da-be68-413f-9ef6-85c33738e624<%|%>07b445f1-6e5a-4029-af9f-f6ffbd3161c2<%|%>
0844df70-1d79-4ff6-b439-b29253cfb573<%|%>6f398b56-b21f-4e8b-9637-ed85b609975e<%|%>
b8ed2510-98c6-4927-8505-2a7c42ac8972<%|%>07b445f1-6e5a-4029-af9f-f6ffbd3161c2<%|%>
0e6080f7-87b3-45d4-a8e3-86de23c5b402<%|%>ab5bf2bf-1fad-40f9-8894-44d43e864e3e<%|%>
f813d21c-69ae-4c74-8c32-c07057ecc3ab<%|%>4724a5d5-48aa-47c5-926a-a44f06dafa89<%|%>
7a4d8e18-bb65-43bc-9834-1a93389e1ab5<%|%>1911ac74-ee40-49e6-a636-af6e48fc37f2<%|%>
ef74fa62-f47d-4b7b-bd3e-7977ca18a8c3<%|%>1911ac74-ee40-49e6-a636-af6e48fc37f2<%|%>
d895ca08-13e2-45b4-ab5d-7c1fde20b544<%|%>09610378-70a7-4232-9b5f-a9f3e365d489<%|%>
89fdc540-5738-4392-8946-ed587b595fd0<%|%>2b80f525-d502-4f7b-98f2-60aa5de029fc<%|%>
dc192796-b495-4bdd-b69d-462db6e2f6af<%|%>2b80f525-d502-4f7b-98f2-60aa5de029fc<%|%>
bd749a37-9bb1-4410-884c-f5680b165d63<%|%>8b7031f1-d9bb-4b7a-8fa9-4604a1f7f1cb<%|%>
e0e72a54-b2f7-459b-afc9-c308fc64059c<%|%>d590fece-761c-4fc1-bdba-e48e4b75072c<%|%>
c35799dc-6c67-41c2-b8ff-8a73b482873c<%|%>07b445f1-6e5a-4029-af9f-f6ffbd3161c2<%|%>
8b6136d2-4ba2-4495-8b3b-866645d2f684<%|%>07b445f1-6e5a-4029-af9f-f6ffbd3161c2<%|%>
7a0da617-f6ef-4a3d-8957-fd38be035d39<%|%>4724a5d5-48aa-47c5-926a-a44f06dafa89<%|%>
6a88d139-94d2-46ad-b13a-39f8d03b05f3<%|%>4724a5d5-48aa-47c5-926a-a44f06dafa89<%|%>
6ccffc86-656d-414b-a50b-fac87572d0c3<%|%>d590fece-761c-4fc1-bdba-e48e4b75072c<%|%>
f1eb479c-7a4e-469d-8a0e-ea62e44846e7<%|%>d590fece-761c-4fc1-bdba-e48e4b75072c<%|%>
c962a4e2-7fe5-4dba-a03b-1d0dc5adcd21<%|%>285ed49a-694f-41ea-b013-6cb81fe862f1<%|%>
9e042bd2-a158-4406-b97f-a853664499e2<%|%>f2830962-b9f9-4c65-b08f-52112b75fd71<%|%>
beac46f4-1227-4c61-9291-09e0a52f0330<%|%>4724a5d5-48aa-47c5-926a-a44f06dafa89<%|%>
2dd67fb0-c47f-4afa-8b71-9d5ae120dd43<%|%>4724a5d5-48aa-47c5-926a-a44f06dafa89<%|%>
915e1a94-0606-4820-bdff-fd063c3e5fcf<%|%>4724a5d5-48aa-47c5-926a-a44f06dafa89<%|%>
892ce9da-4c06-4dab-a6fb-7cf3d2e05a7b<%|%>4724a5d5-48aa-47c5-926a-a44f06dafa89<%|%>
00ee5f8c-abf1-4402-b358-fac3b6a98bba<%|%>4724a5d5-48aa-47c5-926a-a44f06dafa89<%|%>
fad8f3c9-d7bf-455c-9386-b135f899e00f<%|%>07b445f1-6e5a-4029-af9f-f6ffbd3161c2<%|%>
efa3d7dc-0605-4a27-80a6-2128a2ab455b<%|%>4724a5d5-48aa-47c5-926a-a44f06dafa89<%|%>
37633525-f8b4-4357-914c-3ac230f53b34<%|%>4724a5d5-48aa-47c5-926a-a44f06dafa89<%|%>
c902f409-22dc-4992-b124-a7210632e7d5<%|%>31082408-5390-4caa-adc6-e219a6ebef88<%|%>
957f31f2-6304-4ff4-abbe-d2820bf3d6b5<%|%>faa5b622-eb72-403a-b13d-5a32aeddbb04<%|%>
3cb2a234-c472-4c03-bf70-6d2dc851308e<%|%>07b445f1-6e5a-4029-af9f-f6ffbd3161c2<%|%>
3e09d706-8d5a-422f-991d-f2a550d9ae5f<%|%>07b445f1-6e5a-4029-af9f-f6ffbd3161c2<%|%>
0c2f763d-63c4-4549-8092-66839689cbc2<%|%>77008074-56cb-487d-86b8-10d8040c6bc7<%|%>
bcf98b75-e955-433a-b313-0a722957ecce<%|%>77008074-56cb-487d-86b8-10d8040c6bc7<%|%>
ee33c218-6975-43f1-b69b-2c79acec1924<%|%>f05b5039-8368-4d06-836e-76451f84be6d<%|%>
fab18cbb-0e2c-4a86-af3d-1556746f0802<%|%>07b445f1-6e5a-4029-af9f-f6ffbd3161c2<%|%>
0957fe89-384d-4989-a6b5-6035f365dafc<%|%>07b445f1-6e5a-4029-af9f-f6ffbd3161c2<%|%>
4c8dd7df-0869-4b32-a427-c5545a383c1e<%|%>58bf9cae-8a0f-446d-afa8-9a565bc3e7c0<%|%>
9adbab2e-366a-41f2-b746-0fef0e140de7<%|%>6f398b56-b21f-4e8b-9637-ed85b609975e<%|%>
bb8aa9c8-23c9-4698-afde-02acaeb03b55<%|%>58bf9cae-8a0f-446d-afa8-9a565bc3e7c0<%|%>
72891f1f-1e0d-4d2f-8007-864814aadd91<%|%>13d8a76a-3de9-4943-bb02-8a19d0f4b8da<%|%>
7c5d25fb-95c7-4d74-a3de-33f7a0fa0a62<%|%>13d8a76a-3de9-4943-bb02-8a19d0f4b8da<%|%>
2d8e1abd-77cc-440c-8999-6f170fbf10bc<%|%>13d8a76a-3de9-4943-bb02-8a19d0f4b8da<%|%>
ed13629c-ad31-4420-89d9-05c50261d6fb<%|%>09610378-70a7-4232-9b5f-a9f3e365d489<%|%>
5df82b59-4498-4b66-8cc9-11d8db5781b0<%|%>07b445f1-6e5a-4029-af9f-f6ffbd3161c2<%|%>
2ffc6436-184d-4a67-b9d2-5ccf49c45355<%|%>07b445f1-6e5a-4029-af9f-f6ffbd3161c2<%|%>
04d9a7fd-c398-4c00-a192-fec0d847a854<%|%>09610378-70a7-4232-9b5f-a9f3e365d489<%|%>
72921f52-620f-4e8d-8f74-b2d874c0d911<%|%>09610378-70a7-4232-9b5f-a9f3e365d489<%|%>
d00f02cc-2320-43a6-94e9-6b5f0d90b801<%|%>09610378-70a7-4232-9b5f-a9f3e365d489<%|%>
33b44a66-388c-4693-a732-2b5f55312dc6<%|%>09610378-70a7-4232-9b5f-a9f3e365d489<%|%>
2bacd019-89ab-4a12-80e8-9ff5935bc474<%|%>09610378-70a7-4232-9b5f-a9f3e365d489<%|%>
46ae25ff-0455-4a5b-82d2-4894e8158e45<%|%>77008074-56cb-487d-86b8-10d8040c6bc7<%|%>
c5c5e388-2e47-43d3-a271-7779359bf25d<%|%>77008074-56cb-487d-86b8-10d8040c6bc7<%|%>
ca1f96b2-e690-4a82-8d8f-e02dd4ba7d76<%|%>77008074-56cb-487d-86b8-10d8040c6bc7<%|%>
0d7bf4d7-bb72-4aef-aeba-727f56931c07<%|%>09610378-70a7-4232-9b5f-a9f3e365d489<%|%>
c5eda26d-81e1-4f09-a4d3-c3ff24b68000<%|%>09610378-70a7-4232-9b5f-a9f3e365d489<%|%>
ccb6496f-7a09-49a3-9171-7d3c472ff3b4<%|%>ab5bf2bf-1fad-40f9-8894-44d43e864e3e<%|%>
4d33f55c-2753-4ce9-86fc-e166891d0574<%|%>f2830962-b9f9-4c65-b08f-52112b75fd71<%|%>
2a14f8f3-319f-4f7d-8433-2a404bff97f7<%|%>58bf9cae-8a0f-446d-afa8-9a565bc3e7c0<%|%>
bba36885-c0b2-48e0-afbf-d33adfc7853c<%|%>09610378-70a7-4232-9b5f-a9f3e365d489<%|%>
886371f4-2da6-4817-b902-fefdd74dfbe1<%|%>13d8a76a-3de9-4943-bb02-8a19d0f4b8da<%|%>
8991a684-c559-4a80-8285-cc5ec9d8d371<%|%>13d8a76a-3de9-4943-bb02-8a19d0f4b8da<%|%>
32e7d753-7f94-4479-a972-f266deceb86f<%|%>09610378-70a7-4232-9b5f-a9f3e365d489<%|%>
430311d5-d0f1-4b31-a5ff-378504b34f6b<%|%>6f398b56-b21f-4e8b-9637-ed85b609975e<%|%>
bb55d703-f0b8-498e-9299-20202c566882<%|%>07b445f1-6e5a-4029-af9f-f6ffbd3161c2<%|%>
ffab1b01-3141-4586-aeb4-1ca7a0da3ddd<%|%>07b445f1-6e5a-4029-af9f-f6ffbd3161c2<%|%>
72bbd775-dd7b-423b-b4f6-dc4f0717ef3b<%|%>07b445f1-6e5a-4029-af9f-f6ffbd3161c2<%|%>
3ffc774b-142d-4f18-8ed8-4649b1b8841b<%|%>bfaeb4c9-cfe3-46d9-b77f-7e47209cac1d<%|%>
dfd8f6fe-ba2b-4e8a-a297-3aa21a4b526a<%|%>07b445f1-6e5a-4029-af9f-f6ffbd3161c2<%|%>
6b64b605-77a0-408d-b342-1a61f3fb030b<%|%>07b445f1-6e5a-4029-af9f-f6ffbd3161c2<%|%>
8f700101-b157-45ac-839f-6c2485e6814a<%|%>07b445f1-6e5a-4029-af9f-f6ffbd3161c2<%|%>
92c20b0f-b58e-4912-9fa0-c20d3a2e96d1<%|%>07b445f1-6e5a-4029-af9f-f6ffbd3161c2<%|%>
b1f20720-2c77-4aee-9436-21afb47fe633<%|%>07b445f1-6e5a-4029-af9f-f6ffbd3161c2<%|%>
2bc3d151-823d-4b30-96c9-b29fbdc4adc2<%|%>09610378-70a7-4232-9b5f-a9f3e365d489<%|%>
53f97da5-802b-401c-bb01-c955ee0359cd<%|%>09610378-70a7-4232-9b5f-a9f3e365d489<%|%>
273cdbe3-4b68-454c-8e6e-3754f07403d9<%|%>09610378-70a7-4232-9b5f-a9f3e365d489<%|%>
80bf63cf-919d-4a47-8e05-176b4dd68433<%|%>09610378-70a7-4232-9b5f-a9f3e365d489<%|%>
fc7b2f21-f6e5-425b-88d6-2893a4812882<%|%>09610378-70a7-4232-9b5f-a9f3e365d489<%|%>
6074df59-f69c-47bb-aa4c-e95ef9e48edd<%|%>09610378-70a7-4232-9b5f-a9f3e365d489<%|%>
bf219c6c-7fee-434a-929c-fca03db0034d<%|%>09610378-70a7-4232-9b5f-a9f3e365d489<%|%>
46249ead-39fe-469a-bcfd-ffc01033c5e9<%|%>09610378-70a7-4232-9b5f-a9f3e365d489<%|%>
28eeb543-8718-4388-9e9a-763ba7ee4ab3<%|%>09610378-70a7-4232-9b5f-a9f3e365d489<%|%>
a04b8ccb-c8a1-470b-ba42-b555c0ebfc34<%|%>09610378-70a7-4232-9b5f-a9f3e365d489<%|%>
0760c011-1e36-437e-b806-731aeadbcb2f<%|%>09610378-70a7-4232-9b5f-a9f3e365d489<%|%>
04e391f1-b0b9-40c7-bf33-578a8c03bbfb<%|%>7887d249-5dbf-4adb-bf09-fd0dc089ba41<%|%>
293fe08e-38f4-47e1-9c8e-7d269fcaaf0d<%|%>07b445f1-6e5a-4029-af9f-f6ffbd3161c2<%|%>
c07829d5-03ef-4b61-8963-9766529eca2e<%|%>09610378-70a7-4232-9b5f-a9f3e365d489<%|%>
4c4d34f0-af7b-470e-925f-100137c7a49b<%|%>09610378-70a7-4232-9b5f-a9f3e365d489<%|%>
9f0ef5b8-e14c-4237-a314-c502c43c9c5b<%|%>bfaeb4c9-cfe3-46d9-b77f-7e47209cac1d<%|%>
4ed0a0a0-962d-40fc-963f-5206f5120d0b<%|%>07b445f1-6e5a-4029-af9f-f6ffbd3161c2<%|%>
14ea6a64-d60d-462c-93a3-c302fbfb408d<%|%>07b445f1-6e5a-4029-af9f-f6ffbd3161c2<%|%>
95ec7226-0b42-4cb5-9ab8-0e12691e4e60<%|%>07b445f1-6e5a-4029-af9f-f6ffbd3161c2<%|%>
caf089a3-32f0-4640-8c17-6785c83b80f4<%|%>07b445f1-6e5a-4029-af9f-f6ffbd3161c2<%|%>
f14e6153-80fc-47d4-8ebb-58af505a308a<%|%>07b445f1-6e5a-4029-af9f-f6ffbd3161c2<%|%>
e73790c7-ef3d-4228-8d24-1737064710f1<%|%>07b445f1-6e5a-4029-af9f-f6ffbd3161c2<%|%>
40f584a0-8012-443e-bb6a-a8922a4a0622<%|%>07b445f1-6e5a-4029-af9f-f6ffbd3161c2<%|%>
e2f83435-7a5a-4be2-b322-d0771a9687df<%|%>07b445f1-6e5a-4029-af9f-f6ffbd3161c2<%|%>
9b632a67-8ed5-450a-9958-b218cd86551a<%|%>07b445f1-6e5a-4029-af9f-f6ffbd3161c2<%|%>
a0bdf7b2-9e4d-4fbf-a2f9-a11d242d755d<%|%>07b445f1-6e5a-4029-af9f-f6ffbd3161c2<%|%>
ea5f5031-61d9-4745-9f4d-9c0420724882<%|%>7887d249-5dbf-4adb-bf09-fd0dc089ba41<%|%>
c4bc443a-7538-4284-a94d-616fc685c9f1<%|%>07b445f1-6e5a-4029-af9f-f6ffbd3161c2<%|%>
ce1ebd0e-ee27-464b-a210-3b358cc9b10b<%|%>d590fece-761c-4fc1-bdba-e48e4b75072c<%|%>
ac29b1ce-81ad-4391-88fb-54766b452089<%|%>07b445f1-6e5a-4029-af9f-f6ffbd3161c2<%|%>
d032134e-a4dc-4c0a-8293-beec71f737da<%|%>07b445f1-6e5a-4029-af9f-f6ffbd3161c2<%|%>
68d2463b-aa9e-4e40-bedb-318aa163d7aa<%|%>07b445f1-6e5a-4029-af9f-f6ffbd3161c2<%|%>
6b811c4b-29b8-454c-9334-9f7c9bdaf908<%|%>09610378-70a7-4232-9b5f-a9f3e365d489<%|%>
fa182c8f-532f-46c7-9732-ac818e54d72b<%|%>09610378-70a7-4232-9b5f-a9f3e365d489<%|%>
c0c54edb-1897-40da-9e1d-1ddcc0cdf52c<%|%>7887d249-5dbf-4adb-bf09-fd0dc089ba41<%|%>
8f1ff78a-897d-4886-bcdf-cd7bb333813c<%|%>a72a3567-3986-40cf-aa8c-ba7d58f492d8<%|%>
25fe5226-d36f-4213-a347-d1e6e489f770<%|%>381b69ca-7bf0-4d46-936d-4dd46dc9b4ad<%|%>
8f336e0e-a151-4f51-b4b5-73fe8e88aa7c<%|%>07b445f1-6e5a-4029-af9f-f6ffbd3161c2<%|%>
4f80f7f3-cf41-4757-9d8e-3fd63d94ffc6<%|%>07b445f1-6e5a-4029-af9f-f6ffbd3161c2<%|%>
6e6725b6-8511-41ef-9d52-e3209aceff02<%|%>07b445f1-6e5a-4029-af9f-f6ffbd3161c2<%|%>
8e1d89c5-375d-4810-b540-3e171a624dad<%|%>07b445f1-6e5a-4029-af9f-f6ffbd3161c2<%|%>
528d53ad-efe5-4e33-816f-a45d10bfa4b5<%|%>7887d249-5dbf-4adb-bf09-fd0dc089ba41<%|%>
1a5ecbf7-3b13-44b0-8916-0901a3584009<%|%>09610378-70a7-4232-9b5f-a9f3e365d489<%|%>
edbbe836-d98a-4313-b38f-d62b3cf8e172<%|%>07b445f1-6e5a-4029-af9f-f6ffbd3161c2<%|%>
94f88439-797e-4871-8dec-2aa241860b4b<%|%>6f398b56-b21f-4e8b-9637-ed85b609975e<%|%>
2d1bf953-47d6-4995-9d7f-74e2bab54db8<%|%>faa5b622-eb72-403a-b13d-5a32aeddbb04<%|%>
5a91f91e-d948-4a9a-97a7-2b62727f467d<%|%>faa5b622-eb72-403a-b13d-5a32aeddbb04<%|%>
7f33f4d1-96db-4781-a09c-a4a27af29a01<%|%>7887d249-5dbf-4adb-bf09-fd0dc089ba41<%|%>
fcb87140-6ff3-4729-aaa9-fe83c288c0f2<%|%>7887d249-5dbf-4adb-bf09-fd0dc089ba41<%|%>
58b78f20-acdb-40e1-992d-4e2925a98f5b<%|%>2b80f525-d502-4f7b-98f2-60aa5de029fc<%|%>
2a676afd-f76b-4ccb-b556-8256b2dbbc1d<%|%>72321e26-2a8a-475d-bf4d-bf11f37cafe5<%|%>
88476924-64f2-4586-a3a2-324258fd32a0<%|%>07b445f1-6e5a-4029-af9f-f6ffbd3161c2<%|%>
f65f9b8a-38b9-45dd-8eda-77848d6edabd<%|%>07b445f1-6e5a-4029-af9f-f6ffbd3161c2<%|%>
f98f046c-9b91-4b97-a031-c1d6f83b736c<%|%>07b445f1-6e5a-4029-af9f-f6ffbd3161c2<%|%>
fae64e8e-493d-4128-8aaa-9b23535792f3<%|%>07b445f1-6e5a-4029-af9f-f6ffbd3161c2<%|%>
2fd2e1bf-c352-42c7-bb1d-b0eb176d4d08<%|%>07b445f1-6e5a-4029-af9f-f6ffbd3161c2<%|%>
6e060592-5b4d-483c-8d17-c05beaab14cf<%|%>07b445f1-6e5a-4029-af9f-f6ffbd3161c2<%|%>
72b72561-1442-47ba-a91f-9ad8ad66d672<%|%>07b445f1-6e5a-4029-af9f-f6ffbd3161c2<%|%>
cb240e8d-5ed8-4c64-bc06-01dce5af1229<%|%>07b445f1-6e5a-4029-af9f-f6ffbd3161c2<%|%>
27608aac-ea98-4fec-bfb5-0adddb00dc54<%|%>07b445f1-6e5a-4029-af9f-f6ffbd3161c2<%|%>
ae674fc5-61c8-48cc-99f8-82652a75e8f9<%|%>07b445f1-6e5a-4029-af9f-f6ffbd3161c2<%|%>
6b470f25-4e3a-4b69-9572-453b8426dca9<%|%>07b445f1-6e5a-4029-af9f-f6ffbd3161c2<%|%>
21a84a23-7d6d-4609-9c2d-f0bf24ba6511<%|%>07b445f1-6e5a-4029-af9f-f6ffbd3161c2<%|%>
6005bbd4-5502-4793-86f1-2947cdfa3fd9<%|%>07b445f1-6e5a-4029-af9f-f6ffbd3161c2<%|%>
617561aa-4b43-4372-9084-ee649db24ce5<%|%>07b445f1-6e5a-4029-af9f-f6ffbd3161c2<%|%>
1c55aa97-dee5-4a59-8200-df1d1000e88e<%|%>07b445f1-6e5a-4029-af9f-f6ffbd3161c2<%|%>
0f6aeb08-0394-4bd2-809b-90b70c45d686<%|%>07b445f1-6e5a-4029-af9f-f6ffbd3161c2<%|%>
dd2b639d-44f0-430b-80d9-34ebfb62ade4<%|%>07b445f1-6e5a-4029-af9f-f6ffbd3161c2<%|%>
7f5b1d43-83a8-4b37-82af-bbb13e786bd0<%|%>7887d249-5dbf-4adb-bf09-fd0dc089ba41<%|%>
f27814b1-d88c-4016-839f-840d7ae3faac<%|%>07b445f1-6e5a-4029-af9f-f6ffbd3161c2<%|%>
edcae794-2f2e-47c0-a2d3-e8a60fc1accc<%|%>07b445f1-6e5a-4029-af9f-f6ffbd3161c2<%|%>
9e17e915-ed51-4ac4-a0e3-8dabb21e871d<%|%>07b445f1-6e5a-4029-af9f-f6ffbd3161c2<%|%>
fa9df193-0009-417b-8678-7e1344d02322<%|%>07b445f1-6e5a-4029-af9f-f6ffbd3161c2<%|%>
d6c8e161-119d-4d6b-aef0-542211d09879<%|%>07b445f1-6e5a-4029-af9f-f6ffbd3161c2<%|%>
01c1d384-9863-49ea-a9f8-abe08f7ef892<%|%>07b445f1-6e5a-4029-af9f-f6ffbd3161c2<%|%>
8b38dac8-ec3c-4db3-b253-5930d153362d<%|%>07b445f1-6e5a-4029-af9f-f6ffbd3161c2<%|%>
286f12c6-d768-4f91-a92a-8ab34363068c<%|%>07b445f1-6e5a-4029-af9f-f6ffbd3161c2<%|%>
2d486a19-ae36-4db9-b92b-d346a73e0f96<%|%>07b445f1-6e5a-4029-af9f-f6ffbd3161c2<%|%>
9fa0a576-310b-4a8c-b4bf-ff3b5ead283e<%|%>07b445f1-6e5a-4029-af9f-f6ffbd3161c2<%|%>
c40648c3-f007-4fc2-9e0d-515808addfd8<%|%>07b445f1-6e5a-4029-af9f-f6ffbd3161c2<%|%>
c27aea3f-c34f-456c-8a81-2dee96ae1409<%|%>07b445f1-6e5a-4029-af9f-f6ffbd3161c2<%|%>
1da63c80-359e-472e-a071-b7e468e63dd8<%|%>07b445f1-6e5a-4029-af9f-f6ffbd3161c2<%|%>
aa8bb007-72c8-4d5f-9904-fe27fa67e9c5<%|%>07b445f1-6e5a-4029-af9f-f6ffbd3161c2<%|%>
f195dfea-e96b-4ae3-adc6-96c8bed4b519<%|%>07b445f1-6e5a-4029-af9f-f6ffbd3161c2<%|%>
cde5ca0d-8f7f-45ab-be74-4a9b3ddec832<%|%>6f398b56-b21f-4e8b-9637-ed85b609975e<%|%>
41daf98b-0d69-4050-896c-ca5521bd8d96<%|%>07b445f1-6e5a-4029-af9f-f6ffbd3161c2<%|%>
a2a2b97b-7c4b-40a4-bc1a-780cbd2b8aa7<%|%>fbc3caa0-cd78-47ea-8d44-1fb1089746eb<%|%>
99c27e1d-0bc5-4a18-b7bc-c8ed55b1fa67<%|%>07b445f1-6e5a-4029-af9f-f6ffbd3161c2<%|%>
f4df1eb2-d653-4aa1-a878-9e099c99cc2e<%|%>6f398b56-b21f-4e8b-9637-ed85b609975e<%|%>
99d9b197-8358-45ae-9a06-77af016b9142<%|%>07b445f1-6e5a-4029-af9f-f6ffbd3161c2<%|%>
310c0756-1273-4e46-83ad-6c14aee3b6d9<%|%>07b445f1-6e5a-4029-af9f-f6ffbd3161c2<%|%>
d356e46d-a124-4976-807e-36c336f0f089<%|%>ab5bf2bf-1fad-40f9-8894-44d43e864e3e<%|%>
417f2cfa-4277-4fd7-8fdf-ba0d9f6d9fcf<%|%>bfaeb4c9-cfe3-46d9-b77f-7e47209cac1d<%|%>
01cb23b1-e983-4e91-a1d4-f009f1e4c3cb<%|%>07b445f1-6e5a-4029-af9f-f6ffbd3161c2<%|%>
ba433d93-aed7-438d-8bdf-4b7d2edbf3c5<%|%>bfaeb4c9-cfe3-46d9-b77f-7e47209cac1d<%|%>
db547ccd-6cd4-476c-9f5c-d1b3b7d39d6d<%|%>d590fece-761c-4fc1-bdba-e48e4b75072c<%|%>
46e8c6ed-5ea0-4859-a3e5-17e29f5e2078<%|%>4724a5d5-48aa-47c5-926a-a44f06dafa89<%|%>
8c8492de-09fb-4b22-a7f3-b659d98ba00b<%|%>4724a5d5-48aa-47c5-926a-a44f06dafa89<%|%>
8f3fa038-1c16-438c-8b00-b8a8e2026039<%|%>4724a5d5-48aa-47c5-926a-a44f06dafa89<%|%>
d98378ea-9530-4447-ab8a-7f6e1798d45f<%|%>4724a5d5-48aa-47c5-926a-a44f06dafa89<%|%>
0f89f649-7a18-49b6-b144-f6ed4873a206<%|%>31082408-5390-4caa-adc6-e219a6ebef88<%|%>
99314874-b9a5-4a4b-8a92-3d2344504f9e<%|%>31082408-5390-4caa-adc6-e219a6ebef88<%|%>
9df2f045-627c-491b-b3e3-3ea9b02ce266<%|%>31082408-5390-4caa-adc6-e219a6ebef88<%|%>
8446e04b-14f8-4a5a-a81a-86c2a57efa7a<%|%>d590fece-761c-4fc1-bdba-e48e4b75072c<%|%>
65cffdf4-5aeb-4cd6-a27c-95d3580c055c<%|%>d590fece-761c-4fc1-bdba-e48e4b75072c<%|%>
eaaf26e2-7184-47d6-9d94-864c5de30b7f<%|%>d590fece-761c-4fc1-bdba-e48e4b75072c<%|%>
c63d007e-3608-4645-b998-a58df17b902b<%|%>2b5518dd-d03d-4794-a463-6f3c0425877c<%|%>
f8262b37-c9bd-4e97-8ec0-aa9e17d9faf4<%|%>2b5518dd-d03d-4794-a463-6f3c0425877c<%|%>
accec4c4-6a4d-426d-b46a-cc43aba87236<%|%>2b5518dd-d03d-4794-a463-6f3c0425877c<%|%>
183735f3-ebec-49bb-8a7c-572c753a3d5c<%|%>6f398b56-b21f-4e8b-9637-ed85b609975e<%|%>
7e28366b-7a05-4dd4-a797-ac0b0b4b5bda<%|%>88f56d2d-8070-4eea-b2a7-5ce4124bc6f5<%|%>
29d97445-0952-4e7e-a726-088cc4f113a3<%|%>07b445f1-6e5a-4029-af9f-f6ffbd3161c2<%|%>
6999d5c3-0ede-4b11-859f-b59d5794ab6d<%|%>6b96b7b4-b7e6-4b60-b911-8438b4504b45<%|%>
6277b25e-7ab7-4221-ae14-4c1621dd260b<%|%>285ed49a-694f-41ea-b013-6cb81fe862f1<%|%>
50c7df64-e6ad-4439-ac9e-c46161e5de1d<%|%>88f56d2d-8070-4eea-b2a7-5ce4124bc6f5<%|%>
6fe4b98a-ff73-40d5-afa6-7c0a55ef0a63<%|%>88f56d2d-8070-4eea-b2a7-5ce4124bc6f5<%|%>
6dd7f775-6777-4078-ace4-c4b492d2146e<%|%>2227d074-1fae-4236-bae1-ba1bb43988b0<%|%>
2acce77b-885a-46fc-8428-1ea180a6bf63<%|%>b5a2818d-dccd-4b61-82e3-966caf635f42<%|%>
af9d026a-728f-45ed-b166-3bf026fd2d37<%|%>38ed3ba9-247d-4937-9cfe-cd7f49a90bc7<%|%>
a5476fc3-09f5-455f-98d3-f981bb36d77b<%|%>d152ff26-ad40-4b8c-9cdc-dc2272dde275<%|%>
1e61cdcd-5704-41d8-9d54-5971bbce010f<%|%>d152ff26-ad40-4b8c-9cdc-dc2272dde275<%|%>
9f799da3-4c20-4bf0-a148-7d1dfa002cd2<%|%>d152ff26-ad40-4b8c-9cdc-dc2272dde275<%|%>
3fcb97c5-db7d-427e-9f99-f49da7285e70<%|%>d152ff26-ad40-4b8c-9cdc-dc2272dde275<%|%>
657dee85-76e1-43ae-979c-f8c19792d3fc<%|%>88f56d2d-8070-4eea-b2a7-5ce4124bc6f5<%|%>
f360eb4f-3baa-4915-8f78-2b5286eaca45<%|%>88f56d2d-8070-4eea-b2a7-5ce4124bc6f5<%|%>
71ce11a9-f0ed-47a4-b925-22fca57b44cc<%|%>285ed49a-694f-41ea-b013-6cb81fe862f1<%|%>
057375f0-962c-4e0f-9dd5-4d0ba37fb0c1<%|%>88f56d2d-8070-4eea-b2a7-5ce4124bc6f5<%|%>
b6d2e770-fb1b-4c91-8b1a-4550967a1c96<%|%>1917e388-78c5-432d-b924-86498d652dc9<%|%>
fd73740d-3038-4710-bf0d-503e8c765dce<%|%>3e3e3a1d-7420-4b97-8730-d454f9080569<%|%>
c2518fc9-e294-49bb-a03b-20312593912f<%|%>3e3e3a1d-7420-4b97-8730-d454f9080569<%|%>
b51dbadb-6835-4410-a420-e723a72da9c8<%|%>3e3e3a1d-7420-4b97-8730-d454f9080569<%|%>
5bd2e550-bac3-4b3d-a3fd-56f9d0f9b0c2<%|%>3e3e3a1d-7420-4b97-8730-d454f9080569<%|%>
e76910c3-c15f-46ab-aefd-b0c86a5ba1e9<%|%>3e3e3a1d-7420-4b97-8730-d454f9080569<%|%>
938adee2-9850-4c3a-b7f3-918b7d5ee8eb<%|%>3e3e3a1d-7420-4b97-8730-d454f9080569<%|%>
f88c0816-8837-4722-9470-4f2b82d248ce<%|%>38ed3ba9-247d-4937-9cfe-cd7f49a90bc7<%|%>
ec2d335f-0259-476f-8dce-e2ec564b5427<%|%>3e3e3a1d-7420-4b97-8730-d454f9080569<%|%>
3b63207e-8cf8-489c-af81-ce002681ee84<%|%>3e3e3a1d-7420-4b97-8730-d454f9080569<%|%>
1ac87d8c-2a08-4133-8365-8c8f5904ce08<%|%>3e3e3a1d-7420-4b97-8730-d454f9080569<%|%>
095eec79-1ab1-4da2-b282-b7bc6af08b64<%|%>3e3e3a1d-7420-4b97-8730-d454f9080569<%|%>
97be9e43-bf6d-4e37-be53-751a9f442f50<%|%>07b445f1-6e5a-4029-af9f-f6ffbd3161c2<%|%>
2446c326-1a76-4f02-b5dc-52e51a8c2e2a<%|%>38ed3ba9-247d-4937-9cfe-cd7f49a90bc7<%|%>
9db126e5-a142-456f-b6d4-c6ac27e8810a<%|%>95c9c004-0519-4d6e-871c-aff1f0b98561<%|%>
7644ef3d-32b4-4b38-9f3f-43e88a01a176<%|%>95c9c004-0519-4d6e-871c-aff1f0b98561<%|%>
c328072d-a9e8-4e57-8a05-0b7d56e3a1d4<%|%>f6e18e8e-ad1f-4ca1-8ed7-c3281a127181<%|%>
468d5f38-105a-4471-8af5-fa77329bab8d<%|%>f6e18e8e-ad1f-4ca1-8ed7-c3281a127181<%|%>
d13015cf-1ba9-48c4-90d2-7b013998aada<%|%>07b445f1-6e5a-4029-af9f-f6ffbd3161c2<%|%>
989b7a95-89ed-48aa-b110-cd64b25761e1<%|%>95c9c004-0519-4d6e-871c-aff1f0b98561<%|%>
cef4eb8e-a4a0-407f-8cd2-ef7935a4bbaf<%|%>95c9c004-0519-4d6e-871c-aff1f0b98561<%|%>
259b51c2-15e7-471b-b266-40a7679fb47a<%|%>09610378-70a7-4232-9b5f-a9f3e365d489<%|%>
98b0f3b1-a665-455f-8d8a-25cbae1de51a<%|%>07b445f1-6e5a-4029-af9f-f6ffbd3161c2<%|%>
8deed67b-5415-4e1b-97bc-d0dc22d12cee<%|%>95c9c004-0519-4d6e-871c-aff1f0b98561<%|%>
875a8aad-d8d3-4389-9ddc-54287e0d7e67<%|%>1cf69735-d66f-4b21-82a5-0954a952a80d<%|%>
055fc6c9-d2b1-412c-a9e8-55b7526c8115<%|%>07b445f1-6e5a-4029-af9f-f6ffbd3161c2<%|%>
b53c3fd8-4c73-4c82-97a4-8f87e47c8c44<%|%>07b445f1-6e5a-4029-af9f-f6ffbd3161c2<%|%>
283c01f7-7e1f-4864-a4b5-bc9af3f667d9<%|%>95c9c004-0519-4d6e-871c-aff1f0b98561<%|%>
0db8bfd0-a70f-4a9a-ab05-cd35309479ac<%|%>95c9c004-0519-4d6e-871c-aff1f0b98561<%|%>
fd972e91-53b4-44ed-90e9-32000c6b78fd<%|%>f2830962-b9f9-4c65-b08f-52112b75fd71<%|%>
1f190f2a-f829-4e8b-b41f-38e49040f58e<%|%>6fb0421b-3948-44de-a5cf-3a9ba6c325b0<%|%>
00b65f60-0eea-412b-993b-789ffc32a461<%|%>faa5b622-eb72-403a-b13d-5a32aeddbb04<%|%>
f994540a-3f89-4c06-b488-5cb6f5f80ba8<%|%>faa5b622-eb72-403a-b13d-5a32aeddbb04<%|%>
8fafa14f-bc32-43cb-a9f4-b7263e91790e<%|%>88f56d2d-8070-4eea-b2a7-5ce4124bc6f5<%|%>
43152a95-632f-4051-a45f-e7a22598347b<%|%>88f56d2d-8070-4eea-b2a7-5ce4124bc6f5<%|%>
f78554ba-6d5d-4665-8483-e734b48a042b<%|%>6f398b56-b21f-4e8b-9637-ed85b609975e<%|%>
b8f6cb70-e011-4b9b-b780-8c730e5c8f87<%|%>6f398b56-b21f-4e8b-9637-ed85b609975e<%|%>
15fc3c6e-a74a-4740-8b55-1b089a7c5866<%|%>07b445f1-6e5a-4029-af9f-f6ffbd3161c2<%|%>
794817ba-39be-41b2-84b6-4be2de9880b7<%|%>88f56d2d-8070-4eea-b2a7-5ce4124bc6f5<%|%>
5d057901-b5dc-4e35-bb04-02cb018cef75<%|%>07b445f1-6e5a-4029-af9f-f6ffbd3161c2<%|%>
d7c1bec6-5e09-445f-be68-1527257ab0ae<%|%>88f56d2d-8070-4eea-b2a7-5ce4124bc6f5<%|%>
4b407746-9d92-4c0c-83da-f336393e12bf<%|%>07b445f1-6e5a-4029-af9f-f6ffbd3161c2<%|%>
0006af3b-047d-4192-83d0-e7a9f5f85e47<%|%>88f56d2d-8070-4eea-b2a7-5ce4124bc6f5<%|%>
f6c330d8-a7bb-4704-a67b-74cc842755ec<%|%>2e9e28d7-3c98-4823-91b4-fa0cf15baf23<%|%>
f409e8bf-b7b3-4834-b8fd-366bfca5b306<%|%>88f56d2d-8070-4eea-b2a7-5ce4124bc6f5<%|%>
036b57aa-3042-4d67-bf6b-d5776d57504e<%|%>88f56d2d-8070-4eea-b2a7-5ce4124bc6f5<%|%>
0db471b6-b5dd-4b97-958a-fc1a4acd1a5b<%|%>88f56d2d-8070-4eea-b2a7-5ce4124bc6f5<%|%>
b3516456-2a6d-4dcb-ae21-9d60e14147f1<%|%>88f56d2d-8070-4eea-b2a7-5ce4124bc6f5<%|%>
de619f24-0cc1-491f-ae9d-6b0221b906a0<%|%>6f398b56-b21f-4e8b-9637-ed85b609975e<%|%>
95d96e9a-679a-4fbd-9386-f53ec4e8e5bb<%|%>6f398b56-b21f-4e8b-9637-ed85b609975e<%|%>
fa4f5ba2-9446-41e0-bae3-90b57c3d8181<%|%>88f56d2d-8070-4eea-b2a7-5ce4124bc6f5<%|%>
e4f96c8f-c199-4db2-8601-3efabb31fba5<%|%>07b445f1-6e5a-4029-af9f-f6ffbd3161c2<%|%>
0113b39c-cdc4-45f5-807c-76fe7599eb95<%|%>88f56d2d-8070-4eea-b2a7-5ce4124bc6f5<%|%>
4b3ab49f-b2b4-4753-a88e-551676a4e4d2<%|%>07b445f1-6e5a-4029-af9f-f6ffbd3161c2<%|%>
0a5a9e3f-d05c-4a10-b376-a6cebe5406eb<%|%>88f56d2d-8070-4eea-b2a7-5ce4124bc6f5<%|%>
32015c45-521a-41ff-b947-9b295430557e<%|%>6f398b56-b21f-4e8b-9637-ed85b609975e<%|%>
e966c24c-ccc3-4fe6-986b-c534d65a9fed<%|%>6f398b56-b21f-4e8b-9637-ed85b609975e<%|%>
2da4024d-740e-43d3-9aa1-ea9966002284<%|%>7887d249-5dbf-4adb-bf09-fd0dc089ba41<%|%>
00deafa2-c93f-4e40-b37c-e3985624a952<%|%>07b445f1-6e5a-4029-af9f-f6ffbd3161c2<%|%>
99d66eb3-16d6-4963-a518-78a98c29c989<%|%>bfaeb4c9-cfe3-46d9-b77f-7e47209cac1d<%|%>
a33ade35-eb70-4b31-837b-ac1866c83f0b<%|%>07b445f1-6e5a-4029-af9f-f6ffbd3161c2<%|%>
f624a522-3b8d-4143-a62d-7a458dcf7a31<%|%>6f398b56-b21f-4e8b-9637-ed85b609975e<%|%>
078ea13b-7ceb-4123-a333-88c33e2de814<%|%>6f398b56-b21f-4e8b-9637-ed85b609975e<%|%>
08321a0b-1ec8-45a4-9473-92b51090c7fb<%|%>07b445f1-6e5a-4029-af9f-f6ffbd3161c2<%|%>
958396de-ae28-43a8-8e30-2cb516ea3a40<%|%>bfaeb4c9-cfe3-46d9-b77f-7e47209cac1d<%|%>
b1480c76-382b-4ab7-a20e-aa494ca1b6f9<%|%>6f398b56-b21f-4e8b-9637-ed85b609975e<%|%>
0241d946-9a78-4308-9fe4-f0011335fce8<%|%>6f398b56-b21f-4e8b-9637-ed85b609975e<%|%>
2cbad50d-b9c3-484f-8ad4-c631272e6ece<%|%>6f398b56-b21f-4e8b-9637-ed85b609975e<%|%>
93199806-2a7d-4737-bff3-4347db206aa1<%|%>6f398b56-b21f-4e8b-9637-ed85b609975e<%|%>
669f5e85-4949-4dc3-85d6-217c7f5cecf0<%|%>6f398b56-b21f-4e8b-9637-ed85b609975e<%|%>
5e6891af-7393-444e-a052-01376384952f<%|%>07b445f1-6e5a-4029-af9f-f6ffbd3161c2<%|%>
45c2fda8-8974-4c7a-89a2-550c55dc3ddc<%|%>9cc8fa2b-8e9f-44b8-9260-518445366356<%|%>
cd983bd3-5825-4a8e-accd-7645c7fcac05<%|%>9cc8fa2b-8e9f-44b8-9260-518445366356<%|%>
09f92f11-9d5f-44c7-aa5d-029d890e75b1<%|%>88f56d2d-8070-4eea-b2a7-5ce4124bc6f5<%|%>
598dffff-b1ba-4e7d-8626-41716b34e54e<%|%>07b445f1-6e5a-4029-af9f-f6ffbd3161c2<%|%>
b6b8c5e6-8483-49f8-b3fc-bb053afb838c<%|%>bfaeb4c9-cfe3-46d9-b77f-7e47209cac1d<%|%>
53846c5e-de7c-428a-a89d-3f9e2aa270a1<%|%>88f56d2d-8070-4eea-b2a7-5ce4124bc6f5<%|%>
00444cb4-61c2-41a1-b8e0-00f7ea40e93f<%|%>88f56d2d-8070-4eea-b2a7-5ce4124bc6f5<%|%>
4da98e61-f3ef-4eb2-b9a1-0aae34cc0835<%|%>6f398b56-b21f-4e8b-9637-ed85b609975e<%|%>
b1b01fea-5a84-4ab6-a072-1b962c299c24<%|%>bfaeb4c9-cfe3-46d9-b77f-7e47209cac1d<%|%>
d8314cfc-ed38-4238-90dc-c349c6061c66<%|%>07b445f1-6e5a-4029-af9f-f6ffbd3161c2<%|%>
eebf6f41-4b7d-4f3d-92a9-c9534244e671<%|%>bfaeb4c9-cfe3-46d9-b77f-7e47209cac1d<%|%>
e8ee3ac5-7085-436d-a0f2-dca993d0adde<%|%>bfaeb4c9-cfe3-46d9-b77f-7e47209cac1d<%|%>
d5b3e159-1f66-4790-bc71-08420038d8b9<%|%>d590fece-761c-4fc1-bdba-e48e4b75072c<%|%>
0da784cd-2d96-43cd-b802-530860b471a9<%|%>bfaeb4c9-cfe3-46d9-b77f-7e47209cac1d<%|%>
4fe80ec7-44f0-4290-8bdf-5a62e5c98dc1<%|%>bfaeb4c9-cfe3-46d9-b77f-7e47209cac1d<%|%>
ba8975c4-015e-4234-aff0-50a11ae174b5<%|%>07b445f1-6e5a-4029-af9f-f6ffbd3161c2<%|%>
2410b4aa-3fa2-4ef0-a508-e3820f1a73e6<%|%>bfaeb4c9-cfe3-46d9-b77f-7e47209cac1d<%|%>
204f0618-87e8-4845-bab7-d814ec0921ce<%|%>88f56d2d-8070-4eea-b2a7-5ce4124bc6f5<%|%>
bf3ec9d9-c429-4181-a8fc-5e483874f2a4<%|%>bfaeb4c9-cfe3-46d9-b77f-7e47209cac1d<%|%>
e2fb72d3-43ef-4444-94f9-659485a3e148<%|%>285ed49a-694f-41ea-b013-6cb81fe862f1<%|%>
c2ce72ef-fbd1-4f12-a73d-7be805d8d332<%|%>2e9e28d7-3c98-4823-91b4-fa0cf15baf23<%|%>
3c71a583-1e83-4edd-9343-2ac857aaab5d<%|%>2e9e28d7-3c98-4823-91b4-fa0cf15baf23<%|%>
8b515515-27dd-44a5-95e2-735d7cf16de1<%|%>6b96b7b4-b7e6-4b60-b911-8438b4504b45<%|%>
5399bb7b-8db4-4f21-a314-471b5e93b0a1<%|%>6b96b7b4-b7e6-4b60-b911-8438b4504b45<%|%>
79356897-489b-47aa-8e23-40dff0d7277b<%|%>09610378-70a7-4232-9b5f-a9f3e365d489<%|%>
51a692de-5169-4a31-bb5e-460e2b4e70b5<%|%>09610378-70a7-4232-9b5f-a9f3e365d489<%|%>
fcc8e6b3-fbae-4d3a-9b67-c018e75fae8e<%|%>09610378-70a7-4232-9b5f-a9f3e365d489<%|%>
8ad4bdd9-c068-45e1-89db-2fd25994f5ae<%|%>09610378-70a7-4232-9b5f-a9f3e365d489<%|%>
b4479d72-a8bb-421c-866d-48de3b221d4d<%|%>6b96b7b4-b7e6-4b60-b911-8438b4504b45<%|%>
e53d47bf-eaa9-4717-bbbd-2da331f47c6d<%|%>6f398b56-b21f-4e8b-9637-ed85b609975e<%|%>
baf02bfa-ba4a-4e44-8e9b-2338c46b9cc6<%|%>c5f1a22b-713c-478e-bd97-b7a5cbebd251<%|%>
8d36805d-2571-43e8-ade7-a4464c229582<%|%>07b445f1-6e5a-4029-af9f-f6ffbd3161c2<%|%>
af22fe9d-adb7-423a-b966-6208a19236a4<%|%>88f56d2d-8070-4eea-b2a7-5ce4124bc6f5<%|%>
ff51efc5-ee93-4837-9d23-cced6fdf2ce2<%|%>07b445f1-6e5a-4029-af9f-f6ffbd3161c2<%|%>
afa3d88f-57e3-4c04-a40f-76d02f71e2b2<%|%>88f56d2d-8070-4eea-b2a7-5ce4124bc6f5<%|%>
d11c40e1-c6f0-4e2f-bb3a-2ca0f8f8bab9<%|%>bfaeb4c9-cfe3-46d9-b77f-7e47209cac1d<%|%>
a66bbfe1-9f0f-4456-9912-3f852b1e9f18<%|%>e83f286d-71b7-4108-a509-f91ad9b24e7d<%|%>
59151bc0-c5ff-48e7-8fbd-894533462b20<%|%>7887d249-5dbf-4adb-bf09-fd0dc089ba41<%|%>
8bc2a6f4-0e9c-4578-8901-1d2a26fe671a<%|%>07b445f1-6e5a-4029-af9f-f6ffbd3161c2<%|%>
dd718521-d855-4885-adee-33ff9f845f95<%|%>07b445f1-6e5a-4029-af9f-f6ffbd3161c2<%|%>
dfe13359-eea4-415b-b26f-a1ce78431ac0<%|%>07b445f1-6e5a-4029-af9f-f6ffbd3161c2<%|%>
55e64ee3-69ef-4980-8919-35931b274ea4<%|%>07b445f1-6e5a-4029-af9f-f6ffbd3161c2<%|%>
087b2d9f-bdf9-4c19-8af9-1ca47648c288<%|%>07b445f1-6e5a-4029-af9f-f6ffbd3161c2<%|%>
9d28011a-438d-499b-a990-0c29347bbb96<%|%>13d8a76a-3de9-4943-bb02-8a19d0f4b8da<%|%>
739df98c-e690-4ff0-bf87-28d3187f903b<%|%>6b96b7b4-b7e6-4b60-b911-8438b4504b45<%|%>
c08ff645-eefe-4ef3-ba8f-14471b287168<%|%>09610378-70a7-4232-9b5f-a9f3e365d489<%|%>
5f3eb91f-cb5a-4de5-adc9-eae2f7ea03ce<%|%>09610378-70a7-4232-9b5f-a9f3e365d489<%|%>
14d819c4-16ca-4838-b495-ceb46a4ba256<%|%>09610378-70a7-4232-9b5f-a9f3e365d489<%|%>
daa035ab-8ec0-412c-ac34-6d40e3f5732c<%|%>09610378-70a7-4232-9b5f-a9f3e365d489<%|%>
016de4c6-442c-4128-8504-65c202b55441<%|%>09610378-70a7-4232-9b5f-a9f3e365d489<%|%>
1b9b59e8-7309-4494-b937-a73253719c93<%|%>09610378-70a7-4232-9b5f-a9f3e365d489<%|%>
ed540de6-ead0-46b1-8de6-7384ddbab2d0<%|%>09610378-70a7-4232-9b5f-a9f3e365d489<%|%>
872e947f-3c01-45b7-94f0-ac60e4fb2a7c<%|%>09610378-70a7-4232-9b5f-a9f3e365d489<%|%>
7a8075fa-acac-49a2-8b3f-16f22459e6af<%|%>07b445f1-6e5a-4029-af9f-f6ffbd3161c2<%|%>
73f267c3-ec72-4b81-88b8-026ddeb90c6e<%|%>07b445f1-6e5a-4029-af9f-f6ffbd3161c2<%|%>
614c7e9b-85f9-4b20-bcbb-7d0d3bd3dca6<%|%>13d8a76a-3de9-4943-bb02-8a19d0f4b8da<%|%>
54e3ca5e-7f2b-4199-8eb6-8fddcd322334<%|%>88f56d2d-8070-4eea-b2a7-5ce4124bc6f5<%|%>
b377ecba-bdca-4013-b627-d134117cff09<%|%>88f56d2d-8070-4eea-b2a7-5ce4124bc6f5<%|%>
aa89218a-b78c-4782-8847-1fd0c5d7490c<%|%>09610378-70a7-4232-9b5f-a9f3e365d489<%|%>
15c07a8f-6480-4f5a-b408-717e870d27d0<%|%>3f8da0f5-876d-4e33-851e-08574e8c5eb7<%|%>
e3101dea-4910-49ad-82ea-7036e57a04ad<%|%>07b445f1-6e5a-4029-af9f-f6ffbd3161c2<%|%>
02fe870b-e4c9-4ab9-bca5-3d69b3e16b34<%|%>f2830962-b9f9-4c65-b08f-52112b75fd71<%|%>
7854a395-9fd5-4cd9-b356-314eed6bd661<%|%>07b445f1-6e5a-4029-af9f-f6ffbd3161c2<%|%>
f6eed7f5-8a04-4a7d-9f31-bc0f1fb4a486<%|%>07b445f1-6e5a-4029-af9f-f6ffbd3161c2<%|%>
4b708020-8d85-4e09-a04c-6357124434d3<%|%>4724a5d5-48aa-47c5-926a-a44f06dafa89<%|%>
e94d2bb3-73c6-4301-a850-0f7346fb7bb9<%|%>1f1cf053-8823-4e75-a7b3-695a6815b880<%|%>
bbd5fef2-690a-4e0f-88b7-4d1c460f07c4<%|%>4724a5d5-48aa-47c5-926a-a44f06dafa89<%|%>
623d7fd7-6f7a-4a54-a623-828e23cdf618<%|%>4724a5d5-48aa-47c5-926a-a44f06dafa89<%|%>
7e8624b5-b2ec-4354-a26d-5d35919737ad<%|%>4724a5d5-48aa-47c5-926a-a44f06dafa89<%|%>
52ea3f97-a4f1-4781-bd9b-3b613c2f8bb3<%|%>67638fa3-2fcb-44fb-9b4d-5a12f212b8f2<%|%>
d8353562-c0e7-4853-9fdc-87a2b253ddd2<%|%>5b46a29d-0405-4a5d-83f7-9b6c0954b3f2<%|%>
50bb98a3-c8bc-4cfb-85f6-758082358272<%|%>3f8da0f5-876d-4e33-851e-08574e8c5eb7<%|%>
e7c44d13-fd16-4203-aa21-5ca0ef2b34f2<%|%>07b445f1-6e5a-4029-af9f-f6ffbd3161c2<%|%>
998dc8d5-4702-4217-a018-07dee825d9a5<%|%>07b445f1-6e5a-4029-af9f-f6ffbd3161c2<%|%>
354839bf-06b6-4d32-bf97-ea56c44ed574<%|%>4724a5d5-48aa-47c5-926a-a44f06dafa89<%|%>
4eb167de-db82-4565-af6f-affa9333d73c<%|%>f2830962-b9f9-4c65-b08f-52112b75fd71<%|%>
14286d24-395b-481b-a9bb-6b978a381a0b<%|%>4724a5d5-48aa-47c5-926a-a44f06dafa89<%|%>
435f9a42-6296-457c-b6a3-1e11bca61b8d<%|%>67638fa3-2fcb-44fb-9b4d-5a12f212b8f2<%|%>
ebc942b8-d410-49d8-bac8-0dfdc4789568<%|%>67638fa3-2fcb-44fb-9b4d-5a12f212b8f2<%|%>
1b063028-bf4a-498c-905e-fe25375ea860<%|%>67638fa3-2fcb-44fb-9b4d-5a12f212b8f2<%|%>
c3715dc8-cf71-4325-aba2-7dab21fcdc00<%|%>67638fa3-2fcb-44fb-9b4d-5a12f212b8f2<%|%>
cef122bc-57ce-41f1-9a34-49096288ae69<%|%>f2830962-b9f9-4c65-b08f-52112b75fd71<%|%>
a21c97de-035c-4873-96b8-cb703695aa47<%|%>f2830962-b9f9-4c65-b08f-52112b75fd71<%|%>
ef55f0d6-a937-4107-9cfe-40a589195313<%|%>f2830962-b9f9-4c65-b08f-52112b75fd71<%|%>
206acce5-371e-44e7-873a-a3df38e467ef<%|%>f2830962-b9f9-4c65-b08f-52112b75fd71<%|%>
ebecc913-7e43-492b-8cb6-71db48c8fcfd<%|%>f2830962-b9f9-4c65-b08f-52112b75fd71<%|%>
81ccffd7-3def-4e73-9664-8eba51653a42<%|%>e1156f7d-5c78-4ea3-ae28-b38ddb40e0db<%|%>
7e3d3987-c026-4753-9922-f315bf48cbf3<%|%>67638fa3-2fcb-44fb-9b4d-5a12f212b8f2<%|%>
ae11ffcf-cc12-4231-bee9-fa1d1ccb009c<%|%>2fd75e9f-c05c-4291-a45c-37c5d8079c8b<%|%>
e3803c75-88c8-4834-83b3-ee5f8296e884<%|%>07b445f1-6e5a-4029-af9f-f6ffbd3161c2<%|%>
24af9ce0-3bde-40dd-bee3-e7fa7dd120f9<%|%>07b445f1-6e5a-4029-af9f-f6ffbd3161c2<%|%>
a9b5a6d6-c33f-4475-8079-2aa2cbf79448<%|%>a7bc64bb-e93b-4dc2-ae7d-cbc8e6992302<%|%>
0244cd6f-df1b-4026-a0a2-6c7430f206be<%|%>9cc8fa2b-8e9f-44b8-9260-518445366356<%|%>
6c08c19f-4ea3-4d37-ba1d-ba641aaa53f2<%|%>f05b5039-8368-4d06-836e-76451f84be6d<%|%>
148bb427-413a-4f56-8fd2-36b538d1cd35<%|%>07b445f1-6e5a-4029-af9f-f6ffbd3161c2<%|%>
f60d0fb0-1cc9-466b-9d20-0a04992708e6<%|%>07b445f1-6e5a-4029-af9f-f6ffbd3161c2<%|%>
295a3298-a888-48a7-a54b-733242731e16<%|%>f05b5039-8368-4d06-836e-76451f84be6d<%|%>
c796713d-4e39-4db8-ad67-5374d7b75cdf<%|%>f05b5039-8368-4d06-836e-76451f84be6d<%|%>
6033c876-0fbc-4c9e-bfb0-8b5c90947148<%|%>285ed49a-694f-41ea-b013-6cb81fe862f1<%|%>
54c8bf1c-ea49-4ded-ae63-364e5cd51ee5<%|%>f05b5039-8368-4d06-836e-76451f84be6d<%|%>
be01df87-989f-4825-bdcc-15a4249e3b34<%|%>f05b5039-8368-4d06-836e-76451f84be6d<%|%>
0bab9073-89e2-4d21-bc8c-15b5c28a31ba<%|%>f05b5039-8368-4d06-836e-76451f84be6d<%|%>
7c65d90c-2206-4f62-a309-108eaae9cd35<%|%>07b445f1-6e5a-4029-af9f-f6ffbd3161c2<%|%>
926fc57d-8150-4f37-95ef-721cd8698237<%|%>285ed49a-694f-41ea-b013-6cb81fe862f1<%|%>
9cb65196-bc8e-4d6a-a29c-2502cb829478<%|%>6f398b56-b21f-4e8b-9637-ed85b609975e<%|%>
e1f4645d-d9de-4d4a-9ebb-fea60cd41a58<%|%>2fd75e9f-c05c-4291-a45c-37c5d8079c8b<%|%>
b3ff4036-e92b-4b02-b685-ff4201dd98f2<%|%>2fd75e9f-c05c-4291-a45c-37c5d8079c8b<%|%>
0c2ef610-ef47-46a7-8545-b5431ed354b2<%|%>2fd75e9f-c05c-4291-a45c-37c5d8079c8b<%|%>
9e010656-0ff5-4172-ac4f-48038ce469e8<%|%>2fd75e9f-c05c-4291-a45c-37c5d8079c8b<%|%>
a9777297-e500-40e2-8a93-9431ffb9223d<%|%>2fd75e9f-c05c-4291-a45c-37c5d8079c8b<%|%>
3c4aeeea-e0c0-413c-8a21-c9b6b507d69c<%|%>b4fe3717-00af-4132-a965-c38b1d70fd6a<%|%>
2e044f8a-3743-4a32-8de7-f84901beed50<%|%>b4fe3717-00af-4132-a965-c38b1d70fd6a<%|%>
3f0a138a-dcee-4cb0-916e-899159c8d2fe<%|%>b4fe3717-00af-4132-a965-c38b1d70fd6a<%|%>
89c47e76-d06f-4891-9d8e-2307f1daf494<%|%>b4fe3717-00af-4132-a965-c38b1d70fd6a<%|%>
01c86a92-7c9f-4df7-9d7b-52097e22b701<%|%>b4fe3717-00af-4132-a965-c38b1d70fd6a<%|%>
88791914-ee31-4ba0-bca9-bcd08555209f<%|%>b4fe3717-00af-4132-a965-c38b1d70fd6a<%|%>
76259b4a-0177-450c-9c8d-46a2fdebe2cb<%|%>b4fe3717-00af-4132-a965-c38b1d70fd6a<%|%>
c1a6d620-b759-4b5f-8ead-f02e758a17cb<%|%>b4fe3717-00af-4132-a965-c38b1d70fd6a<%|%>
060c3e84-14ee-4a01-ad87-0e37877d051d<%|%>285ed49a-694f-41ea-b013-6cb81fe862f1<%|%>
2b69382a-736c-4027-8f6a-044a816efa57<%|%>bb22f964-32aa-4871-affa-fa4e334b00d7<%|%>
eed90e84-4977-4c6c-a9cf-79dcd215c8ab<%|%>a1213f12-9062-412e-a229-04a767801509<%|%>
a3d3ed8a-ad40-45fa-a082-c8aeb7cc5d6c<%|%>b4fe3717-00af-4132-a965-c38b1d70fd6a<%|%>
6fc89dd1-d021-45bb-b56c-c33f4c16717a<%|%>07b445f1-6e5a-4029-af9f-f6ffbd3161c2<%|%>
1ed1b795-2105-4021-89ca-77c5b65f2f7a<%|%>b4fe3717-00af-4132-a965-c38b1d70fd6a<%|%>
855ecba1-ab52-4327-9290-8782c3502830<%|%>b4fe3717-00af-4132-a965-c38b1d70fd6a<%|%>
e4f8f0d6-aca8-4d80-aa3f-ba47b7e0c371<%|%>ac3023f7-41ed-4166-a4c2-07b23e4d7c86<%|%>
b2947f92-3a7c-49f3-9f52-b5e148b5af3f<%|%>67638fa3-2fcb-44fb-9b4d-5a12f212b8f2<%|%>
40c9c497-9866-4655-a206-2dae2ee52795<%|%>67638fa3-2fcb-44fb-9b4d-5a12f212b8f2<%|%>
89a2d1d7-32db-4aea-a7a2-ec77050e48a4<%|%>07b445f1-6e5a-4029-af9f-f6ffbd3161c2<%|%>
f92c111f-c9a1-4348-aadf-5fbc25b35e20<%|%>5b46a29d-0405-4a5d-83f7-9b6c0954b3f2<%|%>
fac12d49-a018-4dc8-8091-d32cd73c62ac<%|%>a1213f12-9062-412e-a229-04a767801509<%|%>
17867109-3d0a-44bd-bf52-f25a88d318f6<%|%>a1213f12-9062-412e-a229-04a767801509<%|%>
5b8cf4b8-085d-4c35-bbce-88ad8f856d22<%|%>a1213f12-9062-412e-a229-04a767801509<%|%>
c53a12e2-657f-437d-9ca5-d1bddbf1aeba<%|%>07b445f1-6e5a-4029-af9f-f6ffbd3161c2<%|%>
995a96f9-4cae-4b00-b7ac-30e8101ff822<%|%>5b46a29d-0405-4a5d-83f7-9b6c0954b3f2<%|%>
82c4bfa6-5cbc-4eb3-bc6d-090d366aaaef<%|%>b4fe3717-00af-4132-a965-c38b1d70fd6a<%|%>
5f3add75-1f99-40be-801a-1e7ce4fd0bcf<%|%>6f398b56-b21f-4e8b-9637-ed85b609975e<%|%>
db4b6fb3-e156-49f0-9875-37c0c7a2ccec<%|%>9cc8fa2b-8e9f-44b8-9260-518445366356<%|%>
6cd4dc01-dc06-47d8-8bd7-3e26f1352008<%|%>52efc218-819b-4de5-af63-cbd84679c375<%|%>
d6cc5917-9a47-444a-9810-f3583e6a9a14<%|%>67638fa3-2fcb-44fb-9b4d-5a12f212b8f2<%|%>
e29d4675-c057-44dd-bc7c-ebca0a0d5a54<%|%>82ec3033-7c2a-4f2a-a033-82b85857617c<%|%>
61c12ab1-23e4-464d-a79c-234456ebbad7<%|%>82ec3033-7c2a-4f2a-a033-82b85857617c<%|%>
8a530428-1d9a-43b7-be6f-cd2ebfaa7e40<%|%>07b445f1-6e5a-4029-af9f-f6ffbd3161c2<%|%>
9dd4ed15-9718-43e6-9f78-3c766aadc4f2<%|%>82ec3033-7c2a-4f2a-a033-82b85857617c<%|%>
efe60af9-dbd7-420b-a987-abb23802e413<%|%>82ec3033-7c2a-4f2a-a033-82b85857617c<%|%>
51628f6b-e056-42b1-8c39-d330866b0809<%|%>6f398b56-b21f-4e8b-9637-ed85b609975e<%|%>
43b7b5fd-9530-4683-b6df-44dbea8ec4a4<%|%>07b445f1-6e5a-4029-af9f-f6ffbd3161c2<%|%>
e0e66216-800d-4c25-87ee-f92f28611a73<%|%>6f398b56-b21f-4e8b-9637-ed85b609975e<%|%>
87fbd855-9b82-43e5-aa18-a531bed11b6a<%|%>07b445f1-6e5a-4029-af9f-f6ffbd3161c2<%|%>
7526ff61-c57f-4ebb-9339-19a756c263d3<%|%>a1213f12-9062-412e-a229-04a767801509<%|%>
bd617d66-1a35-4464-a4c3-a20b2248b3f6<%|%>6f398b56-b21f-4e8b-9637-ed85b609975e<%|%>
9e4a126c-06e1-48d4-acf5-90451242408d<%|%>a1213f12-9062-412e-a229-04a767801509<%|%>
dc0183f6-de1d-4bcf-80cc-c1a3c214bd53<%|%>a1213f12-9062-412e-a229-04a767801509<%|%>
24dfd5a3-d5ba-49fd-b2cb-4161c82c003d<%|%>5b46a29d-0405-4a5d-83f7-9b6c0954b3f2<%|%>
c48dcd00-dd55-43af-a6e6-755d0712e5f5<%|%>07b445f1-6e5a-4029-af9f-f6ffbd3161c2<%|%>
18748916-0cb1-4ddd-8500-a2fe30207b7c<%|%>5b46a29d-0405-4a5d-83f7-9b6c0954b3f2<%|%>
08f659e3-7748-41fe-8be8-1121c1179f2f<%|%>5b46a29d-0405-4a5d-83f7-9b6c0954b3f2<%|%>
20f2150c-df7e-4a17-a874-8a9ce568c60b<%|%>6f398b56-b21f-4e8b-9637-ed85b609975e<%|%>
18d313da-92cf-4222-a1f6-ead76aa1ddd7<%|%>5b46a29d-0405-4a5d-83f7-9b6c0954b3f2<%|%>
590f18cf-43be-47c4-beff-4bf5aab683f2<%|%>cf3463ab-59c1-4b4a-a513-8a802e95bc98<%|%>
21439873-9c06-419d-89ac-9bf78686317b<%|%>cf3463ab-59c1-4b4a-a513-8a802e95bc98<%|%>
9081e247-46d9-4736-8af9-6457e3c286e4<%|%>cf3463ab-59c1-4b4a-a513-8a802e95bc98<%|%>
58bfd900-4d61-44ae-9a4a-e1de5c440c68<%|%>6f398b56-b21f-4e8b-9637-ed85b609975e<%|%>
6e4450e9-647c-4372-8888-e8f330e9c310<%|%>1ac7025b-d16f-4016-9826-7e357f9df4c4<%|%>
3d266636-4f09-4e63-a820-9842687a66b0<%|%>07b445f1-6e5a-4029-af9f-f6ffbd3161c2<%|%>
322044db-2381-4937-972b-03c143ffd4ab<%|%>cf3463ab-59c1-4b4a-a513-8a802e95bc98<%|%>
2899aa33-19e2-4ad0-9695-5da2b1d0129b<%|%>cf3463ab-59c1-4b4a-a513-8a802e95bc98<%|%>
3c00d0f0-0fc0-4da8-b7ef-11bb18cba8a7<%|%>a1213f12-9062-412e-a229-04a767801509<%|%>
a0b26797-5968-4d44-80b2-43f2aee863f4<%|%>cf3463ab-59c1-4b4a-a513-8a802e95bc98<%|%>
678a51e9-67bc-48c3-ab4e-b4ed7d94a4a5<%|%>544bd0dc-267b-4fac-b97f-486ea446a868<%|%>
6ec50482-a23a-4040-8dab-fe139d100779<%|%>9cc8fa2b-8e9f-44b8-9260-518445366356<%|%>
208ac5a0-4b12-4878-a0bd-a11fe2275c28<%|%>a1213f12-9062-412e-a229-04a767801509<%|%>
25e282c5-7424-4a33-b765-da7839e4bb7d<%|%>09610378-70a7-4232-9b5f-a9f3e365d489<%|%>
126dd066-7594-4efd-82c8-a54c55e82174<%|%>07b445f1-6e5a-4029-af9f-f6ffbd3161c2<%|%>
a65e8594-8dba-465c-b91c-7b2fc82f451e<%|%>07b445f1-6e5a-4029-af9f-f6ffbd3161c2<%|%>
0a517634-f7eb-4329-8264-b1a55461584a<%|%>09610378-70a7-4232-9b5f-a9f3e365d489<%|%>
6d88a641-24bf-424f-af95-f393c3c00b0c<%|%>07b445f1-6e5a-4029-af9f-f6ffbd3161c2<%|%>
421a2ab5-accd-43c0-9174-ebe62703a4cf<%|%>07b445f1-6e5a-4029-af9f-f6ffbd3161c2<%|%>
b44ba568-fd57-49dc-9be4-6bbcfbf46781<%|%>a1213f12-9062-412e-a229-04a767801509<%|%>
31be37f6-f405-4b9f-827f-ab46db9b0812<%|%>a1213f12-9062-412e-a229-04a767801509<%|%>
4e44b2ca-0b91-4185-a5b9-300cfac5f806<%|%>9cc8fa2b-8e9f-44b8-9260-518445366356<%|%>
4404f0ac-5378-4e20-a07c-38d1bf8f3dbb<%|%>9cc8fa2b-8e9f-44b8-9260-518445366356<%|%>
98bcdfcf-d16b-43ef-b7e9-94c8a430187d<%|%>09610378-70a7-4232-9b5f-a9f3e365d489<%|%>
0d2af30d-f595-45c1-80c4-cb7dc95feffc<%|%>09610378-70a7-4232-9b5f-a9f3e365d489<%|%>
8a4d3ec3-b815-4a14-9e84-16fabd2800c7<%|%>07b445f1-6e5a-4029-af9f-f6ffbd3161c2<%|%>
97e803ad-4f62-408e-938f-fececbb2eb0a<%|%>82ec3033-7c2a-4f2a-a033-82b85857617c<%|%>
9f37498b-d00b-491e-b2ba-bf1951033348<%|%>88f56d2d-8070-4eea-b2a7-5ce4124bc6f5<%|%>
c4076bad-99c1-4fec-b95b-29775b40a46a<%|%>6f398b56-b21f-4e8b-9637-ed85b609975e<%|%>
79627fd1-085e-4871-ade5-25d71b560f0c<%|%>88f56d2d-8070-4eea-b2a7-5ce4124bc6f5<%|%>
63010341-662d-434a-ad1f-c845f59446bd<%|%>07b445f1-6e5a-4029-af9f-f6ffbd3161c2<%|%>
75c80f0f-c0d7-474d-99fc-2cde9ec32928<%|%>6f398b56-b21f-4e8b-9637-ed85b609975e<%|%>
67f3c05d-ad1b-405e-8813-1fee5807580e<%|%>88f56d2d-8070-4eea-b2a7-5ce4124bc6f5<%|%>
6f21cf59-3767-49cb-9cbf-331bfe08395a<%|%>88f56d2d-8070-4eea-b2a7-5ce4124bc6f5<%|%>
1d8929ff-1093-4d8d-8d12-6bfd84942170<%|%>88f56d2d-8070-4eea-b2a7-5ce4124bc6f5<%|%>
fa73ac8c-76d5-42c9-9545-38664647d346<%|%>07b445f1-6e5a-4029-af9f-f6ffbd3161c2<%|%>
a725a10a-7b4a-4cb2-88e8-b5505116ff08<%|%>9cc8fa2b-8e9f-44b8-9260-518445366356<%|%>
61553c24-ca92-4e18-bc57-fc15ae4c47a1<%|%>07b445f1-6e5a-4029-af9f-f6ffbd3161c2<%|%>
37ce0d8b-e956-424a-a578-32770584c512<%|%>07b445f1-6e5a-4029-af9f-f6ffbd3161c2<%|%>
75fdf79c-3405-44cf-834a-82369bc583ee<%|%>09610378-70a7-4232-9b5f-a9f3e365d489<%|%>
91f0ff71-f8a7-4193-89ef-ff4558b8c5d8<%|%>09610378-70a7-4232-9b5f-a9f3e365d489<%|%>
ad634336-2caf-4609-ae11-7a8530f51cd7<%|%>07b445f1-6e5a-4029-af9f-f6ffbd3161c2<%|%>
737cdc36-6989-4155-b603-4edbaaf3f104<%|%>07b445f1-6e5a-4029-af9f-f6ffbd3161c2<%|%>
f2a0c6c6-128f-4ff2-b5a8-784caf20f1e4<%|%>6f398b56-b21f-4e8b-9637-ed85b609975e<%|%>
b4f4ea0e-a286-47c9-87b2-634124dec202<%|%>07b445f1-6e5a-4029-af9f-f6ffbd3161c2<%|%>
40c8d5fe-bf05-4abd-bcbb-c56f685c4d14<%|%>6f398b56-b21f-4e8b-9637-ed85b609975e<%|%>
e7832d1d-5be3-4bed-ad2a-c2a91a0712ac<%|%>07b445f1-6e5a-4029-af9f-f6ffbd3161c2<%|%>
07b0162b-3047-4aba-bbcd-302befd9ca01<%|%>9cc8fa2b-8e9f-44b8-9260-518445366356<%|%>
ffd653c1-2c4a-4ffd-9384-81d99941dbc7<%|%>6f398b56-b21f-4e8b-9637-ed85b609975e<%|%>
6915526f-745a-44ea-94c6-a684e5490d72<%|%>6f398b56-b21f-4e8b-9637-ed85b609975e<%|%>
801f56b2-3c56-4c38-9a90-2f8134132365<%|%>9cc8fa2b-8e9f-44b8-9260-518445366356<%|%>
bb78b33f-9ba0-48cc-93ed-3f162530561b<%|%>9cc8fa2b-8e9f-44b8-9260-518445366356<%|%>
46716926-56a6-4fd2-93ac-ba1bca902af4<%|%>9cc8fa2b-8e9f-44b8-9260-518445366356<%|%>
e364ce41-ffcd-4502-a85d-889dbd1a9f34<%|%>9cc8fa2b-8e9f-44b8-9260-518445366356<%|%>
36ffac9b-fd63-451e-b05a-9a028a326aa5<%|%>a1213f12-9062-412e-a229-04a767801509<%|%>
e80abac7-4363-4e25-b476-5d18394fe337<%|%>6f398b56-b21f-4e8b-9637-ed85b609975e<%|%>
178b0092-dc7e-4ea5-88db-a6fc5d0e8ccb<%|%>6f398b56-b21f-4e8b-9637-ed85b609975e<%|%>
6840945e-ba68-4b25-84dc-c69304b40532<%|%>6f398b56-b21f-4e8b-9637-ed85b609975e<%|%>
6023fcf9-58ba-43d3-b163-41521ce1135b<%|%>6f398b56-b21f-4e8b-9637-ed85b609975e<%|%>
5861618e-de40-4480-86dc-96f59e1f209e<%|%>07b445f1-6e5a-4029-af9f-f6ffbd3161c2<%|%>
36ce9d58-f0b1-45ab-b5f3-726fe43b47cc<%|%>6f398b56-b21f-4e8b-9637-ed85b609975e<%|%>
40eada3d-e03e-4aa6-93c4-200b520901df<%|%>1ac7025b-d16f-4016-9826-7e357f9df4c4<%|%>
e08e6fee-e4a2-43cb-b430-228f48dbf62b<%|%>6f398b56-b21f-4e8b-9637-ed85b609975e<%|%>
4b04486a-4f54-44b0-80d7-570224ce6b7b<%|%>d590fece-761c-4fc1-bdba-e48e4b75072c<%|%>
a7fdd46d-d47e-4c9e-860c-3dea1fc98863<%|%>6f398b56-b21f-4e8b-9637-ed85b609975e<%|%>
e4686e75-2003-4062-8ba1-597db4c36b5a<%|%>07b445f1-6e5a-4029-af9f-f6ffbd3161c2<%|%>
645aa8d8-1025-417e-a022-5c002f0b91c7<%|%>07b445f1-6e5a-4029-af9f-f6ffbd3161c2<%|%>
0b8edff6-9181-4fe9-aead-1cf5bc17ef72<%|%>07b445f1-6e5a-4029-af9f-f6ffbd3161c2<%|%>
71f0cb9b-68d7-434a-8eaf-f1df62836df5<%|%>07b445f1-6e5a-4029-af9f-f6ffbd3161c2<%|%>
02a5d11e-404f-4aa0-8e07-cadf548f6dd3<%|%>07b445f1-6e5a-4029-af9f-f6ffbd3161c2<%|%>
8d128737-4ff6-480b-9797-9b6439e77ef4<%|%>07b445f1-6e5a-4029-af9f-f6ffbd3161c2<%|%>
e75e7f16-a2f4-4c30-8397-ee4f138caa16<%|%>d590fece-761c-4fc1-bdba-e48e4b75072c<%|%>
2cab6774-a913-479b-a19c-038c1e5e4541<%|%>07b445f1-6e5a-4029-af9f-f6ffbd3161c2<%|%>
31359722-52d7-4dfb-ba77-3c3bf577f372<%|%>6f398b56-b21f-4e8b-9637-ed85b609975e<%|%>
388b2aa4-eeae-471e-8030-62d1095bdd89<%|%>6f398b56-b21f-4e8b-9637-ed85b609975e<%|%>
a6a6e635-1ab5-45ab-9ffd-7e160b32f7bc<%|%>6f398b56-b21f-4e8b-9637-ed85b609975e<%|%>
53e51b86-2398-428d-8236-fca752ea1398<%|%>07b445f1-6e5a-4029-af9f-f6ffbd3161c2<%|%>
0b449bef-9da0-4ac3-aac7-d05f581f904a<%|%>07b445f1-6e5a-4029-af9f-f6ffbd3161c2<%|%>
d97ce611-2e34-4b10-83e8-b8120dc42f1e<%|%>07b445f1-6e5a-4029-af9f-f6ffbd3161c2<%|%>
8f749eed-4d1c-4452-82b8-2600b4d5748c<%|%>a72a3567-3986-40cf-aa8c-ba7d58f492d8<%|%>
48c13f16-29b5-45f1-ada6-626b85603c4c<%|%>a72a3567-3986-40cf-aa8c-ba7d58f492d8<%|%>
8eb88431-1f7a-4c75-bcd4-5e26a1b1b9c6<%|%>a72a3567-3986-40cf-aa8c-ba7d58f492d8<%|%>
c9d963b9-80d4-4340-991f-9717688fa2f5<%|%>6f398b56-b21f-4e8b-9637-ed85b609975e<%|%>
8bb8aff1-b097-4cbd-a919-9497d45bee97<%|%>6f398b56-b21f-4e8b-9637-ed85b609975e<%|%>
1c5bbdbd-d9c8-4201-903f-86120a565e15<%|%>2e9e28d7-3c98-4823-91b4-fa0cf15baf23<%|%>
97bd4776-9e2b-4e32-a59c-e26b722cbc02<%|%>6f398b56-b21f-4e8b-9637-ed85b609975e<%|%>
19d3351f-6089-46c8-b0b9-f1eac4d23bb6<%|%>6f398b56-b21f-4e8b-9637-ed85b609975e<%|%>
b356154d-6197-4020-b8a2-d9b2bfadaf9a<%|%>07b445f1-6e5a-4029-af9f-f6ffbd3161c2<%|%>
a612d9fb-cc10-4191-babe-432a76d818cb<%|%>07b445f1-6e5a-4029-af9f-f6ffbd3161c2<%|%>
9c0c8174-f4cf-440f-89ef-415d07b0498a<%|%>bfaeb4c9-cfe3-46d9-b77f-7e47209cac1d<%|%>
dd18cc06-96d9-4aec-bf43-65eb90d6ccb5<%|%>2e9e28d7-3c98-4823-91b4-fa0cf15baf23<%|%>
6473968c-a386-4e5b-a865-8cf769c849ea<%|%>6f398b56-b21f-4e8b-9637-ed85b609975e<%|%>
36d6b579-7a89-4de6-bed3-655455518a55<%|%>07b445f1-6e5a-4029-af9f-f6ffbd3161c2<%|%>
ac53ce59-ab60-477e-a8ab-0528deeab032<%|%>88f56d2d-8070-4eea-b2a7-5ce4124bc6f5<%|%>
d7fb99a0-3928-422d-a52a-9a3e6f93efd3<%|%>88f56d2d-8070-4eea-b2a7-5ce4124bc6f5<%|%>
d8b4d81c-1522-4c1b-9d91-c770316974cb<%|%>88f56d2d-8070-4eea-b2a7-5ce4124bc6f5<%|%>
5d8d9b6b-5232-4682-af02-15b014df7942<%|%>88f56d2d-8070-4eea-b2a7-5ce4124bc6f5<%|%>
4d1588ec-0413-4588-b964-fd89ac920011<%|%>07b445f1-6e5a-4029-af9f-f6ffbd3161c2<%|%>
de4b8f55-7376-454c-bd1f-da00cb9ba6eb<%|%>6f398b56-b21f-4e8b-9637-ed85b609975e<%|%>
4b023101-df44-496b-b074-d60aa6c0aceb<%|%>6f398b56-b21f-4e8b-9637-ed85b609975e<%|%>
2e4d89ba-a593-4533-b786-5277bb2dccde<%|%>6f398b56-b21f-4e8b-9637-ed85b609975e<%|%>
0c2317cf-cc15-47e5-9a2e-c02c5cf801bd<%|%>6f398b56-b21f-4e8b-9637-ed85b609975e<%|%>
e613e6a0-d649-4c1a-8f24-67a7e697213c<%|%>6f398b56-b21f-4e8b-9637-ed85b609975e<%|%>
2d35c5f6-9c95-48d2-a4d6-81554bb0adb0<%|%>6f398b56-b21f-4e8b-9637-ed85b609975e<%|%>
0132c4fe-c9c6-4d79-bdfb-02204cd4d8dd<%|%>6f398b56-b21f-4e8b-9637-ed85b609975e<%|%>
5ece67ab-0954-4b81-8032-74936678b940<%|%>88f56d2d-8070-4eea-b2a7-5ce4124bc6f5<%|%>
43cde7c0-60ff-4641-bb9a-98d58a581c94<%|%>88f56d2d-8070-4eea-b2a7-5ce4124bc6f5<%|%>
a77ead23-b6c3-4054-8012-73ec1a356d1c<%|%>88f56d2d-8070-4eea-b2a7-5ce4124bc6f5<%|%>
718d6cba-a532-4a8a-85c8-f3abb358b022<%|%>88f56d2d-8070-4eea-b2a7-5ce4124bc6f5<%|%>
16dddfdb-0f95-4800-a3d7-73f3be8299f9<%|%>82ec3033-7c2a-4f2a-a033-82b85857617c<%|%>
da8ea2b7-2953-419f-96c7-0487ac738a1e<%|%>d590fece-761c-4fc1-bdba-e48e4b75072c<%|%>
c2d93dfc-8ccd-4c23-ba08-75a0ce35a3a6<%|%>d590fece-761c-4fc1-bdba-e48e4b75072c<%|%>
97cc8be5-4f41-4655-8a04-cb9cfb7ba64b<%|%>d590fece-761c-4fc1-bdba-e48e4b75072c<%|%>
d83ac931-b574-481b-8468-60a8d3ac4212<%|%>88f56d2d-8070-4eea-b2a7-5ce4124bc6f5<%|%>
e12416f1-733d-4a14-8f59-8c3da4f52185<%|%>88f56d2d-8070-4eea-b2a7-5ce4124bc6f5<%|%>
6753a9bc-71a8-40ae-a516-94d57874663f<%|%>88f56d2d-8070-4eea-b2a7-5ce4124bc6f5<%|%>
14b87a0a-01db-44eb-9889-ff81e64b65c1<%|%>88f56d2d-8070-4eea-b2a7-5ce4124bc6f5<%|%>
89dae813-f80d-4fe4-b555-1cb1f2d398b4<%|%>2e9e28d7-3c98-4823-91b4-fa0cf15baf23<%|%>
c8aefc4f-7331-4355-b2d0-1ff3766a4a1b<%|%>2e9e28d7-3c98-4823-91b4-fa0cf15baf23<%|%>
2aaed36e-cd64-4663-bef8-d540b26ec2fb<%|%>2e9e28d7-3c98-4823-91b4-fa0cf15baf23<%|%>
50bfc30c-061b-4791-b653-cd984a75eeb2<%|%>2e9e28d7-3c98-4823-91b4-fa0cf15baf23<%|%>
4b39db99-55a3-4872-90ff-36a810838c3b<%|%>6f398b56-b21f-4e8b-9637-ed85b609975e<%|%>
84cd0d3d-f608-4bde-95d4-b13821bea9e6<%|%>35ec72af-fd85-495e-9209-5ba6cd04bb67<%|%>
2311a67e-f659-45f9-a4bd-df2600943b0d<%|%>07b445f1-6e5a-4029-af9f-f6ffbd3161c2<%|%>
9af7dec0-3382-4776-b87f-14b59ee58b0e<%|%>35ec72af-fd85-495e-9209-5ba6cd04bb67<%|%>
fa463e14-fbe5-416a-9e20-f94c473242c1<%|%>07b445f1-6e5a-4029-af9f-f6ffbd3161c2<%|%>
48d335ec-9fe7-4825-8ef1-16dbb0d2613f<%|%>6b96b7b4-b7e6-4b60-b911-8438b4504b45<%|%>
e5982587-1ce6-43fe-b0d0-f0204445dc64<%|%>6b96b7b4-b7e6-4b60-b911-8438b4504b45<%|%>
358d8bda-110a-4aa1-9490-3f6f6b87ed80<%|%>07b445f1-6e5a-4029-af9f-f6ffbd3161c2<%|%>
16d49d4d-dc0e-40bd-95e0-a8135cc12827<%|%>35ec72af-fd85-495e-9209-5ba6cd04bb67<%|%>
a0064088-d2a7-4719-8982-20e004395571<%|%>6b96b7b4-b7e6-4b60-b911-8438b4504b45<%|%>
52fb39ce-d19e-4db6-b33f-c26f127cff7f<%|%>35ec72af-fd85-495e-9209-5ba6cd04bb67<%|%>
6d3d36f9-69cf-4b17-93ec-2d3cc19fd125<%|%>07b445f1-6e5a-4029-af9f-f6ffbd3161c2<%|%>
bfc99063-9f68-47d6-b5ba-a14cf33bfbc0<%|%>35ec72af-fd85-495e-9209-5ba6cd04bb67<%|%>
df3e44a1-58ab-4f10-bdc4-1c0ba1298024<%|%>07b445f1-6e5a-4029-af9f-f6ffbd3161c2<%|%>
531b78f4-6b9e-426b-8cbd-b25780dd669c<%|%>35ec72af-fd85-495e-9209-5ba6cd04bb67<%|%>
6d72e854-adfe-4369-acf3-569f5887c8e6<%|%>35ec72af-fd85-495e-9209-5ba6cd04bb67<%|%>
7ee201c9-96f4-4937-98c9-df64d921b21f<%|%>35ec72af-fd85-495e-9209-5ba6cd04bb67<%|%>
55a3755c-939c-4110-a045-94e701b0dfc2<%|%>35ec72af-fd85-495e-9209-5ba6cd04bb67<%|%>
de6c62bb-2766-401f-86cd-6d49410789ae<%|%>35ec72af-fd85-495e-9209-5ba6cd04bb67<%|%>
cedbf4b3-0450-48d6-9f56-5d755ed21195<%|%>07b445f1-6e5a-4029-af9f-f6ffbd3161c2<%|%>
003acd03-06b9-41ae-b322-5ad85d0e31dd<%|%>d590fece-761c-4fc1-bdba-e48e4b75072c<%|%>
a478a67b-ed75-480f-894f-ab9cab8a3fd3<%|%>6f398b56-b21f-4e8b-9637-ed85b609975e<%|%>
d3ff3f2b-d803-4162-8370-060bfe98c3a6<%|%>6f398b56-b21f-4e8b-9637-ed85b609975e<%|%>
c585aa4a-2be4-4f84-9902-63dd118062ce<%|%>6f398b56-b21f-4e8b-9637-ed85b609975e<%|%>
f7e26dc9-8ae6-4565-afd1-5c25da11e37a<%|%>07b445f1-6e5a-4029-af9f-f6ffbd3161c2<%|%>
96f963a5-5ddf-4f5f-9396-0dcd86301b3a<%|%>07b445f1-6e5a-4029-af9f-f6ffbd3161c2<%|%>
50474114-002b-41f2-937c-88a143417cfb<%|%>07b445f1-6e5a-4029-af9f-f6ffbd3161c2<%|%>
602ba07c-5b9a-4971-ac9d-4838badd4f4e<%|%>07b445f1-6e5a-4029-af9f-f6ffbd3161c2<%|%>
2174182c-729c-48f2-ad18-1627b19dbe3f<%|%>07b445f1-6e5a-4029-af9f-f6ffbd3161c2<%|%>
930a0132-d40a-4b7a-9056-e42cb2ad714f<%|%>07b445f1-6e5a-4029-af9f-f6ffbd3161c2<%|%>
3d97a639-9eee-4772-a358-5ba1790f15da<%|%>07b445f1-6e5a-4029-af9f-f6ffbd3161c2<%|%>
ddd672eb-b2f3-4c4d-b328-49e7abbb041b<%|%>07b445f1-6e5a-4029-af9f-f6ffbd3161c2<%|%>
f1aad78e-2220-4719-9c64-b9dc7a47f643<%|%>07b445f1-6e5a-4029-af9f-f6ffbd3161c2<%|%>
738dc0bf-8fe3-4fcf-ae92-3cf623c56470<%|%>07b445f1-6e5a-4029-af9f-f6ffbd3161c2<%|%>
185186f6-f9db-42d6-8bcf-d9b3f62c7760<%|%>07b445f1-6e5a-4029-af9f-f6ffbd3161c2<%|%>
1f890b16-0f5f-44dc-9d30-62fd84b26df9<%|%>07b445f1-6e5a-4029-af9f-f6ffbd3161c2<%|%>
00889f70-1c44-4554-89f9-e1f135593370<%|%>07b445f1-6e5a-4029-af9f-f6ffbd3161c2<%|%>
fa10acca-dff6-4f02-95e8-2a2a704f3d12<%|%>07b445f1-6e5a-4029-af9f-f6ffbd3161c2<%|%>
9b445c51-7c51-467f-9224-07442bf764c9<%|%>07b445f1-6e5a-4029-af9f-f6ffbd3161c2<%|%>
dcc030a0-bebf-4c38-b92c-913277f4bb58<%|%>07b445f1-6e5a-4029-af9f-f6ffbd3161c2<%|%>
bd615804-f0d3-4266-9aae-a72dda1eff7a<%|%>07b445f1-6e5a-4029-af9f-f6ffbd3161c2<%|%>
df722b4c-16a0-4fec-90fb-95de1b38cfdd<%|%>07b445f1-6e5a-4029-af9f-f6ffbd3161c2<%|%>
ca58d779-6cb0-44e8-8b20-8808d352f061<%|%>07b445f1-6e5a-4029-af9f-f6ffbd3161c2<%|%>
795e5126-68bb-4633-9d02-d6a37446b2c8<%|%>07b445f1-6e5a-4029-af9f-f6ffbd3161c2<%|%>
fa84accb-f186-4601-be31-f3319544a56b<%|%>07b445f1-6e5a-4029-af9f-f6ffbd3161c2<%|%>
f98a0d28-92be-4f48-94b7-536012160a9d<%|%>d590fece-761c-4fc1-bdba-e48e4b75072c<%|%>
f350a1af-9da1-41e0-928b-1eeb2ea6d897<%|%>d590fece-761c-4fc1-bdba-e48e4b75072c<%|%>
ce3d5770-c999-4e87-a9f3-75484b8f8045<%|%>07b445f1-6e5a-4029-af9f-f6ffbd3161c2<%|%>
478f3ef9-51ef-47f2-9ad9-7b8f06228f2e<%|%>07b445f1-6e5a-4029-af9f-f6ffbd3161c2<%|%>
860eaf2b-75c5-4dec-99a0-a1f28602f1b8<%|%>07b445f1-6e5a-4029-af9f-f6ffbd3161c2<%|%>
a8b25474-2ae3-47a4-af95-3091bca8abb0<%|%>bfaeb4c9-cfe3-46d9-b77f-7e47209cac1d<%|%>
acaa8154-392b-4d44-b652-ee88a02272ef<%|%>6f398b56-b21f-4e8b-9637-ed85b609975e<%|%>
53d46a0a-2f01-4560-8859-81204b8acce8<%|%>07b445f1-6e5a-4029-af9f-f6ffbd3161c2<%|%>
1be1dc2c-013e-4169-9b47-a1ab5221800d<%|%>6f398b56-b21f-4e8b-9637-ed85b609975e<%|%>
1723ee88-03bf-4c7d-9ea8-e366852423b1<%|%>a72a3567-3986-40cf-aa8c-ba7d58f492d8<%|%>
856337b9-9369-44b1-b4f9-ab004fc4fc77<%|%>a72a3567-3986-40cf-aa8c-ba7d58f492d8<%|%>
91db1e0c-c37c-45d8-9459-dfc09332f7ff<%|%>a72a3567-3986-40cf-aa8c-ba7d58f492d8<%|%>
5ac708cf-3846-404a-bf26-756e806197e3<%|%>a72a3567-3986-40cf-aa8c-ba7d58f492d8<%|%>
e48ec91e-4746-43ce-8501-dbc10672cbdd<%|%>07b445f1-6e5a-4029-af9f-f6ffbd3161c2<%|%>
88f88925-ab4e-4d3a-a089-cec5c69bde1b<%|%>a72a3567-3986-40cf-aa8c-ba7d58f492d8<%|%>
431259e8-0b7a-48a0-8439-c8ecdeab7686<%|%>a72a3567-3986-40cf-aa8c-ba7d58f492d8<%|%>
d1782f7c-3bca-4939-9219-7f9a4b98e691<%|%>fbc3caa0-cd78-47ea-8d44-1fb1089746eb<%|%>
e30f481e-fff2-4f52-bb51-c0ddbd2bcfda<%|%>a72a3567-3986-40cf-aa8c-ba7d58f492d8<%|%>
2c848737-4e25-40b4-95b6-e9d3b99a3669<%|%>07b445f1-6e5a-4029-af9f-f6ffbd3161c2<%|%>
2ae02065-557f-474c-a37c-962e17da9ef8<%|%>ab5bf2bf-1fad-40f9-8894-44d43e864e3e<%|%>
0165d05e-a245-4af9-8064-85e1c55cee22<%|%>e77175ea-7dd3-47b9-964e-fcfaa0a0713e<%|%>
28791bac-4232-4a05-a484-d3c684ef739d<%|%>07b445f1-6e5a-4029-af9f-f6ffbd3161c2<%|%>
b5eb21f8-0ff3-4992-992c-2b445af59975<%|%>07b445f1-6e5a-4029-af9f-f6ffbd3161c2<%|%>
62be24e9-222a-4735-b407-5c6a171089fe<%|%>82ec3033-7c2a-4f2a-a033-82b85857617c<%|%>
1f01be12-e76d-4bae-b5fb-12f1fcebb90c<%|%>285ed49a-694f-41ea-b013-6cb81fe862f1<%|%>
7008aebb-3c9a-4fb9-a9c8-9172522f74cb<%|%>f2830962-b9f9-4c65-b08f-52112b75fd71<%|%>
2b20996d-5bef-4303-859a-7d4c7f1ab729<%|%>6f398b56-b21f-4e8b-9637-ed85b609975e<%|%>
b8da8fd4-e672-43dc-8320-f8b6862a5158<%|%>ab5bf2bf-1fad-40f9-8894-44d43e864e3e<%|%>
20743dd0-b0d1-48df-96e2-4e76ad87a514<%|%>1ac7025b-d16f-4016-9826-7e357f9df4c4<%|%>
17e8cdad-411b-457b-afdc-bdd06b519feb<%|%>1ac7025b-d16f-4016-9826-7e357f9df4c4<%|%>
8bf44fab-b7d5-4de4-8c09-b4b2d8c241ef<%|%>07b445f1-6e5a-4029-af9f-f6ffbd3161c2<%|%>
cb275f3c-2298-48f0-8532-ec9a2353b424<%|%>07b445f1-6e5a-4029-af9f-f6ffbd3161c2<%|%>
8dc43b68-9523-4167-beb1-4d456338ffd0<%|%>07b445f1-6e5a-4029-af9f-f6ffbd3161c2<%|%>
fcf0d77e-21e3-458d-8190-a6159e11aafc<%|%>82ec3033-7c2a-4f2a-a033-82b85857617c<%|%>
d39d0ffc-9057-4672-9de1-958b746b3cea<%|%>bfaeb4c9-cfe3-46d9-b77f-7e47209cac1d<%|%>
11a738e1-1bf2-4340-86c3-baa19ede89f1<%|%>bfaeb4c9-cfe3-46d9-b77f-7e47209cac1d<%|%>
ac3f03f5-cef2-489a-9551-ba884406961a<%|%>07b445f1-6e5a-4029-af9f-f6ffbd3161c2<%|%>
fdf92c3c-c8e0-4c5e-9db7-227adea2e9d8<%|%>5085ca8b-c9dc-4c77-8e27-66ce7dcb09aa<%|%>
222373b6-7913-4289-89b5-2298bb4b5520<%|%>a1213f12-9062-412e-a229-04a767801509<%|%>
b9465501-0d6f-4365-8cc9-3923f0528b43<%|%>a1213f12-9062-412e-a229-04a767801509<%|%>
00fae3ac-624c-4c67-9f11-e5864e9b63d4<%|%>bfaeb4c9-cfe3-46d9-b77f-7e47209cac1d<%|%>
6989d98c-9986-4eeb-9f87-e2949b7d656f<%|%>bb22f964-32aa-4871-affa-fa4e334b00d7<%|%>
089770b5-4d26-4932-8012-765f4d69ce59<%|%>a1213f12-9062-412e-a229-04a767801509<%|%>
67e90e64-7211-411a-aed2-9c1e38fdfd73<%|%>a72a3567-3986-40cf-aa8c-ba7d58f492d8<%|%>
bf4f151f-4f3e-412b-b905-baa5f3880f51<%|%>a72a3567-3986-40cf-aa8c-ba7d58f492d8<%|%>
b3736111-f04c-4af1-9f28-447b88969fd8<%|%>5085ca8b-c9dc-4c77-8e27-66ce7dcb09aa<%|%>
0808e084-0d12-4ec6-b6ce-100ddd71962a<%|%>5085ca8b-c9dc-4c77-8e27-66ce7dcb09aa<%|%>
7e29b041-022c-4556-9447-1fe30c2c4d68<%|%>7887d249-5dbf-4adb-bf09-fd0dc089ba41<%|%>
d3cf2fda-e5a8-44b6-9ac4-fcfb952dea69<%|%>35ec72af-fd85-495e-9209-5ba6cd04bb67<%|%>
dd9690bf-1e47-4fab-bdff-0ba11b3d9df9<%|%>a1213f12-9062-412e-a229-04a767801509<%|%>
0b2df7c1-b773-41dd-9f61-c3309d1fe1ac<%|%>a1213f12-9062-412e-a229-04a767801509<%|%>
68e6144c-c194-4600-bd25-7767eb892cbf<%|%>a1213f12-9062-412e-a229-04a767801509<%|%>
6f6bbd82-031d-432e-8614-8b0a1d95b819<%|%>a1213f12-9062-412e-a229-04a767801509<%|%>
b6ffda87-3d0c-4bda-8162-142f62e3d4a7<%|%>a1213f12-9062-412e-a229-04a767801509<%|%>
ab6b1b70-1b2f-445a-af13-e30dcf887729<%|%>a1213f12-9062-412e-a229-04a767801509<%|%>
440a87b3-f9a1-47bf-aaf1-6d0280b49cd4<%|%>fbc3caa0-cd78-47ea-8d44-1fb1089746eb<%|%>
f47f1ca7-1a96-4861-94f1-efbdf513367d<%|%>fbc3caa0-cd78-47ea-8d44-1fb1089746eb<%|%>
7f2f6860-94ef-4a1e-9433-688d0bc8f1c1<%|%>a72a3567-3986-40cf-aa8c-ba7d58f492d8<%|%>
78864ca6-0062-4d6f-b3c8-9afcf1c01b2a<%|%>35ec72af-fd85-495e-9209-5ba6cd04bb67<%|%>
c9169204-e915-47d3-8aae-378763ab5cdf<%|%>07b445f1-6e5a-4029-af9f-f6ffbd3161c2<%|%>
5f5a40ac-73a7-4144-ab62-bfc22b612df5<%|%>35ec72af-fd85-495e-9209-5ba6cd04bb67<%|%>
3ec82263-2413-4a22-a405-b11941e5fb2c<%|%>35ec72af-fd85-495e-9209-5ba6cd04bb67<%|%>
7c585f69-1710-4292-9017-33d34fa96b07<%|%>ab5bf2bf-1fad-40f9-8894-44d43e864e3e<%|%>
45fc9318-1f01-4c53-858e-06f3697ab8ac<%|%>2e9e28d7-3c98-4823-91b4-fa0cf15baf23<%|%>
4ce98de1-387f-4f99-b8a7-79799c564c49<%|%>07b445f1-6e5a-4029-af9f-f6ffbd3161c2<%|%>
2c3bd1b5-c9e7-42df-a7bb-ada61b53da63<%|%>07b445f1-6e5a-4029-af9f-f6ffbd3161c2<%|%>
3d305266-a6ac-4d1c-8ba3-c8c39e0e754d<%|%>07b445f1-6e5a-4029-af9f-f6ffbd3161c2<%|%>
f7ce1729-b6e5-4b8c-ba5b-a1ec3dcf60f2<%|%>2e9e28d7-3c98-4823-91b4-fa0cf15baf23<%|%>
c1abfac8-0af2-4589-9526-5d0b8a988131<%|%>07b445f1-6e5a-4029-af9f-f6ffbd3161c2<%|%>
bc89cd84-0c75-4181-9912-be6c22c2576d<%|%>07b445f1-6e5a-4029-af9f-f6ffbd3161c2<%|%>
72259373-30d2-4a63-802f-7c4ea3b3f9a9<%|%>07b445f1-6e5a-4029-af9f-f6ffbd3161c2<%|%>
298e70e6-2666-4b6d-af7c-a05d2954dff7<%|%>07b445f1-6e5a-4029-af9f-f6ffbd3161c2<%|%>
f78353af-a76e-416e-8509-44528c9bb8ff<%|%>a1213f12-9062-412e-a229-04a767801509<%|%>
bb540919-30bd-47f4-9a3c-391f331d7a92<%|%>a1213f12-9062-412e-a229-04a767801509<%|%>
8a52bd9d-ba78-46bc-8932-5b6d1d42f162<%|%>07b445f1-6e5a-4029-af9f-f6ffbd3161c2<%|%>
6a29b7ef-b90c-4245-bed4-f97bfc5deb3e<%|%>07b445f1-6e5a-4029-af9f-f6ffbd3161c2<%|%>
64b8f571-8c89-4a43-aeee-b1f559331878<%|%>35ec72af-fd85-495e-9209-5ba6cd04bb67<%|%>
37fc822e-d226-47c6-a904-792051dcb8bb<%|%>a1213f12-9062-412e-a229-04a767801509<%|%>
5fcfe30a-07ec-4a04-bed4-db19d0c92ebf<%|%>a1213f12-9062-412e-a229-04a767801509<%|%>
db3c878b-608f-494d-af4f-cf4e2a8de594<%|%>6f398b56-b21f-4e8b-9637-ed85b609975e<%|%>
bf5fc0ec-2d76-4601-90b2-e44d8857bff8<%|%>2fd75e9f-c05c-4291-a45c-37c5d8079c8b<%|%>
7102d6ff-988f-4500-a3fd-94a613ca54f5<%|%>2fd75e9f-c05c-4291-a45c-37c5d8079c8b<%|%>
9b9d6a92-6199-4870-b28c-4366bedb511f<%|%>7887d249-5dbf-4adb-bf09-fd0dc089ba41<%|%>
a9373f6a-92de-4a02-b337-e8b4dfb61178<%|%>7887d249-5dbf-4adb-bf09-fd0dc089ba41<%|%>
8d913be5-4aeb-4730-b100-9b10e860a9ce<%|%>07b445f1-6e5a-4029-af9f-f6ffbd3161c2<%|%>
56222939-8023-4f9a-9261-15f0f1163f43<%|%>07b445f1-6e5a-4029-af9f-f6ffbd3161c2<%|%>
2ff85ea9-4021-4367-b837-e2dacb3e4cfc<%|%>07b445f1-6e5a-4029-af9f-f6ffbd3161c2<%|%>
bec0af46-95b0-427d-9217-81a8c124acd4<%|%>07b445f1-6e5a-4029-af9f-f6ffbd3161c2<%|%>
71765e3e-5307-411c-9678-3bd6c5d720ca<%|%>07b445f1-6e5a-4029-af9f-f6ffbd3161c2<%|%>
11acfaea-1b7a-4fc8-adcf-f344015695ea<%|%>07b445f1-6e5a-4029-af9f-f6ffbd3161c2<%|%>
e351f75e-b717-46e3-b0b2-cf3a31af299b<%|%>07b445f1-6e5a-4029-af9f-f6ffbd3161c2<%|%>
a86011a4-bcad-4cb4-bab1-83d4ec5b386d<%|%>6f398b56-b21f-4e8b-9637-ed85b609975e<%|%>
daf32df1-ab07-4e9f-80ac-c53c7da1d434<%|%>07b445f1-6e5a-4029-af9f-f6ffbd3161c2<%|%>
6cc5e3a8-9531-45ba-ab7a-be9193049d5f<%|%>07b445f1-6e5a-4029-af9f-f6ffbd3161c2<%|%>
0612e708-ae4a-475d-bad6-7b22befb94e0<%|%>07b445f1-6e5a-4029-af9f-f6ffbd3161c2<%|%>
bdc316dd-8a38-4f7b-9d27-7f2ccd441994<%|%>07b445f1-6e5a-4029-af9f-f6ffbd3161c2<%|%>
2f5dd62f-7155-45cd-83c9-8b81fc12bbec<%|%>07b445f1-6e5a-4029-af9f-f6ffbd3161c2<%|%>
7d54e7c5-3398-4b8c-884d-3c87bed96515<%|%>07b445f1-6e5a-4029-af9f-f6ffbd3161c2<%|%>
31d97c56-a53a-4cd1-9a9f-2901f4456281<%|%>07b445f1-6e5a-4029-af9f-f6ffbd3161c2<%|%>
831c9046-b0aa-4f68-8318-7836c0611c19<%|%>07b445f1-6e5a-4029-af9f-f6ffbd3161c2<%|%>
162cf814-7203-43cc-8c6b-98177d4b3998<%|%>07b445f1-6e5a-4029-af9f-f6ffbd3161c2<%|%>
6b694598-c10e-4b58-9bcf-d6de5e35cc8b<%|%>07b445f1-6e5a-4029-af9f-f6ffbd3161c2<%|%>
f20e7965-161f-41d6-ad3b-4117a66addf3<%|%>07b445f1-6e5a-4029-af9f-f6ffbd3161c2<%|%>
2609a85f-4ca5-4b1a-857d-04ca39de0035<%|%>2e9e28d7-3c98-4823-91b4-fa0cf15baf23<%|%>
07a9c921-3762-456b-8369-f154edd133cc<%|%>6f398b56-b21f-4e8b-9637-ed85b609975e<%|%>
3ddc49dc-2c16-4032-8ca0-5dc892360dd8<%|%>07b445f1-6e5a-4029-af9f-f6ffbd3161c2<%|%>
90c603a2-812c-4da1-b43b-5ea9e00354c9<%|%>07b445f1-6e5a-4029-af9f-f6ffbd3161c2<%|%>
548a9298-53f4-4c22-9e08-47c2b68d8caa<%|%>6f398b56-b21f-4e8b-9637-ed85b609975e<%|%>
d329c2e2-5e44-499b-b994-c10dea8b7435<%|%>a1213f12-9062-412e-a229-04a767801509<%|%>
6988928a-df84-49b5-b9d4-03f14975b392<%|%>a1213f12-9062-412e-a229-04a767801509<%|%>
7489b061-7621-4dfe-b7b7-f8283f994f31<%|%>07b445f1-6e5a-4029-af9f-f6ffbd3161c2<%|%>
2e3652d8-4ac7-4bfa-88ca-7c1c0d4ae0f6<%|%>7f638fec-96fe-4c57-b706-c1b7e3dc1292<%|%>
4aa71ba0-28da-4f4d-9b8d-0f003d717765<%|%>2e9e28d7-3c98-4823-91b4-fa0cf15baf23<%|%>
70e542d6-ea53-4f07-969e-037daedd6a97<%|%>07b445f1-6e5a-4029-af9f-f6ffbd3161c2<%|%>
822ab78c-dbcc-4098-bd48-e0a08ff6f7db<%|%>7887d249-5dbf-4adb-bf09-fd0dc089ba41<%|%>
04fd41ae-f566-478c-a889-b411bb99c867<%|%>07b445f1-6e5a-4029-af9f-f6ffbd3161c2<%|%>
a14e7fa6-b624-4735-b5b8-1a57caa681fa<%|%>07b445f1-6e5a-4029-af9f-f6ffbd3161c2<%|%>
c38469c3-0024-4d05-b014-a761cc8b62df<%|%>07b445f1-6e5a-4029-af9f-f6ffbd3161c2<%|%>
1388a517-7efb-4e55-9d8f-68af815b46ae<%|%>07b445f1-6e5a-4029-af9f-f6ffbd3161c2<%|%>
d976e864-66ee-49aa-888e-3d234c2eda39<%|%>07b445f1-6e5a-4029-af9f-f6ffbd3161c2<%|%>
4f7abbad-26ed-4093-94e6-595477e84bbd<%|%>6f398b56-b21f-4e8b-9637-ed85b609975e<%|%>
0d3f55a2-3a93-460c-9053-a24f7c70a295<%|%>6f398b56-b21f-4e8b-9637-ed85b609975e<%|%>
f4b50739-3f08-454d-a39b-bf7a8d1d14d8<%|%>07b445f1-6e5a-4029-af9f-f6ffbd3161c2<%|%>
6720b84a-8902-4d93-b900-88261cbb6900<%|%>09610378-70a7-4232-9b5f-a9f3e365d489<%|%>
595cb366-e8d7-43db-aa1c-b6cee16199da<%|%>09610378-70a7-4232-9b5f-a9f3e365d489<%|%>
6752cc76-f985-4d0c-9291-29d60e1230fb<%|%>07b445f1-6e5a-4029-af9f-f6ffbd3161c2<%|%>
dc5cb0e8-1b52-4ed6-b6ea-84bc6f308b32<%|%>07b445f1-6e5a-4029-af9f-f6ffbd3161c2<%|%>
a20b1c3f-c9fb-4fae-b085-321c8b40fc71<%|%>07b445f1-6e5a-4029-af9f-f6ffbd3161c2<%|%>
5ebed92b-9ac6-4d4e-9947-176a14bfa6b6<%|%>07b445f1-6e5a-4029-af9f-f6ffbd3161c2<%|%>
3bae75cc-c653-4bc6-b1b7-afe6781840f1<%|%>07b445f1-6e5a-4029-af9f-f6ffbd3161c2<%|%>
ec2115ef-55fd-423e-8823-38cea277ee22<%|%>09610378-70a7-4232-9b5f-a9f3e365d489<%|%>
16dde89c-5225-45e9-a7d1-6547a9217325<%|%>6f398b56-b21f-4e8b-9637-ed85b609975e<%|%>
9b4f9273-e6c3-41a1-ac8e-2d9bf479f9ca<%|%>6f398b56-b21f-4e8b-9637-ed85b609975e<%|%>
c75bc4b8-b180-42cf-952d-1eb7f59868d0<%|%>6f398b56-b21f-4e8b-9637-ed85b609975e<%|%>
0f98c19f-5a22-44bb-8be1-6e91e0eb4453<%|%>07b445f1-6e5a-4029-af9f-f6ffbd3161c2<%|%>
46f68cf6-af5f-4ac7-8032-ea61adcb96a9<%|%>07b445f1-6e5a-4029-af9f-f6ffbd3161c2<%|%>
bb434660-862c-4617-9f77-366e3f0d0e85<%|%>07b445f1-6e5a-4029-af9f-f6ffbd3161c2<%|%>
332d0987-bda9-402a-8ee1-4df5dcb8e183<%|%>2e9e28d7-3c98-4823-91b4-fa0cf15baf23<%|%>
f54512a0-2e2a-4735-a873-dd547ba5731b<%|%>2e9e28d7-3c98-4823-91b4-fa0cf15baf23<%|%>
f2320ab3-febe-4429-a9f0-1a200e6d8c65<%|%>2e9e28d7-3c98-4823-91b4-fa0cf15baf23<%|%>
25bc31e3-96fd-4094-a399-a255e39346c3<%|%>2e9e28d7-3c98-4823-91b4-fa0cf15baf23<%|%>
c2ebbf3a-f524-49eb-97a0-fc0d5f97f8d8<%|%>6f398b56-b21f-4e8b-9637-ed85b609975e<%|%>
d6055af2-c814-4964-9d5b-6f77fb53bc56<%|%>6f398b56-b21f-4e8b-9637-ed85b609975e<%|%>
17a2686b-a091-4654-a725-a9a5730358af<%|%>6f398b56-b21f-4e8b-9637-ed85b609975e<%|%>
37101a7b-7b67-4966-ba3d-4b7d0adee010<%|%>fbc3caa0-cd78-47ea-8d44-1fb1089746eb<%|%>
8d30b6cf-e7ca-490a-b62e-651fdfc7cec1<%|%>09610378-70a7-4232-9b5f-a9f3e365d489<%|%>
cca5f7e6-ff4a-4c96-8514-c341b5bf7e1a<%|%>a1213f12-9062-412e-a229-04a767801509<%|%>
475a0d1e-d759-4fa9-bb6b-2418e41f9823<%|%>a1213f12-9062-412e-a229-04a767801509<%|%>
ffdc8087-6075-4739-8a92-3cfebaa95537<%|%>6f398b56-b21f-4e8b-9637-ed85b609975e<%|%>
3e51ec05-38f5-4c39-95e5-529e8202cc7d<%|%>09610378-70a7-4232-9b5f-a9f3e365d489<%|%>
24e1a192-d806-44f6-9b49-780bd656074c<%|%>5085ca8b-c9dc-4c77-8e27-66ce7dcb09aa<%|%>
835260bc-438f-404a-9308-dfa9a8bf269b<%|%>2e9e28d7-3c98-4823-91b4-fa0cf15baf23<%|%>
a7218011-a684-4c5e-bd33-0b3ecf8b4a58<%|%>07b445f1-6e5a-4029-af9f-f6ffbd3161c2<%|%>
af252a24-e3fe-4598-aa97-762d2ea08925<%|%>fbc3caa0-cd78-47ea-8d44-1fb1089746eb<%|%>
5d3ccbd2-6a34-461e-aa9e-a64a7b74db1d<%|%>07b445f1-6e5a-4029-af9f-f6ffbd3161c2<%|%>
766724ee-154f-417b-ab10-548a19d5b39c<%|%>6f398b56-b21f-4e8b-9637-ed85b609975e<%|%>
4cfd6780-06c3-4896-9fed-00214f79e67e<%|%>6f398b56-b21f-4e8b-9637-ed85b609975e<%|%>
59d2e7cd-3e87-471f-ba99-ed0d4d7d9d2f<%|%>6f398b56-b21f-4e8b-9637-ed85b609975e<%|%>
f28da86c-6f15-4e1c-98b2-ec5e170143b7<%|%>6f398b56-b21f-4e8b-9637-ed85b609975e<%|%>
823435d7-1977-4205-b729-6c926be1548b<%|%>6f398b56-b21f-4e8b-9637-ed85b609975e<%|%>
46d13f0b-b658-4952-8692-c7c8e1c5b4f3<%|%>6f398b56-b21f-4e8b-9637-ed85b609975e<%|%>
69a5082f-b4c1-4f25-b5a5-b1c930970634<%|%>6f398b56-b21f-4e8b-9637-ed85b609975e<%|%>
51137125-021a-4258-887a-b6b4a1355a6d<%|%>6f398b56-b21f-4e8b-9637-ed85b609975e<%|%>
72b63e53-c4a1-45c2-8ed6-7f5e57c4e8ce<%|%>6f398b56-b21f-4e8b-9637-ed85b609975e<%|%>
cab62bba-71f4-421d-a2c9-88a35681586c<%|%>6f398b56-b21f-4e8b-9637-ed85b609975e<%|%>
b33799e4-4b8f-479a-90ed-c4de7385a4e3<%|%>6f398b56-b21f-4e8b-9637-ed85b609975e<%|%>
4cdfe8df-0cfd-42b5-b9f9-785e7cc4a332<%|%>6f398b56-b21f-4e8b-9637-ed85b609975e<%|%>
77d1065b-a437-4b0c-8fa4-0dbe3766eedd<%|%>6f398b56-b21f-4e8b-9637-ed85b609975e<%|%>
9bf8e5fa-d6e2-4eb2-a7e3-2197597601a9<%|%>6f398b56-b21f-4e8b-9637-ed85b609975e<%|%>
a7c841aa-9615-4c3d-b51f-17a54523e2bd<%|%>6f398b56-b21f-4e8b-9637-ed85b609975e<%|%>
1844c7a4-cd88-416a-9ee9-0618f61b9464<%|%>6f398b56-b21f-4e8b-9637-ed85b609975e<%|%>
0a4fea23-f88c-4718-9f72-f6948d26dd5b<%|%>6f398b56-b21f-4e8b-9637-ed85b609975e<%|%>
86b0bd18-c655-413e-a950-25f1779eb7ef<%|%>2fd75e9f-c05c-4291-a45c-37c5d8079c8b<%|%>
a28f38e2-eefe-4944-9c60-bc067672035a<%|%>2fd75e9f-c05c-4291-a45c-37c5d8079c8b<%|%>
5520fc8f-6c6d-4162-b177-22abe43c420c<%|%>2fd75e9f-c05c-4291-a45c-37c5d8079c8b<%|%>
9aaf709f-eae7-407e-bf20-aac75493b618<%|%>2fd75e9f-c05c-4291-a45c-37c5d8079c8b<%|%>
08cd0235-679c-46f7-a3be-ddf989c692d2<%|%>2fd75e9f-c05c-4291-a45c-37c5d8079c8b<%|%>
460139b3-e9ac-435e-a855-06c341b0fcf0<%|%>2fd75e9f-c05c-4291-a45c-37c5d8079c8b<%|%>
9c2612a4-6f17-44e5-8d09-27dd0cbd75fa<%|%>82c82dee-6f37-4d0b-b8ac-cb727543e0d5<%|%>
28b9e73b-f0f7-49a6-8689-b4ca50370d1c<%|%>ab5bf2bf-1fad-40f9-8894-44d43e864e3e<%|%>
9ed1acec-ad6b-48c0-b307-763b59cc8521<%|%>2fd75e9f-c05c-4291-a45c-37c5d8079c8b<%|%>
009527e9-103c-46ff-ad84-f25b2676cbec<%|%>2fd75e9f-c05c-4291-a45c-37c5d8079c8b<%|%>
193b297e-bcef-48fd-9686-787e223091a0<%|%>2fd75e9f-c05c-4291-a45c-37c5d8079c8b<%|%>
857af89c-919f-4fe5-badf-89fb0b59e9b7<%|%>2fd75e9f-c05c-4291-a45c-37c5d8079c8b<%|%>
ffa3b06c-bed0-43a7-ad1c-679cf17d5096<%|%>2fd75e9f-c05c-4291-a45c-37c5d8079c8b<%|%>
498ef0dc-9412-45b3-844e-ba49b3737183<%|%>2fd75e9f-c05c-4291-a45c-37c5d8079c8b<%|%>
7c41a1a7-b53b-404e-b1f8-4c54cc05e45e<%|%>2fd75e9f-c05c-4291-a45c-37c5d8079c8b<%|%>
63ba187d-08f3-45cc-97a1-3e317e9c5191<%|%>2fd75e9f-c05c-4291-a45c-37c5d8079c8b<%|%>
8f52c9ea-64ca-4659-9fe8-38af88a1fa43<%|%>07b445f1-6e5a-4029-af9f-f6ffbd3161c2<%|%>
f1987b5e-75d3-4198-8604-5ac8abcc62d9<%|%>2e9e28d7-3c98-4823-91b4-fa0cf15baf23<%|%>
591827c8-7716-4acd-991b-df4f4c384a23<%|%>07b445f1-6e5a-4029-af9f-f6ffbd3161c2<%|%>
4cf5c3e9-6548-48ad-abcf-d7fb9905da2a<%|%>2e9e28d7-3c98-4823-91b4-fa0cf15baf23<%|%>
1e3fb39a-2704-4c14-812d-2ec2ba573a43<%|%>2e9e28d7-3c98-4823-91b4-fa0cf15baf23<%|%>
76add3dd-1e5b-4be7-8104-44647dc150ee<%|%>07b445f1-6e5a-4029-af9f-f6ffbd3161c2<%|%>
20404562-143d-445a-a1df-c30ce5b827f5<%|%>2e9e28d7-3c98-4823-91b4-fa0cf15baf23<%|%>
404fe4b9-35cb-4fd5-a252-9754f06bfbca<%|%>2e9e28d7-3c98-4823-91b4-fa0cf15baf23<%|%>
556ab7ac-bad1-4f53-93a7-eafdac44141f<%|%>2e9e28d7-3c98-4823-91b4-fa0cf15baf23<%|%>
c1c07efc-4d11-4004-9f47-d6bd418d0601<%|%>fbc3caa0-cd78-47ea-8d44-1fb1089746eb<%|%>
cf353a3f-91a1-4db0-a9e6-8e946e344efe<%|%>1ac7025b-d16f-4016-9826-7e357f9df4c4<%|%>
1a9a3650-64fb-4220-a0ae-ee774400ab51<%|%>07b445f1-6e5a-4029-af9f-f6ffbd3161c2<%|%>
590cc8a6-5082-4f9f-b40e-f02c34bfbcce<%|%>82c82dee-6f37-4d0b-b8ac-cb727543e0d5<%|%>
b17bf895-1d91-401f-9440-bc4a8afb86bb<%|%>07b445f1-6e5a-4029-af9f-f6ffbd3161c2<%|%>
2e5218b5-0202-4c04-8fd4-45d673bf6e47<%|%>07b445f1-6e5a-4029-af9f-f6ffbd3161c2<%|%>
ff90ede3-9b85-4401-896a-726402bcf3aa<%|%>07b445f1-6e5a-4029-af9f-f6ffbd3161c2<%|%>
c0e0be5e-9dd7-4452-90c5-2b03bca6efd2<%|%>6f398b56-b21f-4e8b-9637-ed85b609975e<%|%>
9aa2417a-73d3-4f70-a988-9949b11a7292<%|%>6f398b56-b21f-4e8b-9637-ed85b609975e<%|%>
9303dc21-aa19-477c-90d8-2658eb341883<%|%>07b445f1-6e5a-4029-af9f-f6ffbd3161c2<%|%>
4a86a99e-6996-4fd3-bf2f-5c7603e43bf0<%|%>07b445f1-6e5a-4029-af9f-f6ffbd3161c2<%|%>
0ebbb789-d430-4e82-8e48-9956ff7d45f0<%|%>07b445f1-6e5a-4029-af9f-f6ffbd3161c2<%|%>
123ea934-4599-43ac-a735-d1b110f14f0f<%|%>07b445f1-6e5a-4029-af9f-f6ffbd3161c2<%|%>
ce48cae7-9ce9-49bb-b333-40ce2129f4f7<%|%>07b445f1-6e5a-4029-af9f-f6ffbd3161c2<%|%>
78117fca-28b6-42ca-8fff-3a2092eab011<%|%>07b445f1-6e5a-4029-af9f-f6ffbd3161c2<%|%>
32836b76-1645-441e-b80d-5050516974df<%|%>07b445f1-6e5a-4029-af9f-f6ffbd3161c2<%|%>
86b4e0be-ded1-4c2a-a79e-78f2a8bcf2eb<%|%>07b445f1-6e5a-4029-af9f-f6ffbd3161c2<%|%>
7bccdfb3-bf55-42f8-a2dd-f9b98b7810aa<%|%>07b445f1-6e5a-4029-af9f-f6ffbd3161c2<%|%>
1174c27a-0951-4df6-a7d2-d1b8cdfa4d46<%|%>07b445f1-6e5a-4029-af9f-f6ffbd3161c2<%|%>
cde198f1-2f5b-42f7-8a97-f0a51a7176c1<%|%>07b445f1-6e5a-4029-af9f-f6ffbd3161c2<%|%>
9831f7ac-9a0d-4a9e-9603-928e7d798929<%|%>ab5bf2bf-1fad-40f9-8894-44d43e864e3e<%|%>
e93a47df-17b4-453f-9805-749df39d07be<%|%>07b445f1-6e5a-4029-af9f-f6ffbd3161c2<%|%>
243db375-0273-4a5d-a565-3f53b44bd012<%|%>07b445f1-6e5a-4029-af9f-f6ffbd3161c2<%|%>
c2e6c556-6534-4d2e-8792-d2f6f918a714<%|%>07b445f1-6e5a-4029-af9f-f6ffbd3161c2<%|%>
72d4f843-9459-48e0-9efc-e36d9cfadc5b<%|%>ab5bf2bf-1fad-40f9-8894-44d43e864e3e<%|%>
5230e37f-f036-4cc7-9533-1006e7fc9903<%|%>6f398b56-b21f-4e8b-9637-ed85b609975e<%|%>
fdee0da4-1902-49e3-a6ea-bf6b216d5ae5<%|%>fbc3caa0-cd78-47ea-8d44-1fb1089746eb<%|%>
2846d02b-af4d-467d-a47f-99e68d794e99<%|%>6f398b56-b21f-4e8b-9637-ed85b609975e<%|%>
52ad35d7-2469-49d4-9eca-260c1322bf50<%|%>a7bc64bb-e93b-4dc2-ae7d-cbc8e6992302<%|%>
889343ac-d181-4cd5-8232-be15b2001690<%|%>ab5bf2bf-1fad-40f9-8894-44d43e864e3e<%|%>
c4d3a2ed-c491-40fc-9e85-db467658687b<%|%>1ac7025b-d16f-4016-9826-7e357f9df4c4<%|%>
a1dd50db-f38c-4457-bc4b-168de127257e<%|%>82c82dee-6f37-4d0b-b8ac-cb727543e0d5<%|%>
e6b41147-c64d-4cce-98cb-6b09bde83975<%|%>07b445f1-6e5a-4029-af9f-f6ffbd3161c2<%|%>
0f096daa-60e7-4a5c-961f-338fcef9b351<%|%>07b445f1-6e5a-4029-af9f-f6ffbd3161c2<%|%>
847d19f5-7452-4de0-a710-54857ff2c3a2<%|%>2fd75e9f-c05c-4291-a45c-37c5d8079c8b<%|%>
cfa880d4-3e3e-4e47-92f1-4c9621bae955<%|%>07b445f1-6e5a-4029-af9f-f6ffbd3161c2<%|%>
2639f820-3b5b-4cae-aabb-6bc39952e6bf<%|%>07b445f1-6e5a-4029-af9f-f6ffbd3161c2<%|%>
398e1173-e8ec-4a7a-876c-905b772bd2f3<%|%>e77175ea-7dd3-47b9-964e-fcfaa0a0713e<%|%>
868380b3-5986-4023-8eee-d8d3df721dae<%|%>07b445f1-6e5a-4029-af9f-f6ffbd3161c2<%|%>
516a1ed2-5451-4bba-bfe1-83aa22e2ee86<%|%>07b445f1-6e5a-4029-af9f-f6ffbd3161c2<%|%>
448b743e-bead-49a4-afbc-d3d7b2eba716<%|%>07b445f1-6e5a-4029-af9f-f6ffbd3161c2<%|%>
ded03aaf-4e4d-4c20-a2c1-a94883489208<%|%>a1a19d1c-304a-4b25-b012-630f5320f71f<%|%>
2704ecf4-0784-4179-a8df-80b47c03d5f6<%|%>1ac7025b-d16f-4016-9826-7e357f9df4c4<%|%>
6d17e922-533e-4b7d-9109-cced53c7ab22<%|%>2fd75e9f-c05c-4291-a45c-37c5d8079c8b<%|%>
239b24da-aa72-4811-a911-2ca28c2c21a3<%|%>07b445f1-6e5a-4029-af9f-f6ffbd3161c2<%|%>
3632c20e-eb3f-4986-a6d0-cd69800c6dd1<%|%>82c82dee-6f37-4d0b-b8ac-cb727543e0d5<%|%>
b84e9665-90bd-488d-b4ed-9a6966cee6e4<%|%>ab5bf2bf-1fad-40f9-8894-44d43e864e3e<%|%>
6d39f8fb-406a-4c1e-91a7-2dda8c4efbff<%|%>07b445f1-6e5a-4029-af9f-f6ffbd3161c2<%|%>
e5ec7b79-33e1-48d7-bf0b-7b09f41c63f9<%|%>07b445f1-6e5a-4029-af9f-f6ffbd3161c2<%|%>
93cbd7c2-6970-4d46-82e9-de7cdf924649<%|%>07b445f1-6e5a-4029-af9f-f6ffbd3161c2<%|%>
3f8566c3-3199-488e-9111-002de33145f8<%|%>07b445f1-6e5a-4029-af9f-f6ffbd3161c2<%|%>
885765b1-6bad-4002-a44f-48068e2beadd<%|%>07b445f1-6e5a-4029-af9f-f6ffbd3161c2<%|%>
31e14860-6aee-444a-b07d-7e342ac8e785<%|%>07b445f1-6e5a-4029-af9f-f6ffbd3161c2<%|%>
a8a21c8d-78ad-4fec-9ffd-f8889dc291e9<%|%>07b445f1-6e5a-4029-af9f-f6ffbd3161c2<%|%>
3306ceed-2a41-4fa2-803d-8a86d3ea3ede<%|%>07b445f1-6e5a-4029-af9f-f6ffbd3161c2<%|%>
abd04d05-4c6e-4804-82c2-58ebe050a845<%|%>2fd75e9f-c05c-4291-a45c-37c5d8079c8b<%|%>
437621c7-0426-4d0c-bffe-b78e4c5af01e<%|%>bfaeb4c9-cfe3-46d9-b77f-7e47209cac1d<%|%>
8fc68968-2664-45ac-9209-83c1ab38c30f<%|%>fbc3caa0-cd78-47ea-8d44-1fb1089746eb<%|%>
ec7dd761-6751-454d-a5a2-e44d3cfae048<%|%>07b445f1-6e5a-4029-af9f-f6ffbd3161c2<%|%>
3034e991-aab6-4c82-a43e-aa15d0632b66<%|%>07b445f1-6e5a-4029-af9f-f6ffbd3161c2<%|%>
91582382-882b-4881-91ea-44217bcc4071<%|%>1ac7025b-d16f-4016-9826-7e357f9df4c4<%|%>
561cc22d-46a4-4808-bcab-829aba0e83d6<%|%>1ac7025b-d16f-4016-9826-7e357f9df4c4<%|%>
58946b76-59fe-4fab-9dca-ccc9a7c75efe<%|%>07b445f1-6e5a-4029-af9f-f6ffbd3161c2<%|%>
d512cbea-364a-4059-a30a-002694550435<%|%>07b445f1-6e5a-4029-af9f-f6ffbd3161c2<%|%>
aa96c3d7-faec-45d9-bb98-8ece963b3df5<%|%>ac3023f7-41ed-4166-a4c2-07b23e4d7c86<%|%>
fef7c5e4-74ec-4251-892f-8aa251370348<%|%>e77175ea-7dd3-47b9-964e-fcfaa0a0713e<%|%>
2c42867a-0a96-4387-9050-75cf1acb2de2<%|%>07b445f1-6e5a-4029-af9f-f6ffbd3161c2<%|%>
ec5a81a9-da83-4acb-97ab-e1377e4e5fe0<%|%>07b445f1-6e5a-4029-af9f-f6ffbd3161c2<%|%>
0a9ddea0-c008-4a14-a5af-e46603eb5440<%|%>1ac7025b-d16f-4016-9826-7e357f9df4c4<%|%>
6cab90c5-c70c-4965-9b62-b6d18a5cd415<%|%>1ac7025b-d16f-4016-9826-7e357f9df4c4<%|%>
8bd33dca-2277-4701-8ca9-5dca5f33c8d7<%|%>07b445f1-6e5a-4029-af9f-f6ffbd3161c2<%|%>
98312515-8383-4efa-a4dc-fcbb06c8a568<%|%>07b445f1-6e5a-4029-af9f-f6ffbd3161c2<%|%>
ac701897-6c80-44b6-b247-ea025382203d<%|%>6f398b56-b21f-4e8b-9637-ed85b609975e<%|%>
865e8db4-f048-483f-a2f8-6d4372c6152c<%|%>6f398b56-b21f-4e8b-9637-ed85b609975e<%|%>
3f3c0f0e-cda8-41c4-9b31-b86923080584<%|%>6f398b56-b21f-4e8b-9637-ed85b609975e<%|%>
93064dcb-2a84-4de7-87f7-e337ba79be23<%|%>ab5bf2bf-1fad-40f9-8894-44d43e864e3e<%|%>
468af352-d841-4470-b062-587303373457<%|%>07b445f1-6e5a-4029-af9f-f6ffbd3161c2<%|%>
b631e83f-21a8-4e75-90b7-6524e1687e66<%|%>07b445f1-6e5a-4029-af9f-f6ffbd3161c2<%|%>
0325be58-3951-4352-b240-7b6831ae53d8<%|%>07b445f1-6e5a-4029-af9f-f6ffbd3161c2<%|%>
faca5926-3a8e-44ab-b98c-80a52d69deac<%|%>a1a19d1c-304a-4b25-b012-630f5320f71f<%|%>
e3e570e3-fe92-4b8b-8705-0acec56a1086<%|%>ab5bf2bf-1fad-40f9-8894-44d43e864e3e<%|%>
54b85f8a-a82f-4a26-8540-f108ebd90a26<%|%>1ac7025b-d16f-4016-9826-7e357f9df4c4<%|%>
c0c7ebb0-d2d6-4305-bb66-b44bc7ab38f7<%|%>1ac7025b-d16f-4016-9826-7e357f9df4c4<%|%>
43656361-ea42-4025-8a96-00419a121a51<%|%>58bf9cae-8a0f-446d-afa8-9a565bc3e7c0<%|%>
5f89aaa6-2367-48aa-ac38-cb2882f30732<%|%>07b445f1-6e5a-4029-af9f-f6ffbd3161c2<%|%>
28fb1db3-bd83-4cf3-ae2f-03eeca5a026b<%|%>2fd75e9f-c05c-4291-a45c-37c5d8079c8b<%|%>
dd8e3b88-03e3-476b-95a1-620853456eec<%|%>2fd75e9f-c05c-4291-a45c-37c5d8079c8b<%|%>
96edca94-8793-4671-b90a-67bc633d5063<%|%>07b445f1-6e5a-4029-af9f-f6ffbd3161c2<%|%>
bd1796b3-c263-4add-88c1-2a2dc14cb159<%|%>b4fe3717-00af-4132-a965-c38b1d70fd6a<%|%>
af76f338-672a-4620-aab7-f1b46eafcbc1<%|%>e77175ea-7dd3-47b9-964e-fcfaa0a0713e<%|%>
8dd1214c-44c6-405b-8e21-6c8d5061a038<%|%>f05b5039-8368-4d06-836e-76451f84be6d<%|%>
4a623372-8003-4504-b6cc-59487fe0edb7<%|%>07b445f1-6e5a-4029-af9f-f6ffbd3161c2<%|%>
862a9d71-1555-4841-b5e6-89268c3d2091<%|%>07b445f1-6e5a-4029-af9f-f6ffbd3161c2<%|%>
ac3a7e88-222d-4db7-8a1a-de5c77da3761<%|%>07b445f1-6e5a-4029-af9f-f6ffbd3161c2<%|%>
b65edc71-7f1f-4a7f-8fa8-0adca97d8c6f<%|%>a1a19d1c-304a-4b25-b012-630f5320f71f<%|%>
a588cf0a-d89c-4503-afb6-5d06fbd2e95f<%|%>bfaeb4c9-cfe3-46d9-b77f-7e47209cac1d<%|%>
d27b93ed-09b4-4ab9-b9f9-fb810105b3d5<%|%>07b445f1-6e5a-4029-af9f-f6ffbd3161c2<%|%>
de7a7895-a7e3-4e7f-948d-b13f3814d4cf<%|%>07b445f1-6e5a-4029-af9f-f6ffbd3161c2<%|%>
5406c771-db4c-4e23-a3b1-32e44ad27f69<%|%>07b445f1-6e5a-4029-af9f-f6ffbd3161c2<%|%>
b09a9ec9-e2b2-491d-82b0-ce3971481200<%|%>6f398b56-b21f-4e8b-9637-ed85b609975e<%|%>
1e5a9f24-f7a6-4663-8fe4-502224343deb<%|%>6f398b56-b21f-4e8b-9637-ed85b609975e<%|%>
0bf00c8c-5ff3-48ee-9c9e-909e39ab77a4<%|%>6f398b56-b21f-4e8b-9637-ed85b609975e<%|%>
f4f70e3a-9c85-439a-95a1-e46895a7ee93<%|%>ab5bf2bf-1fad-40f9-8894-44d43e864e3e<%|%>
caaa6307-f4d5-49fe-9211-66a199f598f7<%|%>07b445f1-6e5a-4029-af9f-f6ffbd3161c2<%|%>
820cb384-f5b8-405c-bc63-d04ffebb3c7a<%|%>7887d249-5dbf-4adb-bf09-fd0dc089ba41<%|%>
56c72951-3a83-4385-8ff1-0f7d2d71e13d<%|%>07b445f1-6e5a-4029-af9f-f6ffbd3161c2<%|%>
01f22f40-92de-4933-a78f-f82a866265b0<%|%>2e9e28d7-3c98-4823-91b4-fa0cf15baf23<%|%>
1238cfc3-d1ff-415e-bd9a-4fc8e6c8763e<%|%>6f398b56-b21f-4e8b-9637-ed85b609975e<%|%>
0e134673-e896-4080-9b06-def0b0c1ad62<%|%>72321e26-2a8a-475d-bf4d-bf11f37cafe5<%|%>
19fce78b-3136-4da3-86d3-53f12f69b62e<%|%>58bf9cae-8a0f-446d-afa8-9a565bc3e7c0<%|%>
3f1508f0-5a75-49d6-bb16-44305080f2c5<%|%>1ac7025b-d16f-4016-9826-7e357f9df4c4<%|%>
72e9fd35-8de3-4cd1-b880-62ed1a058b4b<%|%>a7bc64bb-e93b-4dc2-ae7d-cbc8e6992302<%|%>
1b9cadb0-6fa5-429e-b846-df2b5a16d976<%|%>07b445f1-6e5a-4029-af9f-f6ffbd3161c2<%|%>
a64159bd-e5bf-4397-91fa-6595ef9aaaf0<%|%>a1a19d1c-304a-4b25-b012-630f5320f71f<%|%>
ba317997-1ddf-4602-ba9f-236a5317649e<%|%>2fd75e9f-c05c-4291-a45c-37c5d8079c8b<%|%>
dc1ea677-e5e9-4117-910d-de9fb3a66727<%|%>58bf9cae-8a0f-446d-afa8-9a565bc3e7c0<%|%>
dab9274d-48f1-4367-a993-9564457351cd<%|%>c5f1a22b-713c-478e-bd97-b7a5cbebd251<%|%>
e05daa72-0ea5-4000-b1c1-727dd0844095<%|%>07b445f1-6e5a-4029-af9f-f6ffbd3161c2<%|%>
f41bfdcb-e7e0-44fa-9295-f5b5999bdc1b<%|%>07b445f1-6e5a-4029-af9f-f6ffbd3161c2<%|%>
d26860b9-dcd4-4a79-833e-32444e5d27d8<%|%>07b445f1-6e5a-4029-af9f-f6ffbd3161c2<%|%>
daa812ec-e856-484d-95bd-1eb7c990a315<%|%>82ec3033-7c2a-4f2a-a033-82b85857617c<%|%>
ab11a194-0740-45a9-b8d3-34b8d571a0a8<%|%>82ec3033-7c2a-4f2a-a033-82b85857617c<%|%>
7a241164-924f-4dca-820c-c5c5e23e5567<%|%>ab5bf2bf-1fad-40f9-8894-44d43e864e3e<%|%>
0614a19d-1ff7-4aa1-a22a-7e67a50c7757<%|%>07b445f1-6e5a-4029-af9f-f6ffbd3161c2<%|%>
43d44a29-dd61-4722-9dfc-760df1139e13<%|%>58bf9cae-8a0f-446d-afa8-9a565bc3e7c0<%|%>
1e409d3c-cd1f-4c8c-a086-a8cf9273d0fc<%|%>bfaeb4c9-cfe3-46d9-b77f-7e47209cac1d<%|%>
f80dc64b-e810-4342-8d08-5d531ec183c9<%|%>ab5bf2bf-1fad-40f9-8894-44d43e864e3e<%|%>
170ebfb2-613e-4f9e-9392-aabac3d17aa5<%|%>07b445f1-6e5a-4029-af9f-f6ffbd3161c2<%|%>
a17dd17a-93a3-484b-9ccc-6bedcf143331<%|%>07b445f1-6e5a-4029-af9f-f6ffbd3161c2<%|%>
a57168d8-b4c0-42ad-8cb7-b9a41786391d<%|%>6f398b56-b21f-4e8b-9637-ed85b609975e<%|%>
41db1a43-d8a9-483e-8313-edd06f8be2e7<%|%>07b445f1-6e5a-4029-af9f-f6ffbd3161c2<%|%>
991b2803-0e98-422d-ae67-e6957788d929<%|%>07b445f1-6e5a-4029-af9f-f6ffbd3161c2<%|%>
f97919c7-aa69-42c2-9716-d856d6cefcbf<%|%>07b445f1-6e5a-4029-af9f-f6ffbd3161c2<%|%>
056242db-3cdc-40ce-8432-3459085b9a53<%|%>6f398b56-b21f-4e8b-9637-ed85b609975e<%|%>
f40cdad3-d0b6-43b7-aa4d-282f8c6c29fb<%|%>6f398b56-b21f-4e8b-9637-ed85b609975e<%|%>
3d09c700-023c-41cb-8bb4-8be8ea2634a0<%|%>6f398b56-b21f-4e8b-9637-ed85b609975e<%|%>
72d7fa74-15d3-4467-8039-c857283ec54e<%|%>a1a19d1c-304a-4b25-b012-630f5320f71f<%|%>
40ee3dcf-22bc-4685-828d-647c896dc0ee<%|%>ab5bf2bf-1fad-40f9-8894-44d43e864e3e<%|%>
01d4f7dc-561b-453b-8c87-9f220dc6cb67<%|%>1ac7025b-d16f-4016-9826-7e357f9df4c4<%|%>
cc48a50a-be1b-4208-b8b3-fa758698b703<%|%>1ac7025b-d16f-4016-9826-7e357f9df4c4<%|%>
262f2626-be73-4aaf-85a5-bbe427a34fa4<%|%>07b445f1-6e5a-4029-af9f-f6ffbd3161c2<%|%>
fbd8fe3f-5c3c-4231-91f7-415109619ef6<%|%>82ec3033-7c2a-4f2a-a033-82b85857617c<%|%>
72085f5c-067a-4bb9-b125-93e5e672a6ab<%|%>07b445f1-6e5a-4029-af9f-f6ffbd3161c2<%|%>
e68a537d-3e36-43d7-ab41-207068a89125<%|%>a1a19d1c-304a-4b25-b012-630f5320f71f<%|%>
d745d918-fcca-4b07-ab69-d1c77446e0f5<%|%>a7bc64bb-e93b-4dc2-ae7d-cbc8e6992302<%|%>
b9b0779d-2e68-4d38-abd0-55a4b0bd7e96<%|%>31082408-5390-4caa-adc6-e219a6ebef88<%|%>
33c294e3-cf9f-4092-8aaa-0b7ba5031e5b<%|%>31082408-5390-4caa-adc6-e219a6ebef88<%|%>
4c033b7b-e4a0-4465-90b2-d8e22b449844<%|%>fbc3caa0-cd78-47ea-8d44-1fb1089746eb<%|%>
3909776b-520f-4262-b0e1-fbce97be3b46<%|%>07b445f1-6e5a-4029-af9f-f6ffbd3161c2<%|%>
cc49f981-184c-44ff-827b-c9afa2f880cc<%|%>07b445f1-6e5a-4029-af9f-f6ffbd3161c2<%|%>
0af08535-33fc-4d7f-a26f-60f3f0cc9305<%|%>07b445f1-6e5a-4029-af9f-f6ffbd3161c2<%|%>
979b614a-3301-4cd7-834b-eda462db424d<%|%>a1a19d1c-304a-4b25-b012-630f5320f71f<%|%>
921402e1-a7f8-425f-abc9-eba6c971b525<%|%>a1a19d1c-304a-4b25-b012-630f5320f71f<%|%>
c4ca8884-c387-4b3a-8e26-b563572e802a<%|%>1ac7025b-d16f-4016-9826-7e357f9df4c4<%|%>
0bfc9496-c966-4ab2-88bb-8f92ff3c5f65<%|%>ab5bf2bf-1fad-40f9-8894-44d43e864e3e<%|%>
52a78168-6462-40af-9ac2-9f89530df9ed<%|%>ab5bf2bf-1fad-40f9-8894-44d43e864e3e<%|%>
9f46cc05-8c67-48fb-9b77-9ed2d71ac55f<%|%>2fd75e9f-c05c-4291-a45c-37c5d8079c8b<%|%>
7fb3b9f4-e384-41ea-aa0f-66402a7c36eb<%|%>2fd75e9f-c05c-4291-a45c-37c5d8079c8b<%|%>
a33c331e-d4c6-4fc1-8f13-5d0555c6cf90<%|%>2e9e28d7-3c98-4823-91b4-fa0cf15baf23<%|%>
9a47da3d-27fd-4a78-b96d-aaf446b700de<%|%>07b445f1-6e5a-4029-af9f-f6ffbd3161c2<%|%>
db2f1e0b-23b3-42b5-9924-263b2cc8612f<%|%>07b445f1-6e5a-4029-af9f-f6ffbd3161c2<%|%>
595502d1-81fc-4018-82e7-2e2c2a32ecf6<%|%>07b445f1-6e5a-4029-af9f-f6ffbd3161c2<%|%>
856b4af7-f354-410c-b1ab-95ffe8942436<%|%>07b445f1-6e5a-4029-af9f-f6ffbd3161c2<%|%>
abc61a21-9548-45fa-8965-764ee2106a81<%|%>07b445f1-6e5a-4029-af9f-f6ffbd3161c2<%|%>
244ac70b-0149-47c5-9e5f-3d3184fac931<%|%>07b445f1-6e5a-4029-af9f-f6ffbd3161c2<%|%>
f63ade83-28ec-4c7e-9ae7-b95a72ccb3bf<%|%>07b445f1-6e5a-4029-af9f-f6ffbd3161c2<%|%>
40bc0146-55b0-4b45-a66f-e83594ba0172<%|%>07b445f1-6e5a-4029-af9f-f6ffbd3161c2<%|%>
eb288f46-9ea5-4173-8736-eb3e659a85d4<%|%>07b445f1-6e5a-4029-af9f-f6ffbd3161c2<%|%>
93b46f9a-7ff8-4f65-a66e-1085f41b6e48<%|%>07b445f1-6e5a-4029-af9f-f6ffbd3161c2<%|%>
e067f672-900a-4a2b-bb1b-56e3213df3fc<%|%>07b445f1-6e5a-4029-af9f-f6ffbd3161c2<%|%>
d71f5079-585a-490e-a9de-84446ae7503b<%|%>07b445f1-6e5a-4029-af9f-f6ffbd3161c2<%|%>
cc141483-8bc0-42df-ad6a-0d368572cc96<%|%>07b445f1-6e5a-4029-af9f-f6ffbd3161c2<%|%>
a0fcf4a9-1051-4679-aaf1-e7164e9c3592<%|%>07b445f1-6e5a-4029-af9f-f6ffbd3161c2<%|%>
3f7ffc0e-21b8-4957-8a5b-85d112b80893<%|%>07b445f1-6e5a-4029-af9f-f6ffbd3161c2<%|%>
0ed37840-4db9-41a7-ba55-38c8508421ec<%|%>07b445f1-6e5a-4029-af9f-f6ffbd3161c2<%|%>
f3f371c2-91e9-4f45-ad31-47f02efb7801<%|%>07b445f1-6e5a-4029-af9f-f6ffbd3161c2<%|%>
d7364b37-7bea-440a-9d71-575a7289be6b<%|%>07b445f1-6e5a-4029-af9f-f6ffbd3161c2<%|%>
e7cc3006-305b-4c0c-9e58-2033fa07c043<%|%>07b445f1-6e5a-4029-af9f-f6ffbd3161c2<%|%>
a626adf0-a47d-46d5-989c-ab695bc0f6a6<%|%>07b445f1-6e5a-4029-af9f-f6ffbd3161c2<%|%>
8cb1c338-af81-4d46-bbe9-84d3c7e2c1de<%|%>07b445f1-6e5a-4029-af9f-f6ffbd3161c2<%|%>
795c256f-a60e-4092-b4fe-6d4e0aba4a79<%|%>07b445f1-6e5a-4029-af9f-f6ffbd3161c2<%|%>
a425bb32-e7b4-467e-9701-eb34758a9321<%|%>07b445f1-6e5a-4029-af9f-f6ffbd3161c2<%|%>
aa8ba670-d935-46cc-80f6-96517eecbb95<%|%>07b445f1-6e5a-4029-af9f-f6ffbd3161c2<%|%>
2de112bd-515e-4b1e-83b8-d59e0ad97b44<%|%>07b445f1-6e5a-4029-af9f-f6ffbd3161c2<%|%>
b0f95c6c-b3e2-4774-b50d-b56eb0f5fa4e<%|%>07b445f1-6e5a-4029-af9f-f6ffbd3161c2<%|%>
b0646511-571c-4567-87dc-e54625326c8a<%|%>07b445f1-6e5a-4029-af9f-f6ffbd3161c2<%|%>
34df27f9-fabd-4241-a2e6-c4ed49fe281c<%|%>07b445f1-6e5a-4029-af9f-f6ffbd3161c2<%|%>
03943e0b-d683-4d56-aa2e-4b207feceb5e<%|%>07b445f1-6e5a-4029-af9f-f6ffbd3161c2<%|%>
602fbc01-5d77-4999-9808-6ee221740185<%|%>07b445f1-6e5a-4029-af9f-f6ffbd3161c2<%|%>
3fe10b98-d3bb-4e20-ab19-0d4ff5c70b1d<%|%>07b445f1-6e5a-4029-af9f-f6ffbd3161c2<%|%>
641e61ff-87fa-4815-8f7c-2d360ef37e10<%|%>07b445f1-6e5a-4029-af9f-f6ffbd3161c2<%|%>
1fde9b4c-2754-4254-97e1-75b3100e54c9<%|%>07b445f1-6e5a-4029-af9f-f6ffbd3161c2<%|%>
86ef9327-9e3f-4d0b-bbe9-151de26dcda1<%|%>07b445f1-6e5a-4029-af9f-f6ffbd3161c2<%|%>
a5b30fb3-0f02-4ba8-ac4a-65dd4a4e8066<%|%>07b445f1-6e5a-4029-af9f-f6ffbd3161c2<%|%>
d9db6cfc-accd-403b-a26a-979d1d98982c<%|%>07b445f1-6e5a-4029-af9f-f6ffbd3161c2<%|%>
4d98eafb-a700-418b-8a58-e711ec648d5e<%|%>07b445f1-6e5a-4029-af9f-f6ffbd3161c2<%|%>
71caacce-2db3-4a3d-a23b-b1acbb589f01<%|%>07b445f1-6e5a-4029-af9f-f6ffbd3161c2<%|%>
d5183eac-fd1e-427d-aa61-d9ea6b4a27d1<%|%>07b445f1-6e5a-4029-af9f-f6ffbd3161c2<%|%>
ac1535df-9de8-468c-9056-b273c92f07ff<%|%>07b445f1-6e5a-4029-af9f-f6ffbd3161c2<%|%>
465808e3-9c35-4c59-9836-a1566ba38f9d<%|%>07b445f1-6e5a-4029-af9f-f6ffbd3161c2<%|%>
ce1698db-761a-4224-9117-17f9e7006b58<%|%>07b445f1-6e5a-4029-af9f-f6ffbd3161c2<%|%>
f580a689-5321-4269-812d-cb121c0eb696<%|%>07b445f1-6e5a-4029-af9f-f6ffbd3161c2<%|%>
75dc2110-4be4-40de-b18b-d91e34751cf6<%|%>07b445f1-6e5a-4029-af9f-f6ffbd3161c2<%|%>
066a14aa-b4af-4649-b8b1-7b1d2b871fa0<%|%>07b445f1-6e5a-4029-af9f-f6ffbd3161c2<%|%>
82158730-5b86-403f-9212-f9e6913a072e<%|%>07b445f1-6e5a-4029-af9f-f6ffbd3161c2<%|%>
ddc84724-b4d1-42ab-a61b-0a9be28bd785<%|%>07b445f1-6e5a-4029-af9f-f6ffbd3161c2<%|%>
dc83eb7b-5bc7-4984-962c-a969ab777508<%|%>07b445f1-6e5a-4029-af9f-f6ffbd3161c2<%|%>
e9370047-d1b2-4f0a-afd2-5907a0ace8bb<%|%>07b445f1-6e5a-4029-af9f-f6ffbd3161c2<%|%>
b8f89692-3a65-43e8-b4da-468cffe08d49<%|%>07b445f1-6e5a-4029-af9f-f6ffbd3161c2<%|%>
7b192fde-1e15-46e1-b1e0-4aedace42cdd<%|%>07b445f1-6e5a-4029-af9f-f6ffbd3161c2<%|%>
c144904e-984a-4401-aaf7-1ed8a78a213e<%|%>07b445f1-6e5a-4029-af9f-f6ffbd3161c2<%|%>
cae8de6d-7ae5-45f4-b9f6-d42068271408<%|%>07b445f1-6e5a-4029-af9f-f6ffbd3161c2<%|%>
c0c8321e-7506-4f39-a38e-61f14d6e5eaf<%|%>07b445f1-6e5a-4029-af9f-f6ffbd3161c2<%|%>
2c2a7bfb-da93-4041-a2bc-3dea5fb87bc2<%|%>07b445f1-6e5a-4029-af9f-f6ffbd3161c2<%|%>
4fc5c959-71e7-425a-95fe-3dea44170cd4<%|%>07b445f1-6e5a-4029-af9f-f6ffbd3161c2<%|%>
e293c4a9-efab-47c0-aad7-9d8c3aad415f<%|%>07b445f1-6e5a-4029-af9f-f6ffbd3161c2<%|%>
c2d61220-7851-47d6-9517-469f19a55fd7<%|%>abec5d73-7a32-4a17-a16c-e7e930eba7db<%|%>
dbcc0d7b-8feb-4963-bdf4-80f973eea038<%|%>f05b5039-8368-4d06-836e-76451f84be6d<%|%>
d0411045-b67f-4d5b-8a9c-6c11e3cd30c9<%|%>f05b5039-8368-4d06-836e-76451f84be6d<%|%>
ecddab85-11b3-4472-be22-077715f98c92<%|%>1ac7025b-d16f-4016-9826-7e357f9df4c4<%|%>
b9fd071b-9f95-4143-a0c1-d73643d3f0a7<%|%>1ac7025b-d16f-4016-9826-7e357f9df4c4<%|%>
359b70ff-9fcd-4674-9c19-e0ab61ed9886<%|%>1ac7025b-d16f-4016-9826-7e357f9df4c4<%|%>
b8d9dc93-09c9-4a68-a5ab-35f1fab4acd6<%|%>1ac7025b-d16f-4016-9826-7e357f9df4c4<%|%>
0657acb7-c670-4409-a31b-78c65303457d<%|%>1ac7025b-d16f-4016-9826-7e357f9df4c4<%|%>
471b50c8-488f-4924-a2a2-7ee7c15c90ee<%|%>1ac7025b-d16f-4016-9826-7e357f9df4c4<%|%>
bb34573f-02ad-4eb7-9ceb-217e76cdcfee<%|%>f05b5039-8368-4d06-836e-76451f84be6d<%|%>
442c8955-5543-4799-95be-6d05832a91d2<%|%>a1a19d1c-304a-4b25-b012-630f5320f71f<%|%>
b476af40-83bd-4824-9f34-04b875f5ca03<%|%>a1a19d1c-304a-4b25-b012-630f5320f71f<%|%>
24d4dd46-dc93-4447-b962-acaf67bd5c95<%|%>a1a19d1c-304a-4b25-b012-630f5320f71f<%|%>
3db82491-93bf-4b67-8e92-3d2691be7630<%|%>1ac7025b-d16f-4016-9826-7e357f9df4c4<%|%>
fde3b6d2-254e-4075-8a38-6ea487398291<%|%>1ac7025b-d16f-4016-9826-7e357f9df4c4<%|%>
f98cdd36-d7f1-491f-a85f-8e6520ff412b<%|%>1ac7025b-d16f-4016-9826-7e357f9df4c4<%|%>
b638f81e-dafc-44ba-8b56-6bc47c7a35a9<%|%>07b445f1-6e5a-4029-af9f-f6ffbd3161c2<%|%>
c556403b-de32-4dfd-8c33-3b4e92b114db<%|%>a72a3567-3986-40cf-aa8c-ba7d58f492d8<%|%>
1c3069f0-0bc2-4f1b-8d65-0a51aa2e38b3<%|%>f05b5039-8368-4d06-836e-76451f84be6d<%|%>
b8aaa57b-dd9f-407b-b998-0eb3f8ed0b16<%|%>f05b5039-8368-4d06-836e-76451f84be6d<%|%>
a5dde5d0-ff9a-44e9-b3b3-c7930b0d8d3f<%|%>f05b5039-8368-4d06-836e-76451f84be6d<%|%>
4557444c-f2c4-413c-9f93-c1a5d43b4a8e<%|%>f05b5039-8368-4d06-836e-76451f84be6d<%|%>
0de8796c-8030-4830-b96d-952f1ac9471b<%|%>f05b5039-8368-4d06-836e-76451f84be6d<%|%>
dddd034c-36ed-4606-bc13-3fbbdd25f38b<%|%>f05b5039-8368-4d06-836e-76451f84be6d<%|%>
fa87da74-92d7-4150-88ea-7d2f6423988a<%|%>a72a3567-3986-40cf-aa8c-ba7d58f492d8<%|%>
a974346f-5d9c-40df-bf33-9e3b9a7b9d31<%|%>a72a3567-3986-40cf-aa8c-ba7d58f492d8<%|%>
ac97b1e5-d30d-4315-ad60-f91a7ef30a9d<%|%>07b445f1-6e5a-4029-af9f-f6ffbd3161c2<%|%>
de704835-b4f2-4069-afaf-8ff3276511fb<%|%>a1a19d1c-304a-4b25-b012-630f5320f71f<%|%>
c3a1889b-c006-49ec-b187-473ff72c72d6<%|%>a1a19d1c-304a-4b25-b012-630f5320f71f<%|%>
b32b245e-7012-4e83-8dcb-67d7cadb57b3<%|%>a1a19d1c-304a-4b25-b012-630f5320f71f<%|%>
532fba9c-4dd2-49f4-8ba1-59533e54b524<%|%>ab5bf2bf-1fad-40f9-8894-44d43e864e3e<%|%>
b9261faa-2c05-4382-af0b-e2d13b49b1d4<%|%>ab5bf2bf-1fad-40f9-8894-44d43e864e3e<%|%>
1ad57205-4d3e-4297-904d-ae2c1f4b815b<%|%>f2830962-b9f9-4c65-b08f-52112b75fd71<%|%>
39124750-af01-46ae-9998-d6d671d5f0bb<%|%>f2830962-b9f9-4c65-b08f-52112b75fd71<%|%>
7a8cbea9-bc2a-49cf-8058-c4b8aa45b392<%|%>f2830962-b9f9-4c65-b08f-52112b75fd71<%|%>
20d50090-9257-49a3-a1e2-8365465f4edd<%|%>f2830962-b9f9-4c65-b08f-52112b75fd71<%|%>
bc9bac11-5023-4ba7-b40d-09f39f7b7464<%|%>f2830962-b9f9-4c65-b08f-52112b75fd71<%|%>
3926e67e-ecaa-46e3-823f-49fe8567c14f<%|%>6f398b56-b21f-4e8b-9637-ed85b609975e<%|%>
c9fbde9e-98f9-405a-acc9-1bfdd66a96bd<%|%>6f398b56-b21f-4e8b-9637-ed85b609975e<%|%>
18de282e-3f36-4079-962c-ab5217368c2b<%|%>bfaeb4c9-cfe3-46d9-b77f-7e47209cac1d<%|%>
5a31aa1e-dc96-43be-877c-0fe99c500eb3<%|%>bfaeb4c9-cfe3-46d9-b77f-7e47209cac1d<%|%>
c1f4bf4d-1c53-43f3-9e58-97e76fbc2b75<%|%>07b445f1-6e5a-4029-af9f-f6ffbd3161c2<%|%>
73e2aa5e-a000-4e66-a485-e7255681b6de<%|%>07b445f1-6e5a-4029-af9f-f6ffbd3161c2<%|%>
e15c74f9-f9b5-4948-acb7-c40f41cd1cf2<%|%>58bf9cae-8a0f-446d-afa8-9a565bc3e7c0<%|%>
7e7f9858-fb2e-4851-8c58-d57d3b1b751a<%|%>a72a3567-3986-40cf-aa8c-ba7d58f492d8<%|%>
0e916129-323f-46f8-bfb7-116478862d26<%|%>a72a3567-3986-40cf-aa8c-ba7d58f492d8<%|%>
dd10d1da-d778-4e64-bf4b-dcd78169075e<%|%>bfaeb4c9-cfe3-46d9-b77f-7e47209cac1d<%|%>
fbb58035-ca75-438d-b4e1-e92fb8f7578f<%|%>bfaeb4c9-cfe3-46d9-b77f-7e47209cac1d<%|%>
16035fd7-1369-4d8f-b87f-55d4c4a70b15<%|%>bfaeb4c9-cfe3-46d9-b77f-7e47209cac1d<%|%>
882f8cb4-541c-45e0-a54c-ac076c1c5e85<%|%>bfaeb4c9-cfe3-46d9-b77f-7e47209cac1d<%|%>
2fd7e783-613a-4d0f-a3ba-20534e83a899<%|%>bfaeb4c9-cfe3-46d9-b77f-7e47209cac1d<%|%>
4e7a08db-bead-4c30-a0de-eef0eff4eeb4<%|%>bfaeb4c9-cfe3-46d9-b77f-7e47209cac1d<%|%>
b2a979f8-0226-45fe-9c14-faabad609e73<%|%>bfaeb4c9-cfe3-46d9-b77f-7e47209cac1d<%|%>
e1b4fa86-d4ce-4204-a1dd-0f33d58b873d<%|%>a1213f12-9062-412e-a229-04a767801509<%|%>
b818e92b-86ea-4a38-a461-17bfdeeda626<%|%>a1213f12-9062-412e-a229-04a767801509<%|%>
ef7cb874-17f5-4a6f-891b-307f2437fbb6<%|%>a1213f12-9062-412e-a229-04a767801509<%|%>
bd1305bb-1003-4cb8-a27d-7637f1a116d7<%|%>a1213f12-9062-412e-a229-04a767801509<%|%>
c1f665f0-04b2-438e-b81e-1b15362e3a5b<%|%>a1213f12-9062-412e-a229-04a767801509<%|%>
f08bb101-4692-44ed-a3c5-1e3a13fa8412<%|%>a1213f12-9062-412e-a229-04a767801509<%|%>
0a9be2b0-8c12-4b10-bbfc-15d0e5c2e452<%|%>a1213f12-9062-412e-a229-04a767801509<%|%>
4fdb3251-5de6-456f-abfb-e06a271f2b21<%|%>a1213f12-9062-412e-a229-04a767801509<%|%>
c296e656-e068-471f-a847-7d69cfb12d5a<%|%>a1213f12-9062-412e-a229-04a767801509<%|%>
f08ea072-9332-40a4-8f41-3da2deb77bc5<%|%>a1213f12-9062-412e-a229-04a767801509<%|%>
267480c6-f99e-44db-b6f5-edf6e96e74be<%|%>a1213f12-9062-412e-a229-04a767801509<%|%>
8be23192-8c0c-496a-a9fa-31d8c355202c<%|%>a1213f12-9062-412e-a229-04a767801509<%|%>
adbefb83-ffbe-43ff-8e58-05aabd772a12<%|%>a1a19d1c-304a-4b25-b012-630f5320f71f<%|%>
18fe6735-fbb8-4f50-bb1b-babcfd280e54<%|%>07b445f1-6e5a-4029-af9f-f6ffbd3161c2<%|%>
df9e5aad-d7f9-4c67-b572-c696a8954f53<%|%>07b445f1-6e5a-4029-af9f-f6ffbd3161c2<%|%>
180a1384-07ad-4871-935e-50854cd8e9f5<%|%>bb22f964-32aa-4871-affa-fa4e334b00d7<%|%>
f102a13d-7a4a-4044-8e63-fd988d8f4679<%|%>bb22f964-32aa-4871-affa-fa4e334b00d7<%|%>
6b0cf39f-5add-4aa0-883c-ff892fad834d<%|%>07b445f1-6e5a-4029-af9f-f6ffbd3161c2<%|%>
69c39340-3099-4de0-ac61-aa231438715f<%|%>bb22f964-32aa-4871-affa-fa4e334b00d7<%|%>
59527245-2b91-4634-a907-a04e4d6888c3<%|%>bb22f964-32aa-4871-affa-fa4e334b00d7<%|%>
e8dbd6e0-f995-4792-8394-e13954b1d217<%|%>bb22f964-32aa-4871-affa-fa4e334b00d7<%|%>
66ad94c3-15d4-44e1-8778-5789e95e09f8<%|%>bb22f964-32aa-4871-affa-fa4e334b00d7<%|%>
9958bc3d-25d0-48ad-ad87-eb6f5dcabd4a<%|%>07b445f1-6e5a-4029-af9f-f6ffbd3161c2<%|%>
909cdb55-8a87-4ec0-a0da-f9c1dfffd337<%|%>07b445f1-6e5a-4029-af9f-f6ffbd3161c2<%|%>
e629e7bf-7fb5-4eba-a7aa-d2a4daa44a4b<%|%>07b445f1-6e5a-4029-af9f-f6ffbd3161c2<%|%>
d4ac5a86-6201-4acc-9eab-a619de426ce2<%|%>07b445f1-6e5a-4029-af9f-f6ffbd3161c2<%|%>
94b5bc73-a2fd-43fd-bb4d-a8fa4fa956a2<%|%>07b445f1-6e5a-4029-af9f-f6ffbd3161c2<%|%>
16e7afc7-e265-4df1-bb91-aa8eb9351125<%|%>35ec72af-fd85-495e-9209-5ba6cd04bb67<%|%>
b724abac-f136-40af-bc06-b203cefe6c40<%|%>35ec72af-fd85-495e-9209-5ba6cd04bb67<%|%>
4021a74a-3f96-4421-83d3-0a25b6a0f09e<%|%>35ec72af-fd85-495e-9209-5ba6cd04bb67<%|%>
fabd6f6c-0523-44c9-ab9e-8f68a509ea82<%|%>35ec72af-fd85-495e-9209-5ba6cd04bb67<%|%>
24a4bc6f-1f2c-43d2-9701-82815ae8b729<%|%>35ec72af-fd85-495e-9209-5ba6cd04bb67<%|%>
864f1190-e8f8-42cf-9157-3e2668cdffc3<%|%>35ec72af-fd85-495e-9209-5ba6cd04bb67<%|%>
dfb9d7c3-e184-49a3-a5d8-f3f24457de54<%|%>35ec72af-fd85-495e-9209-5ba6cd04bb67<%|%>
e7a195d4-2358-4efc-9252-e82658446bf4<%|%>e77175ea-7dd3-47b9-964e-fcfaa0a0713e<%|%>
2d56566b-a4c9-4cfb-9306-d7a234d12667<%|%>58bf9cae-8a0f-446d-afa8-9a565bc3e7c0<%|%>
96188042-a293-4eb4-b66c-daafae091937<%|%>58bf9cae-8a0f-446d-afa8-9a565bc3e7c0<%|%>
afa05f3e-d938-46be-9440-d393fa4389a5<%|%>58bf9cae-8a0f-446d-afa8-9a565bc3e7c0<%|%>
3053ca79-d9a8-4f74-bf58-cfbca9b30174<%|%>58bf9cae-8a0f-446d-afa8-9a565bc3e7c0<%|%>
3e152503-e1c3-49c2-a2d7-6de0bb661afa<%|%>07b445f1-6e5a-4029-af9f-f6ffbd3161c2<%|%>
c2857896-5ed7-43d3-9e4e-4bf0923e04bb<%|%>b78fb8d2-2d61-419f-aac0-af3f595e347b<%|%>
38c60dba-a1bb-4ca4-a657-eae6e90ea972<%|%>07b445f1-6e5a-4029-af9f-f6ffbd3161c2<%|%>
6bba1f13-25f3-4718-9373-f7aebb3167d2<%|%>5b46a29d-0405-4a5d-83f7-9b6c0954b3f2<%|%>
5ef793b6-0287-4220-8d0f-c1d6ee67dc09<%|%>a1213f12-9062-412e-a229-04a767801509<%|%>
a1c9c90d-ffba-41b0-a4a4-33874c82229d<%|%>a1213f12-9062-412e-a229-04a767801509<%|%>
a6ef02f4-f7e8-47d3-811c-1e6dc47eb8f3<%|%>88f56d2d-8070-4eea-b2a7-5ce4124bc6f5<%|%>
77d83c0c-fda0-4f7a-ad4d-8016bbfa00b3<%|%>e83f286d-71b7-4108-a509-f91ad9b24e7d<%|%>
bbd4bcbc-9ebc-45fd-aa37-f12c7c9060fb<%|%>a1a19d1c-304a-4b25-b012-630f5320f71f<%|%>
f4a21cf8-305d-4715-be12-8410609b4f10<%|%>a1a19d1c-304a-4b25-b012-630f5320f71f<%|%>
65e90081-688e-4206-92e0-027fe89f3fb2<%|%>07b445f1-6e5a-4029-af9f-f6ffbd3161c2<%|%>
2f87a143-c89d-4b31-a00b-4b395da40369<%|%>abf3728c-ed52-49b6-a4f2-c854cae46679<%|%>
d9d7a9b9-2c70-491e-9f9d-e5dcc366c1e4<%|%>07b445f1-6e5a-4029-af9f-f6ffbd3161c2<%|%>
c28282a6-4a78-4b87-a825-189baae2cf25<%|%>5b46a29d-0405-4a5d-83f7-9b6c0954b3f2<%|%>
45a9f3e8-a3fd-4474-b6ee-5ff030f79eb5<%|%>5b46a29d-0405-4a5d-83f7-9b6c0954b3f2<%|%>
b2f0db2e-dcb9-4d74-b9f7-31897d32354a<%|%>fbc3caa0-cd78-47ea-8d44-1fb1089746eb<%|%>
fc4bd8c4-6198-43f2-82cb-eb0c8f65548c<%|%>fbc3caa0-cd78-47ea-8d44-1fb1089746eb<%|%>
6676ae71-6fd2-4ff6-ba0a-4f4742ae12fa<%|%>fbc3caa0-cd78-47ea-8d44-1fb1089746eb<%|%>
c422ff09-0d08-45f5-929c-573206aa7be2<%|%>bf9722c8-90bb-4f98-bc1e-26043c171e8d<%|%>
7b3debd7-d8cc-4595-856e-564c08372ef4<%|%>bfaeb4c9-cfe3-46d9-b77f-7e47209cac1d<%|%>
cfa6287d-ebff-445f-b6b3-dfad3e356109<%|%>07b445f1-6e5a-4029-af9f-f6ffbd3161c2<%|%>
6af3c869-05e0-400b-aeb4-6d5f157d65a9<%|%>07b445f1-6e5a-4029-af9f-f6ffbd3161c2<%|%>
d0d35ea3-0835-46e8-b446-6865ca96428b<%|%>6f398b56-b21f-4e8b-9637-ed85b609975e<%|%>
44ac7357-63f5-4150-a259-dcf22ee1f3ee<%|%>07b445f1-6e5a-4029-af9f-f6ffbd3161c2<%|%>
89863655-6f43-4f72-88c5-6a32f3870958<%|%>6f398b56-b21f-4e8b-9637-ed85b609975e<%|%>
7fc84b91-1c44-4af4-9fd3-4c326631bfbe<%|%>07b445f1-6e5a-4029-af9f-f6ffbd3161c2<%|%>
833f492d-0866-46a7-b8ea-93d49d09727c<%|%>bfaeb4c9-cfe3-46d9-b77f-7e47209cac1d<%|%>
d8f8bd84-7ea9-45c5-9140-022d13253797<%|%>07b445f1-6e5a-4029-af9f-f6ffbd3161c2<%|%>
c37838bd-e284-45ed-91c6-14bf58da9a75<%|%>07b445f1-6e5a-4029-af9f-f6ffbd3161c2<%|%>
07b11d3c-fd87-41b3-83a7-4ed620244b08<%|%>07b445f1-6e5a-4029-af9f-f6ffbd3161c2<%|%>
1f15d41d-7a23-497f-b5a0-2c5559b575c7<%|%>bfaeb4c9-cfe3-46d9-b77f-7e47209cac1d<%|%>
b86e0128-8c9f-41ff-a762-e804e20787ee<%|%>bfaeb4c9-cfe3-46d9-b77f-7e47209cac1d<%|%>
53d06eec-9401-49eb-aa01-904f8bd44a88<%|%>bfaeb4c9-cfe3-46d9-b77f-7e47209cac1d<%|%>
0be2257a-262c-4272-b0a5-86e32d3034e5<%|%>bfaeb4c9-cfe3-46d9-b77f-7e47209cac1d<%|%>
ed3fdc0c-7c4b-41b8-a3e1-569370c8f083<%|%>bfaeb4c9-cfe3-46d9-b77f-7e47209cac1d<%|%>
b81392f0-7446-4c0d-9afb-5417214eb473<%|%>bfaeb4c9-cfe3-46d9-b77f-7e47209cac1d<%|%>
7dd125dd-14b1-45a1-8519-f8d1cd86f263<%|%>bfaeb4c9-cfe3-46d9-b77f-7e47209cac1d<%|%>
d50bf45a-2c95-4306-a55e-7f7b807f3095<%|%>bfaeb4c9-cfe3-46d9-b77f-7e47209cac1d<%|%>
42ed77c6-7024-472b-b00c-f372c19b8bcf<%|%>bfaeb4c9-cfe3-46d9-b77f-7e47209cac1d<%|%>
5fa9d491-5ecc-458f-b9c2-37f8432b19fa<%|%>bfaeb4c9-cfe3-46d9-b77f-7e47209cac1d<%|%>
18411847-b15e-4a50-a3f0-c367aee1ae45<%|%>6f398b56-b21f-4e8b-9637-ed85b609975e<%|%>
ef62d5f7-ed51-4af4-b02e-2eb678d00cbb<%|%>bb22f964-32aa-4871-affa-fa4e334b00d7<%|%>
c7dad9d2-5826-444b-952d-adef76fdd2e7<%|%>6f398b56-b21f-4e8b-9637-ed85b609975e<%|%>
067afc1d-681c-4c5e-84f1-606130651171<%|%>6f398b56-b21f-4e8b-9637-ed85b609975e<%|%>
942725f8-d84a-462a-8be5-200b160815c1<%|%>bfaeb4c9-cfe3-46d9-b77f-7e47209cac1d<%|%>
db57dbef-4319-4394-8d23-95b276847277<%|%>bb22f964-32aa-4871-affa-fa4e334b00d7<%|%>
56e97540-a0cb-459c-bd3c-cf92adc7faa1<%|%>07b445f1-6e5a-4029-af9f-f6ffbd3161c2<%|%>
3aed5ff7-1e30-447b-84d9-964e044cf193<%|%>07b445f1-6e5a-4029-af9f-f6ffbd3161c2<%|%>
721ef810-a5c8-4f63-bd2f-a416a3b522f3<%|%>07b445f1-6e5a-4029-af9f-f6ffbd3161c2<%|%>
ee58e941-6c3d-4f2f-857b-69554e80d944<%|%>07b445f1-6e5a-4029-af9f-f6ffbd3161c2<%|%>
6ead8fd7-376c-499d-b088-b9dbefd73521<%|%>07b445f1-6e5a-4029-af9f-f6ffbd3161c2<%|%>
b60c2e6f-ba37-4e05-a3c6-7d7ca1e55367<%|%>d590fece-761c-4fc1-bdba-e48e4b75072c<%|%>
c0ed36c0-0222-4f95-b678-c705d99baf78<%|%>07b445f1-6e5a-4029-af9f-f6ffbd3161c2<%|%>
6e4d87cd-ad63-4957-ba1e-7e4b96dfbec2<%|%>bfaeb4c9-cfe3-46d9-b77f-7e47209cac1d<%|%>
e58bb127-35d3-4c2e-ad89-4e245009933a<%|%>07b445f1-6e5a-4029-af9f-f6ffbd3161c2<%|%>
86c85e9b-2349-4092-bd7c-0b7653c12138<%|%>07b445f1-6e5a-4029-af9f-f6ffbd3161c2<%|%>
aeaf9304-aa5f-42b3-a315-1a1a44f3b82d<%|%>07b445f1-6e5a-4029-af9f-f6ffbd3161c2<%|%>
61cd7e39-d497-4524-8773-f88ec5d1b4c0<%|%>07b445f1-6e5a-4029-af9f-f6ffbd3161c2<%|%>
bc6e0a95-4900-4700-aa98-77cf9c91a528<%|%>6f398b56-b21f-4e8b-9637-ed85b609975e<%|%>
6f1c1303-817b-43d3-9a54-5d7a12797477<%|%>6f398b56-b21f-4e8b-9637-ed85b609975e<%|%>
ba41946d-4c45-4a8f-936f-43e8667766c3<%|%>6f398b56-b21f-4e8b-9637-ed85b609975e<%|%>
de46ec4c-8f2d-4fb5-8d7a-0321d7e47ac2<%|%>6f398b56-b21f-4e8b-9637-ed85b609975e<%|%>
527af124-803f-48cb-9395-1ca0b8258a9c<%|%>6f398b56-b21f-4e8b-9637-ed85b609975e<%|%>
7911e6db-81cd-4cf1-8e36-84b0f778f1cf<%|%>6f398b56-b21f-4e8b-9637-ed85b609975e<%|%>
3a93d3cd-5d07-4716-8ccd-21182edc57f1<%|%>07b445f1-6e5a-4029-af9f-f6ffbd3161c2<%|%>
f00fc133-a1fd-4169-99e9-bce0940f60b0<%|%>07b445f1-6e5a-4029-af9f-f6ffbd3161c2<%|%>
467d6510-aa91-4c70-b61c-dadea5717f97<%|%>07b445f1-6e5a-4029-af9f-f6ffbd3161c2<%|%>
95d8fadb-70c1-4030-af65-eacb16e6f2f6<%|%>07b445f1-6e5a-4029-af9f-f6ffbd3161c2<%|%>
efe3597c-886f-4aab-859d-2bf94945e872<%|%>07b445f1-6e5a-4029-af9f-f6ffbd3161c2<%|%>
9bda3b34-6dd8-4d7b-b4a3-a5f729ad43bd<%|%>07b445f1-6e5a-4029-af9f-f6ffbd3161c2<%|%>
8aed269c-2128-4b88-8856-2797d226ea9f<%|%>07b445f1-6e5a-4029-af9f-f6ffbd3161c2<%|%>
5716c76f-9306-4f7b-857a-0c827034d107<%|%>07b445f1-6e5a-4029-af9f-f6ffbd3161c2<%|%>
18d896ee-b0d3-46c5-8d9b-045f035d529b<%|%>07b445f1-6e5a-4029-af9f-f6ffbd3161c2<%|%>
0df2cd37-d59d-4ed0-b4c2-e7c176a61971<%|%>07b445f1-6e5a-4029-af9f-f6ffbd3161c2<%|%>
121edafc-0744-46ff-b4d2-0cf492cd8b83<%|%>07b445f1-6e5a-4029-af9f-f6ffbd3161c2<%|%>
a21b1e39-7149-414e-98e0-cbeb57275941<%|%>07b445f1-6e5a-4029-af9f-f6ffbd3161c2<%|%>
942cb71b-3c13-4305-9005-f89530f12a4c<%|%>07b445f1-6e5a-4029-af9f-f6ffbd3161c2<%|%>
64e0fce2-94da-42b7-be29-9e88a505b16e<%|%>07b445f1-6e5a-4029-af9f-f6ffbd3161c2<%|%>
d06d5db6-3810-4b42-9d19-c5b75e3b6015<%|%>07b445f1-6e5a-4029-af9f-f6ffbd3161c2<%|%>
f7559f8a-10b5-42e9-813f-a50fa03d73a7<%|%>07b445f1-6e5a-4029-af9f-f6ffbd3161c2<%|%>
08c5807a-93b6-43d1-aaf8-fa0fba642857<%|%>07b445f1-6e5a-4029-af9f-f6ffbd3161c2<%|%>
134a0b83-9e82-41f9-87c2-50e47ac86152<%|%>07b445f1-6e5a-4029-af9f-f6ffbd3161c2<%|%>
c3d8e61a-a6de-4803-b172-abc50a913a4a<%|%>07b445f1-6e5a-4029-af9f-f6ffbd3161c2<%|%>
e9b106c4-e6aa-4e6e-9da0-12d97e0b5706<%|%>07b445f1-6e5a-4029-af9f-f6ffbd3161c2<%|%>
5295d658-529c-40d4-89c1-301a60f500a3<%|%>07b445f1-6e5a-4029-af9f-f6ffbd3161c2<%|%>
07a402c0-c217-4b04-b709-ca2a896428ba<%|%>07b445f1-6e5a-4029-af9f-f6ffbd3161c2<%|%>
7c7eabe8-392a-4ae9-be5e-6f5c3bc8c486<%|%>07b445f1-6e5a-4029-af9f-f6ffbd3161c2<%|%>
5168ccfb-bb72-42bf-86a4-825df5f33588<%|%>07b445f1-6e5a-4029-af9f-f6ffbd3161c2<%|%>
c464cacb-68d5-4bb7-b1be-3d311c0f8f41<%|%>07b445f1-6e5a-4029-af9f-f6ffbd3161c2<%|%>
d1d3af46-4dbf-47f9-9d42-92e9869ed93d<%|%>07b445f1-6e5a-4029-af9f-f6ffbd3161c2<%|%>
6257e7b3-ea79-450a-b1fc-ccddb003f87a<%|%>07b445f1-6e5a-4029-af9f-f6ffbd3161c2<%|%>
4950dcdd-086d-4d72-8aa5-b4ade3a1a391<%|%>07b445f1-6e5a-4029-af9f-f6ffbd3161c2<%|%>
131191cb-2b5b-4419-8af1-cd1a674d8e8b<%|%>07b445f1-6e5a-4029-af9f-f6ffbd3161c2<%|%>
c563db60-a187-40a0-af6b-91b9e317174a<%|%>07b445f1-6e5a-4029-af9f-f6ffbd3161c2<%|%>
2bec68a9-ac96-4807-809d-f6d829b4b06b<%|%>07b445f1-6e5a-4029-af9f-f6ffbd3161c2<%|%>
6f4c02d0-8d5e-4964-9cc2-56521bb1343d<%|%>07b445f1-6e5a-4029-af9f-f6ffbd3161c2<%|%>
6f7c776f-86d9-4f63-a367-bc051a6417c7<%|%>07b445f1-6e5a-4029-af9f-f6ffbd3161c2<%|%>
8dc4e2e5-b07f-4214-9538-89f15ede1f6e<%|%>07b445f1-6e5a-4029-af9f-f6ffbd3161c2<%|%>
e364853b-af12-4c91-b04f-ed7f2a5657dc<%|%>07b445f1-6e5a-4029-af9f-f6ffbd3161c2<%|%>
a9b17ce9-b529-4302-a044-fe1ff447dbbc<%|%>07b445f1-6e5a-4029-af9f-f6ffbd3161c2<%|%>
e8abdf01-8b65-4c7a-beea-aa319d2c7e59<%|%>07b445f1-6e5a-4029-af9f-f6ffbd3161c2<%|%>
d724e71a-a7d3-408e-a00a-e6ab7c70daec<%|%>07b445f1-6e5a-4029-af9f-f6ffbd3161c2<%|%>
5b446aa4-c0f2-4572-834a-a0728f5e77a4<%|%>07b445f1-6e5a-4029-af9f-f6ffbd3161c2<%|%>
ebac0cd5-d4f1-4a3f-84ac-c9456087510d<%|%>07b445f1-6e5a-4029-af9f-f6ffbd3161c2<%|%>
d3dde5cc-9480-448d-a98a-faf3ebc91e74<%|%>bb22f964-32aa-4871-affa-fa4e334b00d7<%|%>
10b8e4db-1dee-466f-a544-f7e3c8011f32<%|%>07b445f1-6e5a-4029-af9f-f6ffbd3161c2<%|%>
bd4abec2-b99b-4c9a-b504-cbed48a1ef17<%|%>07b445f1-6e5a-4029-af9f-f6ffbd3161c2<%|%>
43dfc78a-249f-4c96-b488-6ac2abc45268<%|%>bb22f964-32aa-4871-affa-fa4e334b00d7<%|%>
7705057d-df39-411d-9246-7a5ccf20703a<%|%>bb22f964-32aa-4871-affa-fa4e334b00d7<%|%>
76cd1469-19ad-43fc-83df-40f2d686759c<%|%>bb22f964-32aa-4871-affa-fa4e334b00d7<%|%>
464a2ada-f37f-4b04-b023-8595d4f918fa<%|%>07b445f1-6e5a-4029-af9f-f6ffbd3161c2<%|%>
686e329c-26e0-44bb-a9ee-5322a4053ed3<%|%>07b445f1-6e5a-4029-af9f-f6ffbd3161c2<%|%>
9f3922ec-158d-4bb2-9275-4270b236a3bf<%|%>07b445f1-6e5a-4029-af9f-f6ffbd3161c2<%|%>
828b9bfb-bc22-43c5-9732-3541a001838b<%|%>bb22f964-32aa-4871-affa-fa4e334b00d7<%|%>
ff6aedee-430a-47b2-952b-6c2464757086<%|%>07b445f1-6e5a-4029-af9f-f6ffbd3161c2<%|%>
e8d31528-ae53-462a-80f4-0ea14ee59ac3<%|%>07b445f1-6e5a-4029-af9f-f6ffbd3161c2<%|%>
10e43d73-1727-4114-8c9e-a7aebde10952<%|%>07b445f1-6e5a-4029-af9f-f6ffbd3161c2<%|%>
027a8d09-77c2-430e-8d26-23c004ab9d6f<%|%>07b445f1-6e5a-4029-af9f-f6ffbd3161c2<%|%>
7218a7c9-16da-49d3-a8d6-77ca6333c714<%|%>07b445f1-6e5a-4029-af9f-f6ffbd3161c2<%|%>
184c07c3-e368-4d7e-9abb-e639e3b29411<%|%>07b445f1-6e5a-4029-af9f-f6ffbd3161c2<%|%>
d367e5b3-d9b3-41ce-824b-ca1d762fdc34<%|%>07b445f1-6e5a-4029-af9f-f6ffbd3161c2<%|%>
e5cbf694-7149-45ea-8349-959151bef6e5<%|%>07b445f1-6e5a-4029-af9f-f6ffbd3161c2<%|%>
e98fad05-0c25-46ed-96c9-f8144f6c7c82<%|%>07b445f1-6e5a-4029-af9f-f6ffbd3161c2<%|%>
9ac36504-53af-4b69-aa40-707100d55367<%|%>07b445f1-6e5a-4029-af9f-f6ffbd3161c2<%|%>
23160c5d-7309-4749-ab00-1159ee272933<%|%>07b445f1-6e5a-4029-af9f-f6ffbd3161c2<%|%>
6a9c3950-378a-47a4-8f77-01f38c138288<%|%>07b445f1-6e5a-4029-af9f-f6ffbd3161c2<%|%>
c12e846d-43dc-49ca-9aad-eebddad4a2bc<%|%>07b445f1-6e5a-4029-af9f-f6ffbd3161c2<%|%>
01edd61f-2ed6-4849-b0e7-0ed8fbf90588<%|%>07b445f1-6e5a-4029-af9f-f6ffbd3161c2<%|%>
de44da4f-29b2-4ccf-9f32-13371af635a2<%|%>07b445f1-6e5a-4029-af9f-f6ffbd3161c2<%|%>
6d33fc42-c571-4d93-8692-4b41a35dee03<%|%>07b445f1-6e5a-4029-af9f-f6ffbd3161c2<%|%>
3e545c1b-23d3-4b73-8f74-49fa3e421657<%|%>07b445f1-6e5a-4029-af9f-f6ffbd3161c2<%|%>
f3b8bd94-76aa-4466-a0ab-358df36e6aec<%|%>07b445f1-6e5a-4029-af9f-f6ffbd3161c2<%|%>
51f49b3d-84e6-4b9a-ac45-d768abe37cc4<%|%>07b445f1-6e5a-4029-af9f-f6ffbd3161c2<%|%>
c7ca4d12-c1d8-4c1c-ae08-2de8c0d5a6d4<%|%>07b445f1-6e5a-4029-af9f-f6ffbd3161c2<%|%>
03a92e85-eb8a-47dc-9e33-36938cb9bce9<%|%>07b445f1-6e5a-4029-af9f-f6ffbd3161c2<%|%>
0744f258-18d3-4e36-9be4-5096028a3bf7<%|%>07b445f1-6e5a-4029-af9f-f6ffbd3161c2<%|%>
9a1259f7-a313-461a-b3e1-05fcc5f4d095<%|%>07b445f1-6e5a-4029-af9f-f6ffbd3161c2<%|%>
936957a9-c1e4-40dc-b180-1f10f694b658<%|%>07b445f1-6e5a-4029-af9f-f6ffbd3161c2<%|%>
e4f7ff7c-e075-4197-99c6-89c96c4af368<%|%>07b445f1-6e5a-4029-af9f-f6ffbd3161c2<%|%>
f1c61639-6f97-444b-9bdf-6ce27298269a<%|%>07b445f1-6e5a-4029-af9f-f6ffbd3161c2<%|%>
a835bb10-b1c5-4c9f-9c0d-6993e1ae2e38<%|%>07b445f1-6e5a-4029-af9f-f6ffbd3161c2<%|%>
a540458b-a62b-4934-a9ba-f0effa276791<%|%>07b445f1-6e5a-4029-af9f-f6ffbd3161c2<%|%>
c43c72c8-41aa-4839-87ca-f94af0fab796<%|%>07b445f1-6e5a-4029-af9f-f6ffbd3161c2<%|%>
216b0453-92f5-4f5c-a5b5-abe89697a30f<%|%>07b445f1-6e5a-4029-af9f-f6ffbd3161c2<%|%>
595382f0-8a81-47a8-a4ae-2e8f1c6cd68c<%|%>07b445f1-6e5a-4029-af9f-f6ffbd3161c2<%|%>
5b40822f-0dea-4ec9-900c-759465b43950<%|%>07b445f1-6e5a-4029-af9f-f6ffbd3161c2<%|%>
3898c952-14a6-4b24-9477-91154cad46b4<%|%>bb22f964-32aa-4871-affa-fa4e334b00d7<%|%>
03e642aa-bb93-49d3-87f8-fbc418753f4d<%|%>6f398b56-b21f-4e8b-9637-ed85b609975e<%|%>
9797170b-017e-4e2b-81d1-a499c5203c0c<%|%>6f398b56-b21f-4e8b-9637-ed85b609975e<%|%>
ab803474-e79b-41dd-9631-f5731bfcdd6a<%|%>6f398b56-b21f-4e8b-9637-ed85b609975e<%|%>
8ccb0996-f83d-4342-b2fb-15b4d840ffc2<%|%>35ec72af-fd85-495e-9209-5ba6cd04bb67<%|%>
bf169722-0537-4c1b-9bef-7703ed9d2e1b<%|%>35ec72af-fd85-495e-9209-5ba6cd04bb67<%|%>
c5320463-d557-4edb-bfa2-5a9810115bc2<%|%>6f398b56-b21f-4e8b-9637-ed85b609975e<%|%>
55f9ee8a-c439-4cd8-a6f6-0883ed2fd43b<%|%>6f398b56-b21f-4e8b-9637-ed85b609975e<%|%>
61a938f6-9819-42f4-8ee5-5306f4322303<%|%>6f398b56-b21f-4e8b-9637-ed85b609975e<%|%>
61697e96-cf06-4eaa-85e2-4a80d90af0c1<%|%>6f398b56-b21f-4e8b-9637-ed85b609975e<%|%>
5e9c2c7b-b2fa-47e2-a1a2-f932c4075b95<%|%>35ec72af-fd85-495e-9209-5ba6cd04bb67<%|%>
f854cad1-1cd8-4719-a0f1-3a31393ad8de<%|%>ab5bf2bf-1fad-40f9-8894-44d43e864e3e<%|%>
2a3b5691-0064-47c6-b8e6-1dcdcbe439aa<%|%>b78fb8d2-2d61-419f-aac0-af3f595e347b<%|%>
c8a02b01-886b-446c-869e-c0c25bf3cb52<%|%>abf3728c-ed52-49b6-a4f2-c854cae46679<%|%>
3d9875a5-ee17-4c19-bd3f-aa6608c00d77<%|%>b78fb8d2-2d61-419f-aac0-af3f595e347b<%|%>
9ae28612-a6d9-49b0-91cd-695e48b36496<%|%>b78fb8d2-2d61-419f-aac0-af3f595e347b<%|%>
db5ac676-1626-42ac-8da6-addf25ba8fc9<%|%>ab5bf2bf-1fad-40f9-8894-44d43e864e3e<%|%>
0cb4a2e5-e916-4e70-bdef-db2364e29368<%|%>ab5bf2bf-1fad-40f9-8894-44d43e864e3e<%|%>
32b5d545-289b-4362-8842-45d6a8b45a00<%|%>35ec72af-fd85-495e-9209-5ba6cd04bb67<%|%>
28fe4353-bb26-4356-b82e-4818d4428b6f<%|%>35ec72af-fd85-495e-9209-5ba6cd04bb67<%|%>
41ca12c9-dd8b-4fa9-b101-ef35cdca68cf<%|%>35ec72af-fd85-495e-9209-5ba6cd04bb67<%|%>
68dfbf66-8615-405f-a7c0-ffeca48d707c<%|%>6f398b56-b21f-4e8b-9637-ed85b609975e<%|%>
dbb15237-ca2a-4157-b2cb-7ed746c3a768<%|%>a1213f12-9062-412e-a229-04a767801509<%|%>
2d56b8b4-618b-45fc-b4ef-fc783da3c06d<%|%>a1213f12-9062-412e-a229-04a767801509<%|%>
5ee55004-f8e7-4ee4-9c33-ec8645265482<%|%>a1213f12-9062-412e-a229-04a767801509<%|%>
d4e7f22d-a5c7-4beb-9e54-ce5ed6cf1d90<%|%>07b445f1-6e5a-4029-af9f-f6ffbd3161c2<%|%>
6f331184-6651-4351-85da-9d8c9ca84a78<%|%>fbc3caa0-cd78-47ea-8d44-1fb1089746eb<%|%>
2b70dd04-7b58-4b6b-845b-f9f2f08c9807<%|%>ab5bf2bf-1fad-40f9-8894-44d43e864e3e<%|%>
0bd3cef9-4a44-4221-865a-dbfcac1535f9<%|%>a1213f12-9062-412e-a229-04a767801509<%|%>
2fa0d130-35c1-4af8-9585-dc7cade73be3<%|%>b78fb8d2-2d61-419f-aac0-af3f595e347b<%|%>
5c6397b9-5272-41c3-855d-058ed3ecbd11<%|%>b78fb8d2-2d61-419f-aac0-af3f595e347b<%|%>
6ee02632-b4a7-46b7-904d-fa3ccf13c3a7<%|%>b78fb8d2-2d61-419f-aac0-af3f595e347b<%|%>
e340bc4e-a350-4ea9-9086-9f810497811e<%|%>b78fb8d2-2d61-419f-aac0-af3f595e347b<%|%>
5a73517c-6391-4f20-a6d7-aa748524fe78<%|%>b78fb8d2-2d61-419f-aac0-af3f595e347b<%|%>
44a8b32c-96b8-4c85-919c-08d231c6517f<%|%>b78fb8d2-2d61-419f-aac0-af3f595e347b<%|%>
e4fe4944-61cc-47ae-bac3-c41b02feae6d<%|%>35ec72af-fd85-495e-9209-5ba6cd04bb67<%|%>
329ee07b-f7d1-440a-9d87-fdc1e86eb61e<%|%>07b445f1-6e5a-4029-af9f-f6ffbd3161c2<%|%>
50560767-a640-4663-9417-ae84df717bea<%|%>07b445f1-6e5a-4029-af9f-f6ffbd3161c2<%|%>
e3604f65-bd12-4ba7-81ca-df1307bf9cdd<%|%>07b445f1-6e5a-4029-af9f-f6ffbd3161c2<%|%>
6d55afb9-11ed-41ab-803c-27cacf0c3409<%|%>07b445f1-6e5a-4029-af9f-f6ffbd3161c2<%|%>
bf7d4d8b-be4e-4e4c-9ccf-ab4449060380<%|%>07b445f1-6e5a-4029-af9f-f6ffbd3161c2<%|%>
09dd3e11-27cd-4397-b5b7-7d45de35ae03<%|%>07b445f1-6e5a-4029-af9f-f6ffbd3161c2<%|%>
8f5b68ac-1704-4d75-b97b-e793687e1eb2<%|%>07b445f1-6e5a-4029-af9f-f6ffbd3161c2<%|%>
b53cc289-e18d-46f0-9aef-17088c5e14b5<%|%>07b445f1-6e5a-4029-af9f-f6ffbd3161c2<%|%>
39ad5c3d-68f6-4419-98da-746fd9ae6616<%|%>07b445f1-6e5a-4029-af9f-f6ffbd3161c2<%|%>
61703d28-fcce-4436-99ec-37c73eea0686<%|%>07b445f1-6e5a-4029-af9f-f6ffbd3161c2<%|%>
caf1ee95-77b4-47c7-827b-7bba7ca8c1a0<%|%>07b445f1-6e5a-4029-af9f-f6ffbd3161c2<%|%>
691eb0d0-a5d1-4b63-9ecc-8104c69ae259<%|%>bfaeb4c9-cfe3-46d9-b77f-7e47209cac1d<%|%>
bc2e18f2-b789-4988-ac8e-d6df5f3f6ab3<%|%>bfaeb4c9-cfe3-46d9-b77f-7e47209cac1d<%|%>
7da203f8-f8ff-40a0-97a7-937fcd507d29<%|%>bfaeb4c9-cfe3-46d9-b77f-7e47209cac1d<%|%>
5e4f72f7-fc94-4c73-a279-7670377c20ae<%|%>bfaeb4c9-cfe3-46d9-b77f-7e47209cac1d<%|%>
a8572447-bc7c-4ab1-b577-6e299db4a67a<%|%>bfaeb4c9-cfe3-46d9-b77f-7e47209cac1d<%|%>
1b6c2a9f-9295-478f-a184-955e84592eee<%|%>bfaeb4c9-cfe3-46d9-b77f-7e47209cac1d<%|%>
41780d12-bd71-4fc5-b0ed-2791f76fe947<%|%>bfaeb4c9-cfe3-46d9-b77f-7e47209cac1d<%|%>
0400d010-68a3-4024-adc4-237a418e08d5<%|%>bfaeb4c9-cfe3-46d9-b77f-7e47209cac1d<%|%>
ab04bd10-984b-4a96-b640-8fca6ac4a189<%|%>bfaeb4c9-cfe3-46d9-b77f-7e47209cac1d<%|%>
dad9146f-042d-4655-90a8-ef91bba79270<%|%>5b46a29d-0405-4a5d-83f7-9b6c0954b3f2<%|%>
ca95b631-2865-4778-933b-04b0a29caa50<%|%>5b46a29d-0405-4a5d-83f7-9b6c0954b3f2<%|%>
29b0d5d8-8491-47b4-8efc-5b31f356342c<%|%>5b46a29d-0405-4a5d-83f7-9b6c0954b3f2<%|%>
8250b8b5-90d2-4ef9-a6bd-daa4a804949a<%|%>5b46a29d-0405-4a5d-83f7-9b6c0954b3f2<%|%>
f7570f1d-4ed3-4e09-8db2-d4da086f8c7a<%|%>5b46a29d-0405-4a5d-83f7-9b6c0954b3f2<%|%>
4e3dd9bc-fd11-4598-affb-47358f8e29de<%|%>5b46a29d-0405-4a5d-83f7-9b6c0954b3f2<%|%>
cfd9a8ad-efc2-4ae7-b58f-4e517e30c711<%|%>e83f286d-71b7-4108-a509-f91ad9b24e7d<%|%>
b87ecb88-f6e3-422d-8b6a-53c20f6cafc5<%|%>1ac7025b-d16f-4016-9826-7e357f9df4c4<%|%>
e7762b30-e318-40c7-987d-1ddf886d16fd<%|%>1ac7025b-d16f-4016-9826-7e357f9df4c4<%|%>
391f79b4-f2db-46bc-b0cc-974ee842a77e<%|%>1ac7025b-d16f-4016-9826-7e357f9df4c4<%|%>
12c1bd77-8783-4416-a584-79badbf66009<%|%>1ac7025b-d16f-4016-9826-7e357f9df4c4<%|%>
c5824a9f-4d60-4e79-b16b-e77e561bbc3b<%|%>1ac7025b-d16f-4016-9826-7e357f9df4c4<%|%>
1cca46d5-0d55-4a6e-9c9d-d508cdb59c19<%|%>1ac7025b-d16f-4016-9826-7e357f9df4c4<%|%>
40c3b4c2-7571-4cd0-921f-5036b108ff79<%|%>1ac7025b-d16f-4016-9826-7e357f9df4c4<%|%>
2da18f12-e6ad-4510-82af-c5d722f64490<%|%>1ac7025b-d16f-4016-9826-7e357f9df4c4<%|%>
f8426510-1e97-40c3-a741-2508874e62a2<%|%>1ac7025b-d16f-4016-9826-7e357f9df4c4<%|%>
74228aec-d42d-4b45-a87b-b05148d76171<%|%>5085ca8b-c9dc-4c77-8e27-66ce7dcb09aa<%|%>
9ab69c7c-2ed3-4062-b0d7-141dc46a0251<%|%>31082408-5390-4caa-adc6-e219a6ebef88<%|%>
cae7e905-2ebb-4c20-ad17-6cdc5f224d4e<%|%>4724a5d5-48aa-47c5-926a-a44f06dafa89<%|%>
5bc5ae63-ab48-4654-8f6f-4fd999b53d32<%|%>4724a5d5-48aa-47c5-926a-a44f06dafa89<%|%>
e7f53375-fe21-4aa4-a397-43b2d71f0f80<%|%>2fd75e9f-c05c-4291-a45c-37c5d8079c8b<%|%>
98a29dbe-4013-4385-8c5a-00c33db78019<%|%>2fd75e9f-c05c-4291-a45c-37c5d8079c8b<%|%>
f4361230-65bb-4f64-86f6-aead8c108059<%|%>2fd75e9f-c05c-4291-a45c-37c5d8079c8b<%|%>
b17470e6-8899-4a07-b151-3d2cb84b0aa1<%|%>2fd75e9f-c05c-4291-a45c-37c5d8079c8b<%|%>
c089fa27-94f1-4f99-933c-7544fb5189a4<%|%>b78fb8d2-2d61-419f-aac0-af3f595e347b<%|%>
5c878c1c-7a27-4cd8-9455-d3f4b1b3d036<%|%>1ac7025b-d16f-4016-9826-7e357f9df4c4<%|%>
4598f635-1e96-4b74-aced-464c0822b59c<%|%>1ac7025b-d16f-4016-9826-7e357f9df4c4<%|%>
8125beff-b1f6-4d3e-a3bd-bfc00cda20ec<%|%>1ac7025b-d16f-4016-9826-7e357f9df4c4<%|%>
402d0935-3c75-435b-af58-7a31e8befa36<%|%>abf3728c-ed52-49b6-a4f2-c854cae46679<%|%>
dc63600e-4736-4478-a704-a05b90e3593d<%|%>abf3728c-ed52-49b6-a4f2-c854cae46679<%|%>
17945177-520f-48a0-baa6-913103a6977b<%|%>abf3728c-ed52-49b6-a4f2-c854cae46679<%|%>
fa6e9a29-76d7-4f1e-bfcf-aafd3ddbcaa7<%|%>abf3728c-ed52-49b6-a4f2-c854cae46679<%|%>
d573d84c-6d69-4308-8251-551a47899fe4<%|%>5085ca8b-c9dc-4c77-8e27-66ce7dcb09aa<%|%>
2db4e41d-f13f-4ea8-8604-44c9c1b9f2ca<%|%>5085ca8b-c9dc-4c77-8e27-66ce7dcb09aa<%|%>
b8c47408-036b-440f-8f17-1dc5ab6969c2<%|%>5085ca8b-c9dc-4c77-8e27-66ce7dcb09aa<%|%>
9de7c01c-583f-465c-97ed-378395f6a2b0<%|%>e77175ea-7dd3-47b9-964e-fcfaa0a0713e<%|%>
ffe573f5-8d8a-41c4-a856-d5aedd19ebdf<%|%>07b445f1-6e5a-4029-af9f-f6ffbd3161c2<%|%>
06d38a68-64dd-43ee-b6a2-3ac283b60296<%|%>5085ca8b-c9dc-4c77-8e27-66ce7dcb09aa<%|%>
9a8aa197-961f-44f4-abcf-06c19a8fff57<%|%>5085ca8b-c9dc-4c77-8e27-66ce7dcb09aa<%|%>
0a4c30b8-f1a7-47d9-b812-98e869db854f<%|%>4724a5d5-48aa-47c5-926a-a44f06dafa89<%|%>
32306e62-f49b-4cad-ac36-e1108689fdac<%|%>07b445f1-6e5a-4029-af9f-f6ffbd3161c2<%|%>
9a19f33a-3594-4aae-8fe9-f5d8a3612918<%|%>07b445f1-6e5a-4029-af9f-f6ffbd3161c2<%|%>
a2343761-163b-4679-9188-28efd2abeee3<%|%>bb533933-7808-491b-988f-6e5cfd3fae4b<%|%>
95fe5adc-44f7-442c-b3ca-a253ddff59e6<%|%>5085ca8b-c9dc-4c77-8e27-66ce7dcb09aa<%|%>
b9c80e74-d09e-47fa-bd02-93b22e734382<%|%>31082408-5390-4caa-adc6-e219a6ebef88<%|%>
29b17ae0-b2e0-41e6-a2be-912f58dd7093<%|%>31082408-5390-4caa-adc6-e219a6ebef88<%|%>
d89b49d9-d565-4342-99d3-5a941d453bab<%|%>ab5bf2bf-1fad-40f9-8894-44d43e864e3e<%|%>
6f077a2d-4f03-4726-9ef5-7a824593b869<%|%>31082408-5390-4caa-adc6-e219a6ebef88<%|%>
3912b458-6834-45b7-a88d-828d1b51927b<%|%>4724a5d5-48aa-47c5-926a-a44f06dafa89<%|%>
e2335fd4-76d3-4318-bf4f-aea458605a4f<%|%>07b445f1-6e5a-4029-af9f-f6ffbd3161c2<%|%>
685393f4-d604-4cf6-b546-e80907864e29<%|%>b78fb8d2-2d61-419f-aac0-af3f595e347b<%|%>
1372d0d7-bb96-41a3-b87f-fdcb6c1e1184<%|%>bb533933-7808-491b-988f-6e5cfd3fae4b<%|%>
7bdea536-eb7b-453a-bec4-67324ad036ea<%|%>4724a5d5-48aa-47c5-926a-a44f06dafa89<%|%>
c15ad293-2ce1-4e8f-b250-4de4a0e75c45<%|%>4724a5d5-48aa-47c5-926a-a44f06dafa89<%|%>
ed1a9463-e0a2-4fd6-b64f-36df879ab55e<%|%>31082408-5390-4caa-adc6-e219a6ebef88<%|%>
ef36f6d6-707f-49b6-ab39-3a819778b9d3<%|%>58bf9cae-8a0f-446d-afa8-9a565bc3e7c0<%|%>
ee169399-dfad-4a39-9e46-16e00fd53d7b<%|%>58bf9cae-8a0f-446d-afa8-9a565bc3e7c0<%|%>
4fe606cb-9f04-4d22-b85c-bf85e5c8b405<%|%>31082408-5390-4caa-adc6-e219a6ebef88<%|%>
d8717df1-cc88-469b-adc4-f118ed35cf2e<%|%>31082408-5390-4caa-adc6-e219a6ebef88<%|%>
c6d31131-e62d-4a62-a03c-d1a525bcfae6<%|%>31082408-5390-4caa-adc6-e219a6ebef88<%|%>
fbe79f1d-3e3e-4c88-88ad-ce85c4174d03<%|%>31082408-5390-4caa-adc6-e219a6ebef88<%|%>
1709db93-2968-4447-9102-4d7e8a476482<%|%>31082408-5390-4caa-adc6-e219a6ebef88<%|%>
d25ecbd5-cd67-49f0-9ce3-277ad1c7204e<%|%>31082408-5390-4caa-adc6-e219a6ebef88<%|%>
04e5737b-02cf-48a2-bf95-919ae9daf41c<%|%>31082408-5390-4caa-adc6-e219a6ebef88<%|%>
624bfa05-611e-4e2a-9877-908b9f42e5e5<%|%>31082408-5390-4caa-adc6-e219a6ebef88<%|%>
5b1ac846-8c37-4dfb-b005-33a4bc516431<%|%>31082408-5390-4caa-adc6-e219a6ebef88<%|%>
0b5757eb-b5a8-4c86-996d-a935a50e9b09<%|%>31082408-5390-4caa-adc6-e219a6ebef88<%|%>
7aeb8f30-69f9-4ad4-a8ec-de6f740dff40<%|%>58bf9cae-8a0f-446d-afa8-9a565bc3e7c0<%|%>
052f3468-8a91-42e7-a9ad-f06273c91f72<%|%>58bf9cae-8a0f-446d-afa8-9a565bc3e7c0<%|%>
0b5498a5-94d4-4f1e-99a2-3e388ddbf5f3<%|%>bb533933-7808-491b-988f-6e5cfd3fae4b<%|%>
576ade26-4e34-4afd-9a59-623f00134887<%|%>bb533933-7808-491b-988f-6e5cfd3fae4b<%|%>
059fadbf-2115-4cec-bfd4-d49727c7c47e<%|%>4724a5d5-48aa-47c5-926a-a44f06dafa89<%|%>
f79d6620-4175-41d1-910e-b740aa175b06<%|%>4724a5d5-48aa-47c5-926a-a44f06dafa89<%|%>
071721cd-f5d0-4bfa-8fdc-337a3705c192<%|%>5085ca8b-c9dc-4c77-8e27-66ce7dcb09aa<%|%>
484e30bf-13dc-46fc-ae66-0e7b69bb6bd8<%|%>5085ca8b-c9dc-4c77-8e27-66ce7dcb09aa<%|%>
866e58ea-8e77-4f9b-9f0e-63a81b7ec494<%|%>5085ca8b-c9dc-4c77-8e27-66ce7dcb09aa<%|%>
8b7f05c5-2e08-4d8b-abb8-c25c8ca97e86<%|%>5085ca8b-c9dc-4c77-8e27-66ce7dcb09aa<%|%>
dd3cce3c-5fc3-4ac5-8538-0321d5095b0c<%|%>07b445f1-6e5a-4029-af9f-f6ffbd3161c2<%|%>
8d532a1f-ca95-449e-814f-5d0a2f593722<%|%>07b445f1-6e5a-4029-af9f-f6ffbd3161c2<%|%>
896d2ffc-7ac9-4c11-bd48-f43bd3afdc25<%|%>5085ca8b-c9dc-4c77-8e27-66ce7dcb09aa<%|%>
56675027-4a68-4b9d-affb-825cd67cd18e<%|%>07b445f1-6e5a-4029-af9f-f6ffbd3161c2<%|%>
7d4e0c0a-d0d0-4ad7-b3e1-5b7995297b5d<%|%>5085ca8b-c9dc-4c77-8e27-66ce7dcb09aa<%|%>
1e84450d-a1ba-4200-a1bc-004eda7fcd57<%|%>07b445f1-6e5a-4029-af9f-f6ffbd3161c2<%|%>
6b1c6e4b-f530-4fdd-bf11-f7c379c0c88e<%|%>181677c8-a883-44ee-ba28-55571f9424aa<%|%>
7d9d2c12-fd5b-4dd3-9d8d-a5f47dc6d304<%|%>181677c8-a883-44ee-ba28-55571f9424aa<%|%>
90044132-b0c2-41a5-ae54-9b321e43f032<%|%>181677c8-a883-44ee-ba28-55571f9424aa<%|%>
a47d707f-f310-429f-9d10-3a08c8c9a172<%|%>181677c8-a883-44ee-ba28-55571f9424aa<%|%>
72e80860-bb29-450d-b0b3-d1449ae1a293<%|%>181677c8-a883-44ee-ba28-55571f9424aa<%|%>
ba98c4a1-5bbc-4892-b1a9-ae5919c38de6<%|%>181677c8-a883-44ee-ba28-55571f9424aa<%|%>
461f9983-aad0-4bb6-8e05-edea42c6f77d<%|%>181677c8-a883-44ee-ba28-55571f9424aa<%|%>
e8fed8d4-e1f4-454e-aa82-14d2413c57e1<%|%>181677c8-a883-44ee-ba28-55571f9424aa<%|%>
3933940f-bf64-4b0f-8fab-72be0d8dff18<%|%>181677c8-a883-44ee-ba28-55571f9424aa<%|%>
848e78e8-88f5-424f-a842-4bc95a55bb9b<%|%>181677c8-a883-44ee-ba28-55571f9424aa<%|%>
33774410-8408-44fc-829f-ac319f32f05f<%|%>181677c8-a883-44ee-ba28-55571f9424aa<%|%>
563a0a33-d9b0-47ae-aa7f-4c67c541e573<%|%>181677c8-a883-44ee-ba28-55571f9424aa<%|%>
92b1fa31-3986-4c24-8ab1-f12b181e395c<%|%>7887d249-5dbf-4adb-bf09-fd0dc089ba41<%|%>
c17f3711-5e00-4e83-8e18-e6c32fcdc2de<%|%>07b445f1-6e5a-4029-af9f-f6ffbd3161c2<%|%>
986028a0-121d-4a38-badf-5e303ba18d4a<%|%>07b445f1-6e5a-4029-af9f-f6ffbd3161c2<%|%>
6a53fcac-e8d1-46a9-8c6a-37353143753c<%|%>07b445f1-6e5a-4029-af9f-f6ffbd3161c2<%|%>
f3980c01-05c8-4865-9974-dfb439a5d940<%|%>a1213f12-9062-412e-a229-04a767801509<%|%>
760f72f6-b289-467f-9f42-df30261f8df9<%|%>f05b5039-8368-4d06-836e-76451f84be6d<%|%>
e56d6b7e-ef5a-4672-9966-690c36f1fed9<%|%>6f398b56-b21f-4e8b-9637-ed85b609975e<%|%>
4eaaf653-8661-4758-a7f2-bb2513e3baf3<%|%>6f398b56-b21f-4e8b-9637-ed85b609975e<%|%>
1acca226-2b91-47e5-b861-6b9285d117ae<%|%>6f398b56-b21f-4e8b-9637-ed85b609975e<%|%>
e9baaa32-27b1-4f3f-a2d1-f790742c7d7e<%|%>2fd75e9f-c05c-4291-a45c-37c5d8079c8b<%|%>
f9838738-6864-4665-ab95-1ed5fec541ce<%|%>1ac7025b-d16f-4016-9826-7e357f9df4c4<%|%>
b947344d-86c2-4e5a-9f2c-bd2df4af9e14<%|%>181677c8-a883-44ee-ba28-55571f9424aa<%|%>
0da75dc5-e3a2-4649-ae08-8f12d0ad62fe<%|%>07b445f1-6e5a-4029-af9f-f6ffbd3161c2<%|%>
6d277e5b-261b-473c-98d5-5ca416c2918c<%|%>7887d249-5dbf-4adb-bf09-fd0dc089ba41<%|%>
469719b2-875a-4feb-874d-bd9dcabea4ab<%|%>6f398b56-b21f-4e8b-9637-ed85b609975e<%|%>
86c9302c-91fc-40c4-a015-44fd2b333637<%|%>07b445f1-6e5a-4029-af9f-f6ffbd3161c2<%|%>
0ddca1f0-5f8d-45bf-ad7f-ff48df2b5297<%|%>2fd75e9f-c05c-4291-a45c-37c5d8079c8b<%|%>
28ad904c-ea7d-43e2-b9f5-ae55331f118a<%|%>2fd75e9f-c05c-4291-a45c-37c5d8079c8b<%|%>
1e431c42-b1b1-4e69-8c23-560bb99204b4<%|%>1ac7025b-d16f-4016-9826-7e357f9df4c4<%|%>
23bce9c8-4dd0-482d-8887-d39b4e8ea05a<%|%>2fd75e9f-c05c-4291-a45c-37c5d8079c8b<%|%>
c47ad5ca-97f5-418f-8961-c1f8809cb316<%|%>6c46a3ca-42c4-4502-9620-6f1f7065ee7d<%|%>
74d43f9b-75b5-45c6-8060-f63971e47442<%|%>1ac7025b-d16f-4016-9826-7e357f9df4c4<%|%>
103a4427-7bb1-47bc-b15b-65ca756ce4d4<%|%>6c46a3ca-42c4-4502-9620-6f1f7065ee7d<%|%>
24a05431-810f-4028-95af-e323a8bdcb76<%|%>1ac7025b-d16f-4016-9826-7e357f9df4c4<%|%>
dcc6865f-3cb6-4ccc-a999-c2235301ebbf<%|%>6c46a3ca-42c4-4502-9620-6f1f7065ee7d<%|%>
31b662ca-e0e3-4627-8f61-1240791ae5c8<%|%>6c46a3ca-42c4-4502-9620-6f1f7065ee7d<%|%>
164cf714-ee3b-4657-b6bc-8c05adec6c38<%|%>6c46a3ca-42c4-4502-9620-6f1f7065ee7d<%|%>
3f1f2146-0cce-48d4-9b71-644b1f4ee9da<%|%>6c46a3ca-42c4-4502-9620-6f1f7065ee7d<%|%>
d948f983-6258-422c-ab59-1a086d4e9c45<%|%>6c46a3ca-42c4-4502-9620-6f1f7065ee7d<%|%>
11849332-7f59-429b-8d0e-ac415a58d837<%|%>6c46a3ca-42c4-4502-9620-6f1f7065ee7d<%|%>
43d9ff46-bbc8-487a-8fc7-0557c4a7d215<%|%>fbc3caa0-cd78-47ea-8d44-1fb1089746eb<%|%>
7f08ee92-4830-4e78-9282-11e1d738b1ae<%|%>fbc3caa0-cd78-47ea-8d44-1fb1089746eb<%|%>
9859dd8a-605d-4701-be80-c5c287f53a53<%|%>fbc3caa0-cd78-47ea-8d44-1fb1089746eb<%|%>
e2eff47f-98be-48fd-a405-868589f43bd4<%|%>5125cf9e-d886-425b-b864-f9937895e5f6<%|%>
3b9e332a-adee-4e37-aa80-789364301e64<%|%>fbc3caa0-cd78-47ea-8d44-1fb1089746eb<%|%>
da9eea5c-8ae4-44f8-a291-36435839afee<%|%>fbc3caa0-cd78-47ea-8d44-1fb1089746eb<%|%>
698c7557-62d1-4544-a59f-65ef3cf66c89<%|%>07b445f1-6e5a-4029-af9f-f6ffbd3161c2<%|%>
9c79a899-06be-40ba-86a6-99197fd7efa8<%|%>07b445f1-6e5a-4029-af9f-f6ffbd3161c2<%|%>
be36aba1-b902-4043-9dbd-b92e2b26e5d2<%|%>07b445f1-6e5a-4029-af9f-f6ffbd3161c2<%|%>
5d77e819-87b1-499a-9008-d64a6233f453<%|%>07b445f1-6e5a-4029-af9f-f6ffbd3161c2<%|%>
32ddb188-41b1-41f6-b491-5bea5ee0c038<%|%>07b445f1-6e5a-4029-af9f-f6ffbd3161c2<%|%>
edc01266-1786-4a3d-a96d-76b6de3daf80<%|%>07b445f1-6e5a-4029-af9f-f6ffbd3161c2<%|%>
86587837-3490-42f8-aac5-4a974779cabe<%|%>07b445f1-6e5a-4029-af9f-f6ffbd3161c2<%|%>
3be388e4-d7fe-495b-8c8c-05effee22e2a<%|%>07b445f1-6e5a-4029-af9f-f6ffbd3161c2<%|%>
ad74cddd-35d9-421c-b89b-88db749868f3<%|%>5125cf9e-d886-425b-b864-f9937895e5f6<%|%>
0a96e8ba-1ec1-4cf0-9932-24f4b89cc072<%|%>5125cf9e-d886-425b-b864-f9937895e5f6<%|%>
c812f33e-0d2f-40e5-94fa-d7ec8624e80a<%|%>1e3a53bf-05fe-4fc1-822a-63182e8657ab<%|%>
29adeef2-bac9-498f-b561-a6dc38657f28<%|%>2fd75e9f-c05c-4291-a45c-37c5d8079c8b<%|%>
c25047ac-c31d-4df9-9bb1-c6c92ba9dc14<%|%>2fd75e9f-c05c-4291-a45c-37c5d8079c8b<%|%>
3fdb44df-5e53-49ac-ab63-8ba0621144d1<%|%>1e3a53bf-05fe-4fc1-822a-63182e8657ab<%|%>
221fbbae-8427-4d73-aa16-98d27ae902a4<%|%>1e3a53bf-05fe-4fc1-822a-63182e8657ab<%|%>
6da6c8d1-2471-49d2-a59d-8192c711cdd7<%|%>1e3a53bf-05fe-4fc1-822a-63182e8657ab<%|%>
080a7998-2ea9-453f-a8b5-76c2eb04173e<%|%>1e3a53bf-05fe-4fc1-822a-63182e8657ab<%|%>
66315289-124c-4bcc-8a79-9305b0cb1fdb<%|%>1e3a53bf-05fe-4fc1-822a-63182e8657ab<%|%>
25972539-0aea-4d93-b368-d1cbd1b9dfd9<%|%>6cbbb227-ac8b-4f0f-9980-453671f02e46<%|%>
5ce4e0fb-b2aa-4ff8-b7dd-f87e4dacc140<%|%>07b445f1-6e5a-4029-af9f-f6ffbd3161c2<%|%>
11e452e6-1227-4663-9f61-6bf03cde8281<%|%>07b445f1-6e5a-4029-af9f-f6ffbd3161c2<%|%>
04406ea7-0637-47a9-8371-3e2a473605b3<%|%>2fd75e9f-c05c-4291-a45c-37c5d8079c8b<%|%>
e002deb4-4355-48d8-b9ab-e2d2a351e98a<%|%>2fd75e9f-c05c-4291-a45c-37c5d8079c8b<%|%>
83a62223-32fd-416c-bde3-f9e1d9e5847e<%|%>1e3a53bf-05fe-4fc1-822a-63182e8657ab<%|%>
822b606c-5c64-4e35-ae76-c2b224d341ba<%|%>1e3a53bf-05fe-4fc1-822a-63182e8657ab<%|%>
cce77a8b-ad6e-46e9-a7e3-a0c7cd833cb0<%|%>6cbbb227-ac8b-4f0f-9980-453671f02e46<%|%>
6c9fc8d6-c3a4-4000-8c4c-994e2f48d63b<%|%>6cbbb227-ac8b-4f0f-9980-453671f02e46<%|%>
b3f404c9-3ee4-4c58-8987-54f53cdebd17<%|%>1e3a53bf-05fe-4fc1-822a-63182e8657ab<%|%>
89aace54-4a2e-4bc2-b494-460c45697d1c<%|%>07b445f1-6e5a-4029-af9f-f6ffbd3161c2<%|%>
e9ca8cdb-792a-4455-8b06-615dd1b0ca64<%|%>7887d249-5dbf-4adb-bf09-fd0dc089ba41<%|%>
8d871161-8152-4c4c-af01-a79877f08065<%|%>7887d249-5dbf-4adb-bf09-fd0dc089ba41<%|%>
f45616b6-f29b-4cfa-aecb-5577ffdb78de<%|%>1e3a53bf-05fe-4fc1-822a-63182e8657ab<%|%>
73f08515-4218-4b5e-9501-c2d4af19aafb<%|%>07b445f1-6e5a-4029-af9f-f6ffbd3161c2<%|%>
09fe3e07-bca3-4a8d-a45f-e85f1c5a4d95<%|%>441bb716-b5aa-4810-9632-809fe674f4f8<%|%>
c11acad3-97ff-47ba-8221-7e08b089786a<%|%>1e3a53bf-05fe-4fc1-822a-63182e8657ab<%|%>
f549f947-5c1f-48a7-9edb-efb82f142c8f<%|%>1e3a53bf-05fe-4fc1-822a-63182e8657ab<%|%>
74f32f5c-affe-4ab9-bd08-2ffc0e3fa6cc<%|%>b78fb8d2-2d61-419f-aac0-af3f595e347b<%|%>
520af7e0-0430-433c-8ec2-a1e8c86313ff<%|%>07b445f1-6e5a-4029-af9f-f6ffbd3161c2<%|%>
b5df989d-fdd7-4909-8f13-373ef8ddf23e<%|%>07b445f1-6e5a-4029-af9f-f6ffbd3161c2<%|%>
ce01a4ff-5392-4b5f-9f7b-9287febad489<%|%>bb533933-7808-491b-988f-6e5cfd3fae4b<%|%>
542d31b4-c492-40da-9fe5-98047eb5e838<%|%>5125cf9e-d886-425b-b864-f9937895e5f6<%|%>
5f1b6b04-8194-4b7a-8aa0-55b1291fb8a0<%|%>b78fb8d2-2d61-419f-aac0-af3f595e347b<%|%>
12dc66b7-1190-4615-97fa-8c1b0d04caa9<%|%>b78fb8d2-2d61-419f-aac0-af3f595e347b<%|%>
0dee44bc-2e10-4baa-8ec6-2432600fbb12<%|%>2c33ab03-14fe-4434-89be-83bfb334b13b<%|%>
2e92c9de-c58f-44eb-9234-5773a7e74a9b<%|%>07b445f1-6e5a-4029-af9f-f6ffbd3161c2<%|%>
3c7cc84c-429f-4348-86f8-009384a185a3<%|%>07b445f1-6e5a-4029-af9f-f6ffbd3161c2<%|%>
dd54dfb9-3b3a-4358-a043-d1347e6e6400<%|%>07b445f1-6e5a-4029-af9f-f6ffbd3161c2<%|%>
4b73ff06-9aa7-4fe6-af20-ebf47cb765a1<%|%>07b445f1-6e5a-4029-af9f-f6ffbd3161c2<%|%>
ff0b324a-90f0-43ec-a58f-934ec9e6cd10<%|%>07b445f1-6e5a-4029-af9f-f6ffbd3161c2<%|%>
76c43db9-5441-4634-9f05-a53d67be5363<%|%>07b445f1-6e5a-4029-af9f-f6ffbd3161c2<%|%>
bc6ae0c6-e861-4521-b818-2a3554aa785b<%|%>4886854a-de7b-427f-94f2-949633472e81<%|%>
ca37df8e-d5fa-4b13-a722-ef7e28166d85<%|%>bb533933-7808-491b-988f-6e5cfd3fae4b<%|%>
83e8d86c-592d-4c0c-9d3d-d9af8a3b9fde<%|%>bb533933-7808-491b-988f-6e5cfd3fae4b<%|%>
d9f79a0c-6e77-445a-8935-293bea04a5e2<%|%>07b445f1-6e5a-4029-af9f-f6ffbd3161c2<%|%>
7244c382-7956-49d4-8454-9f6b75379950<%|%>bb533933-7808-491b-988f-6e5cfd3fae4b<%|%>
d117e83e-4e0b-46df-b34d-bb459030b245<%|%>07b445f1-6e5a-4029-af9f-f6ffbd3161c2<%|%>
8185df49-8e5b-43d5-a150-d7a1feba607f<%|%>07b445f1-6e5a-4029-af9f-f6ffbd3161c2<%|%>
6b5e506c-c898-4a19-b023-42bafe035603<%|%>07b445f1-6e5a-4029-af9f-f6ffbd3161c2<%|%>
c09ddfe6-f007-4e86-8f9e-f5ed2447f9c3<%|%>07b445f1-6e5a-4029-af9f-f6ffbd3161c2<%|%>
a59374c0-c12d-41d0-bc40-03a6c2c5d728<%|%>07b445f1-6e5a-4029-af9f-f6ffbd3161c2<%|%>
6d0664a9-ea08-4783-ae8c-165ebb207f3c<%|%>07b445f1-6e5a-4029-af9f-f6ffbd3161c2<%|%>
c5b22012-9890-4b21-a420-58f7939d8382<%|%>07b445f1-6e5a-4029-af9f-f6ffbd3161c2<%|%>
407c8ebd-5b14-4cbf-9485-f198faf61add<%|%>07b445f1-6e5a-4029-af9f-f6ffbd3161c2<%|%>
583f2a9f-32de-44f9-a43d-626a9ad6f9fd<%|%>bb533933-7808-491b-988f-6e5cfd3fae4b<%|%>
d04d5539-efe6-43a8-965d-e655dd931f24<%|%>07b445f1-6e5a-4029-af9f-f6ffbd3161c2<%|%>
2f10cca9-e0c2-4436-a068-615225ec8a6e<%|%>07b445f1-6e5a-4029-af9f-f6ffbd3161c2<%|%>
9f526484-bc79-4cef-adf2-67c6a79d6cff<%|%>07b445f1-6e5a-4029-af9f-f6ffbd3161c2<%|%>
5ea15678-483f-405e-be10-4122726468a5<%|%>bb533933-7808-491b-988f-6e5cfd3fae4b<%|%>
45f2982c-da5b-4834-b6f8-dd16d26de5a1<%|%>07b445f1-6e5a-4029-af9f-f6ffbd3161c2<%|%>
b9ba27df-8d5a-4ae4-82fb-7bda3c999ac3<%|%>07b445f1-6e5a-4029-af9f-f6ffbd3161c2<%|%>
95d813b1-e2e1-4a54-ab90-ff2022f9a2db<%|%>bb533933-7808-491b-988f-6e5cfd3fae4b<%|%>
60d8b9e9-df9e-4daa-aad0-8cb786881c20<%|%>07b445f1-6e5a-4029-af9f-f6ffbd3161c2<%|%>
6d82b7d9-1767-4f33-ae67-efbe9d365771<%|%>07b445f1-6e5a-4029-af9f-f6ffbd3161c2<%|%>
3c1e5c63-5c7e-41b4-9a11-76eefa0867c4<%|%>07b445f1-6e5a-4029-af9f-f6ffbd3161c2<%|%>
23773ee2-7cb1-4438-b2d0-3c1e58950daf<%|%>07b445f1-6e5a-4029-af9f-f6ffbd3161c2<%|%>
c99b8e09-90b1-4323-a7ab-b5eb5aefdfb4<%|%>07b445f1-6e5a-4029-af9f-f6ffbd3161c2<%|%>
12e638ff-ff86-40b1-90e4-4b411244027d<%|%>07b445f1-6e5a-4029-af9f-f6ffbd3161c2<%|%>
2b889225-8e4d-47af-8a74-7da0ff9510ef<%|%>07b445f1-6e5a-4029-af9f-f6ffbd3161c2<%|%>
375d9e83-2782-4e02-ae94-ebc5014be436<%|%>07b445f1-6e5a-4029-af9f-f6ffbd3161c2<%|%>
4e4c55ec-112f-4cd3-baa2-b6f68932bfbe<%|%>07b445f1-6e5a-4029-af9f-f6ffbd3161c2<%|%>
ee5d45f8-3fb4-434c-94e8-e8087b28d2bb<%|%>07b445f1-6e5a-4029-af9f-f6ffbd3161c2<%|%>
62c09916-eb15-473b-bf59-054ca540e032<%|%>2fd75e9f-c05c-4291-a45c-37c5d8079c8b<%|%>
9a4ce56e-bfc5-4e33-8bf0-070a618876ab<%|%>4886854a-de7b-427f-94f2-949633472e81<%|%>
ae6c0555-e978-4338-bc45-1af53837eeb9<%|%>285ed49a-694f-41ea-b013-6cb81fe862f1<%|%>
5564925d-425f-46af-942f-08aa17acdcce<%|%>285ed49a-694f-41ea-b013-6cb81fe862f1<%|%>
f4642c9f-ac73-4ec3-84ca-59c72cbe6aeb<%|%>07b445f1-6e5a-4029-af9f-f6ffbd3161c2<%|%>
c1c06e18-82de-48cb-b1a6-dbd632a119bd<%|%>07b445f1-6e5a-4029-af9f-f6ffbd3161c2<%|%>
83dbbf4f-2755-4d65-9542-58c2faaceca9<%|%>07b445f1-6e5a-4029-af9f-f6ffbd3161c2<%|%>
97c0e821-2c8f-468f-82aa-0d4284213cea<%|%>07b445f1-6e5a-4029-af9f-f6ffbd3161c2<%|%>
7ee4d6ef-1386-44e0-ba61-2e592c68e4a9<%|%>07b445f1-6e5a-4029-af9f-f6ffbd3161c2<%|%>
81ce80ca-e6dc-4860-85cd-186e565282b1<%|%>07b445f1-6e5a-4029-af9f-f6ffbd3161c2<%|%>
1e71bb0c-df81-486d-b097-008c85630ac2<%|%>07b445f1-6e5a-4029-af9f-f6ffbd3161c2<%|%>
9dab7124-284c-40ea-aa1e-60581dda8a73<%|%>bfaeb4c9-cfe3-46d9-b77f-7e47209cac1d<%|%>
655ec9aa-03b2-4f8d-9a1a-a3a8cdd99e7d<%|%>07b445f1-6e5a-4029-af9f-f6ffbd3161c2<%|%>
851ce4c3-574e-4988-b639-d1bb7a8b3bca<%|%>25dc3bd9-3264-4750-b02b-a8e68e2b9704<%|%>
b0706a77-f1fe-423e-8bbf-1512a2276c21<%|%>6f398b56-b21f-4e8b-9637-ed85b609975e<%|%>
ad764431-aeaf-4a00-b2a3-a27d4a95c9d3<%|%>6f398b56-b21f-4e8b-9637-ed85b609975e<%|%>
ee913879-5519-477f-bf5d-b432f21a0f62<%|%>6f398b56-b21f-4e8b-9637-ed85b609975e<%|%>
