1882bc15-e7d2-461a-ae6d-6b61fb4274eb<%|%>83f00fe8-ab04-4dea-a00e-e4e456a07f53
ba321841-9915-4f3a-b431-309598646aea<%|%>fbb6d200-f068-413d-b197-8e65fe5443ef
7cc0b0d6-f0fc-42fa-81eb-1e6b5092b43e<%|%>1b538e31-581d-4e4b-9e31-a85592254754
265736ff-e347-42e8-a9a4-a4ebfe8d96e9<%|%>fbb6d200-f068-413d-b197-8e65fe5443ef
9b2f90f4-1a51-4fef-a594-391b86f9f8db<%|%>fbb6d200-f068-413d-b197-8e65fe5443ef
932559da-ccdd-4cf7-aa72-b114983d8f84<%|%>fbb6d200-f068-413d-b197-8e65fe5443ef
bec1b3d4-00de-44f1-b88e-8e82290bbef3<%|%>fbb6d200-f068-413d-b197-8e65fe5443ef
03e66473-d0d3-4383-8bdc-cd3165034819<%|%>fbb6d200-f068-413d-b197-8e65fe5443ef
2110fb9d-c7c7-4866-8698-3c432ac53e6d<%|%>fbb6d200-f068-413d-b197-8e65fe5443ef
b8a030b9-3fc5-4a54-acff-32b400622637<%|%>fbb6d200-f068-413d-b197-8e65fe5443ef
027dc2da-6ed1-40fd-af6e-488122b1aa5f<%|%>fbb6d200-f068-413d-b197-8e65fe5443ef
35ba3c5a-585c-4ab3-b910-c7c8b38d974a<%|%>fbb6d200-f068-413d-b197-8e65fe5443ef
8ab2f7a7-7f5e-441d-a0b5-e0a659269d10<%|%>fbb6d200-f068-413d-b197-8e65fe5443ef
112e21a4-14d4-43ac-b023-57d8c56c79ed<%|%>fbb6d200-f068-413d-b197-8e65fe5443ef
a3f3bf55-209b-44ad-be94-fc494d620181<%|%>fbb6d200-f068-413d-b197-8e65fe5443ef
f2ed9b9d-6445-4ea2-8ff8-ceaf61d404ed<%|%>fbb6d200-f068-413d-b197-8e65fe5443ef
ca94fd11-d799-409a-88db-f1742d6cbf6b<%|%>fbb6d200-f068-413d-b197-8e65fe5443ef
ee7fda2d-3577-40cb-84ac-07cf914da979<%|%>fbb6d200-f068-413d-b197-8e65fe5443ef
1a0741cb-2f34-46d2-a2cb-974ff33b793f<%|%>fbb6d200-f068-413d-b197-8e65fe5443ef
93cec298-54eb-4a84-b46b-e7213c8cd94c<%|%>fbb6d200-f068-413d-b197-8e65fe5443ef
f3dc9e46-74b0-4f5f-a5d2-a4f61daaad08<%|%>fbb6d200-f068-413d-b197-8e65fe5443ef
b7baab94-f30b-4fcd-bfa5-aaf6845ea953<%|%>fbb6d200-f068-413d-b197-8e65fe5443ef
b1e41bfb-023a-42dd-b15f-d94863d7b5e0<%|%>fbb6d200-f068-413d-b197-8e65fe5443ef
c040bc8f-9b49-41b7-9f3a-445fc61f83e0<%|%>fbb6d200-f068-413d-b197-8e65fe5443ef
183f7a5f-0493-4518-b094-a2d6ad6144c4<%|%>fbb6d200-f068-413d-b197-8e65fe5443ef
538b9112-de47-4ed7-a85f-26f2f41112c1<%|%>fbb6d200-f068-413d-b197-8e65fe5443ef
e14a435b-69d2-44a1-b44f-7e41a9716b4c<%|%>fbb6d200-f068-413d-b197-8e65fe5443ef
f35d18c6-379e-41fc-81a6-3930831bd322<%|%>fbb6d200-f068-413d-b197-8e65fe5443ef
1e71bb0c-df81-486d-b097-008c85630ac2<%|%>1b538e31-581d-4e4b-9e31-a85592254754
13d24cf4-76f2-49fc-9a84-476a81b940b0<%|%>fbb6d200-f068-413d-b197-8e65fe5443ef
5ec1320a-1cea-493b-8bad-53dd3617a926<%|%>fbb6d200-f068-413d-b197-8e65fe5443ef
61092a7e-7de6-4345-898a-71d3357773fc<%|%>83f00fe8-ab04-4dea-a00e-e4e456a07f53
28fa6e91-d8a5-4b92-8c37-d6e94750f2c7<%|%>fbb6d200-f068-413d-b197-8e65fe5443ef
6f5329b5-bb91-4d46-a890-fa7660d7b324<%|%>83f00fe8-ab04-4dea-a00e-e4e456a07f53
3841f0b7-0676-43d6-a304-fe9aeb7ded7c<%|%>fbb6d200-f068-413d-b197-8e65fe5443ef
f4d79dc4-6126-4de0-81f3-6251d28d4627<%|%>83f00fe8-ab04-4dea-a00e-e4e456a07f53
2cfa0f26-d825-4d1e-b756-f5a1106f2c6d<%|%>fbb6d200-f068-413d-b197-8e65fe5443ef
b3da224e-4b5c-45fb-95e9-06680e0f49c1<%|%>83f00fe8-ab04-4dea-a00e-e4e456a07f53
bd41aabd-4572-43a3-9ad1-fab41d5e0fdf<%|%>fbb6d200-f068-413d-b197-8e65fe5443ef
ab111e8b-263b-4cf4-bfe4-a761e6e9480c<%|%>83f00fe8-ab04-4dea-a00e-e4e456a07f53
915d8157-71fa-4103-b916-61cb8058696e<%|%>83f00fe8-ab04-4dea-a00e-e4e456a07f53
6f40ae97-04ec-4599-95a8-f398c7e40e3e<%|%>fbb6d200-f068-413d-b197-8e65fe5443ef
db8e06ae-0933-41b6-ac58-592fd8fc9f2e<%|%>83f00fe8-ab04-4dea-a00e-e4e456a07f53
0c9620c8-e2f4-4b90-ba35-6be823f5ab37<%|%>83f00fe8-ab04-4dea-a00e-e4e456a07f53
e5724c58-ee22-4dc0-b79a-746b340ecea8<%|%>fbb6d200-f068-413d-b197-8e65fe5443ef
0a0497ca-68a1-4f2c-adc2-8a752498960d<%|%>83f00fe8-ab04-4dea-a00e-e4e456a07f53
ceefd482-2c06-4b3e-a228-fd577bcc720f<%|%>fbb6d200-f068-413d-b197-8e65fe5443ef
f1b691af-a991-4bbe-8253-c763acba40c6<%|%>83f00fe8-ab04-4dea-a00e-e4e456a07f53
564a5106-275e-4e0e-8409-f95abb6e6624<%|%>fbb6d200-f068-413d-b197-8e65fe5443ef
734ef448-0e02-4623-9648-a5c8321a0427<%|%>fbb6d200-f068-413d-b197-8e65fe5443ef
a7db60c7-6786-443f-8ed4-d63875f5e62c<%|%>1b538e31-581d-4e4b-9e31-a85592254754
6e0e9064-31c4-409b-bfd6-f87af3d716c3<%|%>fbb6d200-f068-413d-b197-8e65fe5443ef
09685bb5-e542-4577-a7fe-016c1a67f779<%|%>fbb6d200-f068-413d-b197-8e65fe5443ef
66c8195d-75fe-4b1f-bae4-a6b482bb194e<%|%>fbb6d200-f068-413d-b197-8e65fe5443ef
8f661244-e9f3-40ef-a3d5-f6813812c509<%|%>fbb6d200-f068-413d-b197-8e65fe5443ef
31d89eb9-717e-478d-9e9b-15b06b868780<%|%>fbb6d200-f068-413d-b197-8e65fe5443ef
4d6761ca-28b9-4dfe-86ee-8857ae95846a<%|%>fbb6d200-f068-413d-b197-8e65fe5443ef
60a690fc-7646-4c05-85ef-cd86e54b6c70<%|%>fbb6d200-f068-413d-b197-8e65fe5443ef
c77314eb-5c7b-4ffd-a90e-5300be3fdd24<%|%>fbb6d200-f068-413d-b197-8e65fe5443ef
8f65520e-6995-42e7-9da2-a611eed45d30<%|%>fbb6d200-f068-413d-b197-8e65fe5443ef
888d9181-1a2d-4faf-b121-1dccc0fbf12d<%|%>fbb6d200-f068-413d-b197-8e65fe5443ef
a318774d-20ba-48e4-a82d-81072be79e3f<%|%>fbb6d200-f068-413d-b197-8e65fe5443ef
b2d22c4d-971d-471c-bf6a-f0a95d3492e3<%|%>1b538e31-581d-4e4b-9e31-a85592254754
bc3ab711-84f5-4477-8f3e-39b023b2f9a6<%|%>fbb6d200-f068-413d-b197-8e65fe5443ef
659b5438-054d-4ac4-8b41-a08c3e965a9c<%|%>fbb6d200-f068-413d-b197-8e65fe5443ef
e36dcea5-ac85-491b-9938-da4354886cac<%|%>fbb6d200-f068-413d-b197-8e65fe5443ef
1a85de0c-1ab5-4f15-899c-a68d000d1bac<%|%>fbb6d200-f068-413d-b197-8e65fe5443ef
e0d808d8-6049-4a89-beed-a93678cdafc2<%|%>fbb6d200-f068-413d-b197-8e65fe5443ef
bebda64e-4671-408e-ae70-41b867401792<%|%>fbb6d200-f068-413d-b197-8e65fe5443ef
b8567da9-eeab-4a72-b62e-95b47293b004<%|%>fbb6d200-f068-413d-b197-8e65fe5443ef
44cabad2-a717-4f80-acfe-cbce4784563e<%|%>fbb6d200-f068-413d-b197-8e65fe5443ef
5598171b-532a-4f3a-b5df-1ab78de216cc<%|%>fbb6d200-f068-413d-b197-8e65fe5443ef
11aa5082-c2d4-41d0-94ef-cbd0fb33e0ca<%|%>fbb6d200-f068-413d-b197-8e65fe5443ef
2ee822a2-efba-4cea-9964-6094f084e761<%|%>fbb6d200-f068-413d-b197-8e65fe5443ef
8bc834b6-9312-4f11-8f7d-2e33840efc50<%|%>fbb6d200-f068-413d-b197-8e65fe5443ef
ff6e167a-e908-4d52-8697-0de0bf720d43<%|%>fbb6d200-f068-413d-b197-8e65fe5443ef
bf27993c-7929-46cc-81cd-39a8b8c6b921<%|%>fbb6d200-f068-413d-b197-8e65fe5443ef
acb5cd16-a48f-48c1-adb5-ac48531f5af7<%|%>fbb6d200-f068-413d-b197-8e65fe5443ef
0cf7c1cc-2854-4d51-99f8-cba76ceacb1d<%|%>fbb6d200-f068-413d-b197-8e65fe5443ef
1bdddf0a-ea61-4bb7-a6f3-08ef3c6efc73<%|%>fbb6d200-f068-413d-b197-8e65fe5443ef
5d312e93-c0bf-4f0c-a5e6-86a4b5ef44f2<%|%>fbb6d200-f068-413d-b197-8e65fe5443ef
53ec3364-b514-4d1f-a205-e6f1b894c515<%|%>fbb6d200-f068-413d-b197-8e65fe5443ef
1d1c3a2b-7739-4cef-9386-d6c06176eaaa<%|%>fbb6d200-f068-413d-b197-8e65fe5443ef
4e73d37f-03ee-4858-a4ee-9827f859b5ce<%|%>fbb6d200-f068-413d-b197-8e65fe5443ef
0ae3cb40-ae4a-4335-9052-9b391c82717e<%|%>fbb6d200-f068-413d-b197-8e65fe5443ef
9a15a58a-7426-4da1-815b-57b51968a426<%|%>fbb6d200-f068-413d-b197-8e65fe5443ef
9d0489a7-6325-4326-85f9-62f14f5f5a42<%|%>fbb6d200-f068-413d-b197-8e65fe5443ef
d3c2edd5-a2c9-485e-84c4-580132380b72<%|%>fbb6d200-f068-413d-b197-8e65fe5443ef
7644dcf6-04e2-4061-9049-3411b0811ac9<%|%>fbb6d200-f068-413d-b197-8e65fe5443ef
1891864f-1896-4b98-b61a-ed01e081bac6<%|%>fbb6d200-f068-413d-b197-8e65fe5443ef
3162d159-7020-4209-a546-4125d913dbef<%|%>fbb6d200-f068-413d-b197-8e65fe5443ef
773a6c23-1cc0-4605-893e-bde71a3fd219<%|%>fbb6d200-f068-413d-b197-8e65fe5443ef
4d8951d0-95ea-43bc-9ef5-302679d1c99f<%|%>fbb6d200-f068-413d-b197-8e65fe5443ef
33eefb6b-f43e-43d7-a317-e26091504b2c<%|%>1b538e31-581d-4e4b-9e31-a85592254754
ee15297e-9e0d-43d7-91b5-d27df0b76590<%|%>fbb6d200-f068-413d-b197-8e65fe5443ef
f43183c1-4bbe-4827-8f13-456adea5f988<%|%>fbb6d200-f068-413d-b197-8e65fe5443ef
aa5b5857-474f-43d4-a612-984284255b9a<%|%>fbb6d200-f068-413d-b197-8e65fe5443ef
2e63176a-076c-485b-95f1-6a5599bfeec1<%|%>fbb6d200-f068-413d-b197-8e65fe5443ef
7e34457e-d5f7-4ae2-ba8d-dbaa90ac5d42<%|%>fbb6d200-f068-413d-b197-8e65fe5443ef
85442bb8-f874-40b0-86d1-acb7d09f4276<%|%>fbb6d200-f068-413d-b197-8e65fe5443ef
f36dfab2-78d4-4dbb-8d4a-60c35290d0e3<%|%>fbb6d200-f068-413d-b197-8e65fe5443ef
41f19adf-efb7-4cc8-9a3f-d138214c11d6<%|%>fbb6d200-f068-413d-b197-8e65fe5443ef
88ac0f91-0e06-4721-996e-312b60e453d9<%|%>fbb6d200-f068-413d-b197-8e65fe5443ef
55668f1e-5ae5-4311-9f0b-1610cf435364<%|%>fbb6d200-f068-413d-b197-8e65fe5443ef
f172c7d7-67f9-4632-9ebc-302aaf218116<%|%>fbb6d200-f068-413d-b197-8e65fe5443ef
56c69dc3-9a91-484f-80e3-7dd12b3dc19a<%|%>fbb6d200-f068-413d-b197-8e65fe5443ef
b3f9f57a-5eb2-4484-b451-a36a9fe433d6<%|%>fbb6d200-f068-413d-b197-8e65fe5443ef
46c505dc-773d-4552-9b41-f92c9167e48b<%|%>fbb6d200-f068-413d-b197-8e65fe5443ef
cde56fed-6d7a-4316-b501-df3e25adce67<%|%>fbb6d200-f068-413d-b197-8e65fe5443ef
cbcd68bd-b9a4-4602-8417-624bdf2395c2<%|%>fbb6d200-f068-413d-b197-8e65fe5443ef
0430881c-8263-47a7-9902-6cf8dc28528d<%|%>fbb6d200-f068-413d-b197-8e65fe5443ef
256320c3-e9d5-4653-a540-9c1958b4be46<%|%>fbb6d200-f068-413d-b197-8e65fe5443ef
3c28b947-1461-4451-ab75-049867db7b09<%|%>fbb6d200-f068-413d-b197-8e65fe5443ef
44569b51-9abc-44a9-b0b8-c4b174c56475<%|%>fbb6d200-f068-413d-b197-8e65fe5443ef
4a63858a-4301-479b-ab63-0b44267bc70d<%|%>fbb6d200-f068-413d-b197-8e65fe5443ef
4b05dc5f-1d0a-46e9-80e8-8834b1fa7188<%|%>fbb6d200-f068-413d-b197-8e65fe5443ef
6a488cc3-aa20-4bcd-873f-2757498fee32<%|%>fbb6d200-f068-413d-b197-8e65fe5443ef
7e71513d-6dc0-4986-a2be-9f10ee1e4059<%|%>fbb6d200-f068-413d-b197-8e65fe5443ef
e65219ba-4b08-4460-ae5a-41fb18a5e61a<%|%>fbb6d200-f068-413d-b197-8e65fe5443ef
f6b63993-45c2-46b4-883e-bd8d0e27278b<%|%>fbb6d200-f068-413d-b197-8e65fe5443ef
d677c85c-7a01-4a55-91ba-52657be46c87<%|%>fbb6d200-f068-413d-b197-8e65fe5443ef
246d5372-93d6-4410-9e7c-98678500a369<%|%>fbb6d200-f068-413d-b197-8e65fe5443ef
74a1acbb-7cf2-4e7f-bae6-7ab7b8b4bfa3<%|%>fbb6d200-f068-413d-b197-8e65fe5443ef
39ecf6dd-cad1-42bb-8469-5a6f87af8603<%|%>1b538e31-581d-4e4b-9e31-a85592254754
a523d620-8331-45ff-a465-54a2b2a573b4<%|%>fbb6d200-f068-413d-b197-8e65fe5443ef
5fb92c1c-f0d2-4db6-ad34-6e153153ac22<%|%>fbb6d200-f068-413d-b197-8e65fe5443ef
0820272f-3814-4c37-b771-029dd322cfef<%|%>fbb6d200-f068-413d-b197-8e65fe5443ef
cdeb9417-402e-46d0-addd-1f51fe4e9afe<%|%>fbb6d200-f068-413d-b197-8e65fe5443ef
080e2fb8-d935-4ed2-879a-bf99d867f4af<%|%>1b538e31-581d-4e4b-9e31-a85592254754
5d4f494d-2986-4300-b607-445a1557ea19<%|%>fbb6d200-f068-413d-b197-8e65fe5443ef
064a3b5b-d8c1-4282-97bb-b6407f7fb158<%|%>fbb6d200-f068-413d-b197-8e65fe5443ef
063a3b18-2ac9-44ce-b8f1-1d4d5eb2f736<%|%>fbb6d200-f068-413d-b197-8e65fe5443ef
66220543-3607-47b8-aaa7-7ee9536649e8<%|%>fbb6d200-f068-413d-b197-8e65fe5443ef
d1fa4581-71a9-42bf-a2b6-9f14890955f6<%|%>fbb6d200-f068-413d-b197-8e65fe5443ef
176ed04a-f75c-4eef-8b72-55549c82c50d<%|%>fbb6d200-f068-413d-b197-8e65fe5443ef
00c0620b-6c32-4343-bbf8-af0a52d8e013<%|%>fbb6d200-f068-413d-b197-8e65fe5443ef
14ee2ed0-7775-4c18-8db3-140961de954b<%|%>fbb6d200-f068-413d-b197-8e65fe5443ef
3e44c0e3-9d18-4dbc-b161-25862b55b2b4<%|%>fbb6d200-f068-413d-b197-8e65fe5443ef
371493c3-d661-4655-8cd9-d9f43b8f3b58<%|%>fbb6d200-f068-413d-b197-8e65fe5443ef
08e43813-d18b-4840-afec-29818eadf610<%|%>fbb6d200-f068-413d-b197-8e65fe5443ef
663801f9-1b99-4b67-a249-710a78afc689<%|%>fbb6d200-f068-413d-b197-8e65fe5443ef
1290a7a0-a359-48ed-9988-719d303dc089<%|%>1b538e31-581d-4e4b-9e31-a85592254754
97c6d988-a1d2-4747-aaa0-983019498e43<%|%>fbb6d200-f068-413d-b197-8e65fe5443ef
bd30569c-4644-478f-8137-03d897b2b70b<%|%>fbb6d200-f068-413d-b197-8e65fe5443ef
80adc770-ffdb-470c-941a-97bed5e3c0bb<%|%>1b538e31-581d-4e4b-9e31-a85592254754
fe690b47-0b10-4bf7-9a0e-86191fc24d96<%|%>1b538e31-581d-4e4b-9e31-a85592254754
0f524c62-22b8-4fb6-a875-3e8e969c7b01<%|%>fbb6d200-f068-413d-b197-8e65fe5443ef
0f85ff48-a55f-43aa-a183-4f6321c60582<%|%>fbb6d200-f068-413d-b197-8e65fe5443ef
1058f504-c9bf-48aa-9e53-d2f7abf4cef0<%|%>fbb6d200-f068-413d-b197-8e65fe5443ef
251715df-6131-4e88-9974-81f1c7e5cfff<%|%>fbb6d200-f068-413d-b197-8e65fe5443ef
28197623-75f0-4cde-a4ca-953bc02b5200<%|%>fbb6d200-f068-413d-b197-8e65fe5443ef
288daa28-f7eb-4fd3-b909-54a26fe84fb8<%|%>fbb6d200-f068-413d-b197-8e65fe5443ef
28c5cf3f-6cd1-4ee4-8f6c-85c18874599b<%|%>fbb6d200-f068-413d-b197-8e65fe5443ef
30174995-d99e-43a3-91e2-65d169015445<%|%>fbb6d200-f068-413d-b197-8e65fe5443ef
35ce09b9-efb6-4e82-be41-36bed69e7e3f<%|%>fbb6d200-f068-413d-b197-8e65fe5443ef
3a6ee199-a812-4404-94dd-224eaece841c<%|%>fbb6d200-f068-413d-b197-8e65fe5443ef
3df003ca-6b51-4edd-b37b-7527c2919552<%|%>fbb6d200-f068-413d-b197-8e65fe5443ef
459a23e3-44cb-486a-92d1-c7601c6f196d<%|%>fbb6d200-f068-413d-b197-8e65fe5443ef
465396d1-4a8b-4bc4-a274-fb9e72ff82d6<%|%>fbb6d200-f068-413d-b197-8e65fe5443ef
4d4128d4-0977-4933-8f21-a3a187fd28fe<%|%>fbb6d200-f068-413d-b197-8e65fe5443ef
570fd4d0-96fe-4b5e-9a2e-ec8b245504f9<%|%>fbb6d200-f068-413d-b197-8e65fe5443ef
572c3ca5-a7b1-4b63-88b0-98509a10938f<%|%>fbb6d200-f068-413d-b197-8e65fe5443ef
5cd50dec-dbea-4167-850d-260f2f5bbb39<%|%>fbb6d200-f068-413d-b197-8e65fe5443ef
6028f41f-d334-4352-bbdb-6cad0fe77c7a<%|%>fbb6d200-f068-413d-b197-8e65fe5443ef
756ae8aa-5f3e-4d21-b6d7-834b5eed91c1<%|%>fbb6d200-f068-413d-b197-8e65fe5443ef
7c9477de-3d24-4c17-82cc-d858bf7d84ce<%|%>fbb6d200-f068-413d-b197-8e65fe5443ef
83b1c332-2480-45b3-9d0e-624dbc56e26c<%|%>fbb6d200-f068-413d-b197-8e65fe5443ef
8613ed9a-33f1-49dd-aa30-9b695ed433d8<%|%>fbb6d200-f068-413d-b197-8e65fe5443ef
897c6eb6-caf6-4dbe-8247-fe7eda62f7be<%|%>fbb6d200-f068-413d-b197-8e65fe5443ef
8d6fd1d3-1994-4ef3-bf05-efa7e2de7e98<%|%>fbb6d200-f068-413d-b197-8e65fe5443ef
97998723-5645-4bae-b698-57885b2ffd01<%|%>fbb6d200-f068-413d-b197-8e65fe5443ef
9aaa7638-b9b6-41f7-97cc-89c89ee5f104<%|%>fbb6d200-f068-413d-b197-8e65fe5443ef
9cefe986-f7aa-4acc-8a20-41b0c9c5ddd0<%|%>fbb6d200-f068-413d-b197-8e65fe5443ef
9d66546d-d440-48b4-9488-aa92b665e26b<%|%>fbb6d200-f068-413d-b197-8e65fe5443ef
a09a0b2b-6202-4b50-af6f-60ffa34faf46<%|%>fbb6d200-f068-413d-b197-8e65fe5443ef
aed2376e-1c9d-4ad5-985d-a860d573399d<%|%>fbb6d200-f068-413d-b197-8e65fe5443ef
b24f5bdb-3be3-4a0b-a890-9ca1e44e679b<%|%>fbb6d200-f068-413d-b197-8e65fe5443ef
b7b69154-7620-4186-9ff0-918f314e2550<%|%>fbb6d200-f068-413d-b197-8e65fe5443ef
b9ddb2f6-2c72-4839-afd6-ad69a8fe0875<%|%>fbb6d200-f068-413d-b197-8e65fe5443ef
b9fcedd7-9ed2-4878-993a-669a3da896ae<%|%>fbb6d200-f068-413d-b197-8e65fe5443ef
ba080917-908b-48dd-ae50-f4b58b80abbc<%|%>fbb6d200-f068-413d-b197-8e65fe5443ef
bb1a78d9-88ca-415f-b780-b8c64350a38b<%|%>fbb6d200-f068-413d-b197-8e65fe5443ef
be71595f-2788-4aac-b7b8-968ce8d2f9ff<%|%>fbb6d200-f068-413d-b197-8e65fe5443ef
bf0def2e-d45e-44c9-8cad-6d7319b73f3b<%|%>fbb6d200-f068-413d-b197-8e65fe5443ef
c2c2dd72-bac8-46e1-8d7b-816737d34c54<%|%>fbb6d200-f068-413d-b197-8e65fe5443ef
c4c61855-83e1-450a-92e5-fd3e57f21a2a<%|%>fbb6d200-f068-413d-b197-8e65fe5443ef
c5f09bc3-bbae-494e-ab42-b770f5393297<%|%>fbb6d200-f068-413d-b197-8e65fe5443ef
c85052ea-6602-4fb9-9132-2c8811c6a1d8<%|%>fbb6d200-f068-413d-b197-8e65fe5443ef
d99284ca-80fa-48b1-a51c-966128d81f4a<%|%>fbb6d200-f068-413d-b197-8e65fe5443ef
ee198195-eb73-4ebe-9238-e05e6e2650d2<%|%>fbb6d200-f068-413d-b197-8e65fe5443ef
ef8bf578-7beb-4e51-8fcd-06e2e5f8d889<%|%>fbb6d200-f068-413d-b197-8e65fe5443ef
f29f05f4-cb0e-41c9-ac7f-78d5e19d6fcc<%|%>fbb6d200-f068-413d-b197-8e65fe5443ef
f6a4bb5a-54b7-417d-8f36-2c2741347f2d<%|%>fbb6d200-f068-413d-b197-8e65fe5443ef
f95c8370-e678-4391-8065-a528249d8812<%|%>fbb6d200-f068-413d-b197-8e65fe5443ef
fe224398-a238-421b-abf9-5cfebddd195e<%|%>fbb6d200-f068-413d-b197-8e65fe5443ef
ffe4485d-82e0-4c26-b799-0d0987570b2e<%|%>fbb6d200-f068-413d-b197-8e65fe5443ef
8d6654d9-4a05-4ce2-999e-c91ac07a233a<%|%>1b538e31-581d-4e4b-9e31-a85592254754
73938fbc-c1d1-48f6-a385-04097bc5b864<%|%>fbb6d200-f068-413d-b197-8e65fe5443ef
45c67259-fe7f-47fe-b204-dbbd4599d46c<%|%>fbb6d200-f068-413d-b197-8e65fe5443ef
e6225446-52fc-4bef-8520-4df8521d1839<%|%>fbb6d200-f068-413d-b197-8e65fe5443ef
6e18e257-78a0-4e14-a548-394bd5b774b1<%|%>fbb6d200-f068-413d-b197-8e65fe5443ef
2cfe9f9d-0631-4ea8-94e2-2bebd42ed553<%|%>fbb6d200-f068-413d-b197-8e65fe5443ef
3b6c0ac4-49a9-4e82-997f-b53759938921<%|%>1b538e31-581d-4e4b-9e31-a85592254754
4bd2ea6b-5734-43c8-89cd-9bf683dd2293<%|%>fbb6d200-f068-413d-b197-8e65fe5443ef
1f62211b-c19b-4e89-9166-5409a55cc138<%|%>1b538e31-581d-4e4b-9e31-a85592254754
42f48b42-cae7-4877-820c-f400520de090<%|%>1b538e31-581d-4e4b-9e31-a85592254754
dd881011-e7ee-4a4d-8f28-8663ead70422<%|%>1b538e31-581d-4e4b-9e31-a85592254754
664ec05e-ae82-4496-87f0-2fe6fd13da10<%|%>1b538e31-581d-4e4b-9e31-a85592254754
34e1d5e1-abc0-450f-9464-664f63282087<%|%>fbb6d200-f068-413d-b197-8e65fe5443ef
d63c1c50-627b-4ef0-8aa9-2631a834141a<%|%>fbb6d200-f068-413d-b197-8e65fe5443ef
2ed6091d-07d5-47a2-8d5d-c2328c8ebeb2<%|%>fbb6d200-f068-413d-b197-8e65fe5443ef
2f701ea0-4370-4afd-8ba6-e8efa65de724<%|%>fbb6d200-f068-413d-b197-8e65fe5443ef
d6ee7723-7bb4-42c6-8e8e-9d8a5552dbe6<%|%>fbb6d200-f068-413d-b197-8e65fe5443ef
37561979-4a6a-4453-bafd-4d72a5b0135c<%|%>fbb6d200-f068-413d-b197-8e65fe5443ef
563a46a3-2fcc-4996-a056-f09ac79a25d5<%|%>fbb6d200-f068-413d-b197-8e65fe5443ef
be3572f7-384e-4e9d-87dc-1e5075df5b1c<%|%>fbb6d200-f068-413d-b197-8e65fe5443ef
80ad38a3-76ce-428f-9b58-3934da9f3ca7<%|%>fbb6d200-f068-413d-b197-8e65fe5443ef
e03a9580-b1e5-4122-a8d2-031492b29e28<%|%>fbb6d200-f068-413d-b197-8e65fe5443ef
9dc44515-99c3-4174-89be-ff77079ff448<%|%>fbb6d200-f068-413d-b197-8e65fe5443ef
57ad4423-d0db-4578-a81f-f1046c01aa11<%|%>fbb6d200-f068-413d-b197-8e65fe5443ef
22dfe01c-6a00-42c9-92b7-b8c67519f78a<%|%>fbb6d200-f068-413d-b197-8e65fe5443ef
6c908715-b149-4e86-ada2-e4672b2ea0a5<%|%>fbb6d200-f068-413d-b197-8e65fe5443ef
73a51d68-8652-45aa-942c-94a75cdd2242<%|%>fbb6d200-f068-413d-b197-8e65fe5443ef
8c5c0915-4950-47d3-8a7e-d7939492fa5e<%|%>fbb6d200-f068-413d-b197-8e65fe5443ef
545361c0-ce45-4400-99c9-f0ff0e0540bf<%|%>fbb6d200-f068-413d-b197-8e65fe5443ef
6383fcee-922c-4097-a45e-245a36fae372<%|%>fbb6d200-f068-413d-b197-8e65fe5443ef
cd63d651-db57-4d89-83f6-4db935278643<%|%>fbb6d200-f068-413d-b197-8e65fe5443ef
40a8a044-dad6-444e-8cb6-f4938c114d7f<%|%>fbb6d200-f068-413d-b197-8e65fe5443ef
2c918e14-4c31-4460-9c61-2943298eb080<%|%>fbb6d200-f068-413d-b197-8e65fe5443ef
e5805fc0-f24a-46d5-bf8a-30216db53b82<%|%>fbb6d200-f068-413d-b197-8e65fe5443ef
5c4cfcdf-87cc-4328-8f11-feca27009906<%|%>fbb6d200-f068-413d-b197-8e65fe5443ef
a7c8aafc-2135-4545-b2ab-5456097f38d0<%|%>fbb6d200-f068-413d-b197-8e65fe5443ef
da683514-068d-411a-bcfc-1ed3f51192f8<%|%>fbb6d200-f068-413d-b197-8e65fe5443ef
d6a7c7ab-f29f-4eac-a6b6-20b27b2736b9<%|%>fbb6d200-f068-413d-b197-8e65fe5443ef
f09befcc-1ea8-4617-91cd-24ce5c839088<%|%>fbb6d200-f068-413d-b197-8e65fe5443ef
f7d8bff3-525c-45ec-8fac-0a22afc2e413<%|%>fbb6d200-f068-413d-b197-8e65fe5443ef
c8ee0d17-2f5f-4b35-8e91-fe942513ad92<%|%>1b538e31-581d-4e4b-9e31-a85592254754
46e52c1b-b694-44da-8090-8785c269ca2f<%|%>1b538e31-581d-4e4b-9e31-a85592254754
8576c307-785a-41d2-b930-3bbded8c5644<%|%>1b538e31-581d-4e4b-9e31-a85592254754
d9e59538-7ab1-4bfe-9c64-3d9a44e59b5f<%|%>fbb6d200-f068-413d-b197-8e65fe5443ef
e1cfe59b-e796-4068-a879-b3777b40ae44<%|%>fbb6d200-f068-413d-b197-8e65fe5443ef
a94c878b-c5a0-4be2-bee3-e4750e2dc552<%|%>fbb6d200-f068-413d-b197-8e65fe5443ef
3c6a8d6d-2349-4f7e-9a03-b8c5f274c3a2<%|%>fbb6d200-f068-413d-b197-8e65fe5443ef
fa440759-e7be-48ae-90cf-5d551f25f11a<%|%>fbb6d200-f068-413d-b197-8e65fe5443ef
3c759b97-9f1d-48b7-9989-3cbe5fade5e2<%|%>fbb6d200-f068-413d-b197-8e65fe5443ef
4f944567-5b07-4a7d-98b2-8b521bebcbd9<%|%>fbb6d200-f068-413d-b197-8e65fe5443ef
d83d25c3-0ca9-4f15-9dc9-e562e8094caf<%|%>1b538e31-581d-4e4b-9e31-a85592254754
072e59ad-99c2-4cbe-90a0-dd3112ccd826<%|%>fbb6d200-f068-413d-b197-8e65fe5443ef
63fc7d94-dc62-442f-b57b-2c46137c3aa4<%|%>1b538e31-581d-4e4b-9e31-a85592254754
c8af07c0-e65c-4c35-8a4d-cb34518defac<%|%>fbb6d200-f068-413d-b197-8e65fe5443ef
8d4f360a-9e60-4bd5-8668-8349a01f1a53<%|%>fbb6d200-f068-413d-b197-8e65fe5443ef
2b66a14f-5d25-49e2-ba56-1de355f885f4<%|%>fbb6d200-f068-413d-b197-8e65fe5443ef
d8ee6a04-5aca-497f-b910-3f597900db6a<%|%>fbb6d200-f068-413d-b197-8e65fe5443ef
a4c8da7e-0696-4d95-9e1e-1edbbd7ae469<%|%>fbb6d200-f068-413d-b197-8e65fe5443ef
6f5d0f9f-76f2-4768-9cbd-0a554a5f8d32<%|%>1b538e31-581d-4e4b-9e31-a85592254754
8e42fc3a-e1a6-4e8d-8888-e5dddbecd9aa<%|%>fbb6d200-f068-413d-b197-8e65fe5443ef
dabb8049-c32f-462c-ad0d-927b962a4a2c<%|%>fbb6d200-f068-413d-b197-8e65fe5443ef
961439d9-8329-4c9f-84ac-527c3259fba9<%|%>fbb6d200-f068-413d-b197-8e65fe5443ef
92ac2416-5d87-4ef1-bfce-71d9966e8687<%|%>1b538e31-581d-4e4b-9e31-a85592254754
7512f832-0e92-4826-ba6f-adc33f80544a<%|%>fbb6d200-f068-413d-b197-8e65fe5443ef
f970e751-79de-4c64-8b02-4044c9712246<%|%>fbb6d200-f068-413d-b197-8e65fe5443ef
d0af4183-2df1-4603-815c-bb5c1f1fbde2<%|%>fbb6d200-f068-413d-b197-8e65fe5443ef
458548e9-8867-46c8-b1ba-645860b6ae31<%|%>1b538e31-581d-4e4b-9e31-a85592254754
445e0df7-1c90-45bc-a953-42f7f857a6e4<%|%>fbb6d200-f068-413d-b197-8e65fe5443ef
324bc8c5-ddca-44c6-87fc-a18fe5181f01<%|%>fbb6d200-f068-413d-b197-8e65fe5443ef
5580dead-05b8-46ef-b1f8-740ff53ad243<%|%>fbb6d200-f068-413d-b197-8e65fe5443ef
43457bbc-2c1b-47a9-a035-9b27322e9595<%|%>1b538e31-581d-4e4b-9e31-a85592254754
1c8b8da2-fa15-4069-97d3-61d7094f3565<%|%>fbb6d200-f068-413d-b197-8e65fe5443ef
1012354d-3b02-4e1d-a1cc-962af055913e<%|%>fbb6d200-f068-413d-b197-8e65fe5443ef
54a7b1f8-929c-454a-960c-cad00ff8e18a<%|%>fbb6d200-f068-413d-b197-8e65fe5443ef
0f31640c-2bf0-497d-b66d-1c7e88f581bf<%|%>1b538e31-581d-4e4b-9e31-a85592254754
eae1abf9-d543-4513-b37b-a3ddef25cfd3<%|%>fbb6d200-f068-413d-b197-8e65fe5443ef
714b2c2e-be52-4a52-81ba-7a3e173c13cc<%|%>fbb6d200-f068-413d-b197-8e65fe5443ef
bc4d8ca0-2606-4d9c-9e83-82d95cfdcd62<%|%>fbb6d200-f068-413d-b197-8e65fe5443ef
0d67617c-667c-4cf9-8937-3e5cf0ee2629<%|%>fbb6d200-f068-413d-b197-8e65fe5443ef
5ef4a826-6ac0-48cd-a899-b650318d6e89<%|%>fbb6d200-f068-413d-b197-8e65fe5443ef
11eda007-d8df-4800-a72b-633ddbe004e7<%|%>fbb6d200-f068-413d-b197-8e65fe5443ef
dcb820a2-779e-467c-8e31-209746412314<%|%>fbb6d200-f068-413d-b197-8e65fe5443ef
4df074f3-f065-476e-a1f5-3bd6a12b9d0f<%|%>fbb6d200-f068-413d-b197-8e65fe5443ef
276748a4-f4cc-459c-8306-422b7c4050aa<%|%>fbb6d200-f068-413d-b197-8e65fe5443ef
88b3c0fa-d320-48a0-8f0e-e8a9dd8d6797<%|%>fbb6d200-f068-413d-b197-8e65fe5443ef
c469b209-81fd-42f1-86f7-3dbe63a5004b<%|%>1b538e31-581d-4e4b-9e31-a85592254754
cf6567f2-f49a-4370-ab04-e71ba34b02ce<%|%>1b538e31-581d-4e4b-9e31-a85592254754
c01363cf-ed23-40dc-b734-5083d264f1b7<%|%>fbb6d200-f068-413d-b197-8e65fe5443ef
249dcb43-9bc6-48c2-980b-4e30f764254a<%|%>fbb6d200-f068-413d-b197-8e65fe5443ef
6465cd85-dd01-4773-81ba-12091b0f4685<%|%>fbb6d200-f068-413d-b197-8e65fe5443ef
2807ff2f-f9f4-4c43-a8ea-54e5ea2ad3e1<%|%>fbb6d200-f068-413d-b197-8e65fe5443ef
9901ec36-9eef-4a7a-a719-60b426261018<%|%>fbb6d200-f068-413d-b197-8e65fe5443ef
51512619-736d-4b3d-904e-7f667d961c54<%|%>fbb6d200-f068-413d-b197-8e65fe5443ef
38d9fbfe-5d4f-4ba3-a383-a6583a8d5fd2<%|%>fbb6d200-f068-413d-b197-8e65fe5443ef
45da9078-ac19-4e5b-8feb-7b64945bdd78<%|%>fbb6d200-f068-413d-b197-8e65fe5443ef
84bfae2c-02d2-41e4-ac16-4e786908e7c6<%|%>fbb6d200-f068-413d-b197-8e65fe5443ef
603b4f2c-6729-4f85-8f36-544e4026aed5<%|%>fbb6d200-f068-413d-b197-8e65fe5443ef
d1735d84-01b6-40b4-9dff-bca945c98490<%|%>fbb6d200-f068-413d-b197-8e65fe5443ef
687b5465-b4ae-4032-aece-1161e3ed4e22<%|%>fbb6d200-f068-413d-b197-8e65fe5443ef
bdbb8793-9062-461e-aedb-7c7c72bf71fa<%|%>fbb6d200-f068-413d-b197-8e65fe5443ef
1f98b361-4f58-4197-a8d6-7ecbca357c85<%|%>fbb6d200-f068-413d-b197-8e65fe5443ef
d47bbb96-48d5-4f0d-9abe-8b162c8d2a57<%|%>fbb6d200-f068-413d-b197-8e65fe5443ef
9b2dd619-14fd-464e-ae15-78dd5f2becec<%|%>fbb6d200-f068-413d-b197-8e65fe5443ef
1f6561c8-6daf-4429-888e-05cf38419bac<%|%>fbb6d200-f068-413d-b197-8e65fe5443ef
417cbffc-aee2-4c56-b038-ea10fa45ac12<%|%>fbb6d200-f068-413d-b197-8e65fe5443ef
53344132-5466-44bb-934d-5b60148a020b<%|%>1b538e31-581d-4e4b-9e31-a85592254754
47098700-3689-440b-908e-f22b6b62ff37<%|%>fbb6d200-f068-413d-b197-8e65fe5443ef
421c6de6-760f-4f70-ba64-109452e04d65<%|%>fbb6d200-f068-413d-b197-8e65fe5443ef
7805324d-0447-4be7-9bdf-3b214fe0a223<%|%>fbb6d200-f068-413d-b197-8e65fe5443ef
8506a8ce-6e95-454c-aabe-23361c7dea60<%|%>fbb6d200-f068-413d-b197-8e65fe5443ef
e2868df2-050b-4f63-ad6a-6cc87e2569c9<%|%>fbb6d200-f068-413d-b197-8e65fe5443ef
54f4de83-3f40-46a9-8cc0-b2bea89143ce<%|%>fbb6d200-f068-413d-b197-8e65fe5443ef
b7388561-1e61-4913-be38-95d79eff35ce<%|%>fbb6d200-f068-413d-b197-8e65fe5443ef
be57ff56-9178-4cd3-b7ff-1124d4bd3b25<%|%>1b538e31-581d-4e4b-9e31-a85592254754
473c3f8c-31a5-47b3-a224-cdf513348b3c<%|%>fbb6d200-f068-413d-b197-8e65fe5443ef
12792e95-1396-4f23-934f-5d1e674534f4<%|%>fbb6d200-f068-413d-b197-8e65fe5443ef
c1a870cf-d1bb-4dd2-931b-35259d3048bd<%|%>fbb6d200-f068-413d-b197-8e65fe5443ef
8d0234ac-9fc7-4844-a9a4-f03eb4b9de8b<%|%>fbb6d200-f068-413d-b197-8e65fe5443ef
ee369421-7904-4fd8-9887-ebeef8198fac<%|%>fbb6d200-f068-413d-b197-8e65fe5443ef
bac1c063-1af7-44ea-b1e9-60f628b6a709<%|%>fbb6d200-f068-413d-b197-8e65fe5443ef
1da65a2e-7f35-4041-ba52-1e75a5e397fb<%|%>fbb6d200-f068-413d-b197-8e65fe5443ef
6ac9c538-99e7-4a30-90c7-94ca70a8288f<%|%>1b538e31-581d-4e4b-9e31-a85592254754
981f911e-443a-4f1c-90a1-1ca3908f8393<%|%>fbb6d200-f068-413d-b197-8e65fe5443ef
6b0bce41-f0e7-4f12-9626-9b5ab00fc6b2<%|%>1b538e31-581d-4e4b-9e31-a85592254754
865316d1-5c63-40f9-a809-1d35f43cd4e7<%|%>1b538e31-581d-4e4b-9e31-a85592254754
7aafe029-f2ea-4366-b65b-e979486cbf46<%|%>1b538e31-581d-4e4b-9e31-a85592254754
5d1b538b-9cf1-4f10-9098-089755fde539<%|%>fbb6d200-f068-413d-b197-8e65fe5443ef
77d4c291-72bf-4dbc-b7bd-e3d8e5587a9a<%|%>1b538e31-581d-4e4b-9e31-a85592254754
10428b2a-9066-4e47-a244-137d39e3c2d1<%|%>1b538e31-581d-4e4b-9e31-a85592254754
ae8bfb59-782e-4f55-9a89-46c064d4498f<%|%>1b538e31-581d-4e4b-9e31-a85592254754
0938664f-d0af-4cdf-9d77-cdcede2ddda5<%|%>fbb6d200-f068-413d-b197-8e65fe5443ef
82421201-16d0-45ea-8cdf-d2e541156105<%|%>1b538e31-581d-4e4b-9e31-a85592254754
adffb0f9-0597-48c8-8138-1a9bfc24f4f5<%|%>1b538e31-581d-4e4b-9e31-a85592254754
a679aabe-91d3-4fae-a0fa-2f1f9310421e<%|%>1b538e31-581d-4e4b-9e31-a85592254754
43a976ee-6d3f-470e-bea1-50218b632f72<%|%>1b538e31-581d-4e4b-9e31-a85592254754
68518169-f044-4a34-a143-6a59cd5e69c2<%|%>1b538e31-581d-4e4b-9e31-a85592254754
18a6edca-c9a7-4dc8-bd5b-10c7f1dcf56f<%|%>1b538e31-581d-4e4b-9e31-a85592254754
d4dce256-012e-41fb-acaf-5edb6e4957de<%|%>1b538e31-581d-4e4b-9e31-a85592254754
dd288f47-355b-4897-b7d1-35e9bb9b176b<%|%>1b538e31-581d-4e4b-9e31-a85592254754
95a2c2ff-de18-4e54-a8b7-b1fa2d3b0ca1<%|%>1b579db1-3f95-46ef-8098-b816fceca798
14da1f8b-b464-4a21-ba91-a319927b5fed<%|%>1b538e31-581d-4e4b-9e31-a85592254754
da5591c2-b8ff-4a1c-a8a0-a0798e69bb67<%|%>1b538e31-581d-4e4b-9e31-a85592254754
d6492c19-5afa-4193-a9b1-9a630ae7efd0<%|%>1b538e31-581d-4e4b-9e31-a85592254754
b68246cd-3b55-4ffe-879c-2cb7e2e3839a<%|%>1b538e31-581d-4e4b-9e31-a85592254754
9b14a757-9017-437b-872c-04ee4f1f0f01<%|%>1b579db1-3f95-46ef-8098-b816fceca798
5e38c9e3-1895-4948-8ef4-0ca927e89701<%|%>1b579db1-3f95-46ef-8098-b816fceca798
e554b795-df86-4712-884d-8b574256fe35<%|%>1b538e31-581d-4e4b-9e31-a85592254754
72ddd79c-a63f-4415-905d-c619466fcdc0<%|%>1b538e31-581d-4e4b-9e31-a85592254754
9500ba5e-e5e7-4cac-a1e2-4796403e913d<%|%>1b538e31-581d-4e4b-9e31-a85592254754
dfb05d6d-8c3d-48e9-93c2-8224744c3978<%|%>1b538e31-581d-4e4b-9e31-a85592254754
295293cb-085a-4cd6-acae-8ca3df8a9130<%|%>1b579db1-3f95-46ef-8098-b816fceca798
91be927b-dbb3-4be8-ac81-0a1ef9e35232<%|%>1b579db1-3f95-46ef-8098-b816fceca798
fc2fbfb1-35e7-48e6-9f73-79951fd33fb4<%|%>1b538e31-581d-4e4b-9e31-a85592254754
c7c80d4d-ed86-4e3e-8510-834e47ce2b04<%|%>1b538e31-581d-4e4b-9e31-a85592254754
95d46a3a-62c9-4205-af55-5acade4287b0<%|%>1b579db1-3f95-46ef-8098-b816fceca798
195fa23c-c3d0-4d1f-91ff-75008c1a2464<%|%>1b538e31-581d-4e4b-9e31-a85592254754
78043396-253f-4b43-8631-ee61dff18382<%|%>1b538e31-581d-4e4b-9e31-a85592254754
9db61508-42a5-4ad6-80bd-aa68bb93b765<%|%>1b538e31-581d-4e4b-9e31-a85592254754
dfa00148-0168-4c66-8834-5c27ebe79bb8<%|%>1b538e31-581d-4e4b-9e31-a85592254754
ddeac2fe-4b73-4603-9d0c-41d634e94a3e<%|%>1b538e31-581d-4e4b-9e31-a85592254754
fba6f064-2ad4-42c9-9fb3-5167cc8932cd<%|%>1b538e31-581d-4e4b-9e31-a85592254754
4cd782a9-178d-47aa-83a4-1e3e1c859bc0<%|%>1b538e31-581d-4e4b-9e31-a85592254754
e82c8202-eacc-48d9-b502-373d10a07840<%|%>1b538e31-581d-4e4b-9e31-a85592254754
ff9c35e6-7669-454d-8a61-c58c459dd9a8<%|%>1b538e31-581d-4e4b-9e31-a85592254754
06fd4ec7-9965-484b-bb63-d9faa805834f<%|%>1b538e31-581d-4e4b-9e31-a85592254754
996e286d-e7b9-4c76-9c04-51638a8d7ed2<%|%>1b538e31-581d-4e4b-9e31-a85592254754
0cd346e3-7961-4c06-929a-d7263ee2049b<%|%>1b579db1-3f95-46ef-8098-b816fceca798
9df2c91a-ccb8-4678-9a05-ef0638aa044e<%|%>1b538e31-581d-4e4b-9e31-a85592254754
db99c7d8-5d97-482a-990d-955463a3faa3<%|%>1b538e31-581d-4e4b-9e31-a85592254754
6e78e314-1c51-4642-9a2d-a62fa0c86c4f<%|%>1b538e31-581d-4e4b-9e31-a85592254754
f9cb1180-3477-41d9-a021-2a5ca3b06ebc<%|%>1b538e31-581d-4e4b-9e31-a85592254754
f0773cda-aee1-4c3a-a0c5-32953ea8d042<%|%>1b538e31-581d-4e4b-9e31-a85592254754
66d6066e-e9f1-4fe8-badc-625256b121a5<%|%>1b538e31-581d-4e4b-9e31-a85592254754
0c9f2f2c-be1e-4449-91d7-7ceb87b8dce9<%|%>1b538e31-581d-4e4b-9e31-a85592254754
a8381682-870d-49c4-bb68-beeed9f9bc04<%|%>1b538e31-581d-4e4b-9e31-a85592254754
af63d0bc-02ee-46b4-bf84-ce5fc2db8bc3<%|%>1b538e31-581d-4e4b-9e31-a85592254754
b4a77270-440b-464b-b770-a04c27dc444a<%|%>1b538e31-581d-4e4b-9e31-a85592254754
55472dce-71ae-40b3-acec-45cad47a9641<%|%>1b579db1-3f95-46ef-8098-b816fceca798
0ae14990-3ee6-44dc-bf0f-963b50fa6c8c<%|%>1b579db1-3f95-46ef-8098-b816fceca798
3deece9c-dc34-4f4d-b73e-8ff93b14d828<%|%>1b538e31-581d-4e4b-9e31-a85592254754
27c76b73-6ccf-45fe-bb77-501faf7237a8<%|%>1b538e31-581d-4e4b-9e31-a85592254754
dd90a3f4-296b-4f0e-bb1e-dc11972c83d4<%|%>1b538e31-581d-4e4b-9e31-a85592254754
4a454675-adf0-4362-bb87-b44de2119ad3<%|%>1b538e31-581d-4e4b-9e31-a85592254754
11dc1220-6890-4d4a-877e-b6da2099e639<%|%>1b538e31-581d-4e4b-9e31-a85592254754
927019e3-8f13-429a-ad90-842c358e170d<%|%>1b538e31-581d-4e4b-9e31-a85592254754
9fed78c5-e22a-48af-93c6-4c62484080bf<%|%>1b538e31-581d-4e4b-9e31-a85592254754
71ec1342-5407-433f-8695-c5ea5a149ec1<%|%>1b538e31-581d-4e4b-9e31-a85592254754
3d671e5d-9be3-4eca-a1ad-104c0589ade4<%|%>1b538e31-581d-4e4b-9e31-a85592254754
b65db70f-fe81-4d8c-87aa-ab0b24292aa7<%|%>1b538e31-581d-4e4b-9e31-a85592254754
c922c7a8-4f0f-4120-80c4-02e49a49bbdf<%|%>1b538e31-581d-4e4b-9e31-a85592254754
c9cb3d94-3397-454d-b722-7c1b60018eb5<%|%>fbb6d200-f068-413d-b197-8e65fe5443ef
062c2fae-2aa2-4d31-bf24-ff1c087398c9<%|%>fbb6d200-f068-413d-b197-8e65fe5443ef
f52e8886-9b06-44fb-9c66-7107a37234c2<%|%>fbb6d200-f068-413d-b197-8e65fe5443ef
2d294671-ebdb-486a-9766-c645478fc7ad<%|%>fbb6d200-f068-413d-b197-8e65fe5443ef
e63dac37-aecc-4e7f-ad7b-77104212fe0e<%|%>fbb6d200-f068-413d-b197-8e65fe5443ef
613546d9-103b-4b95-94f7-29f3a06f1caa<%|%>fbb6d200-f068-413d-b197-8e65fe5443ef
b8a28429-18c2-49c5-b189-08e580c9729c<%|%>fbb6d200-f068-413d-b197-8e65fe5443ef
ff0e151d-aa52-4bc2-8f2f-537e67376a7f<%|%>fbb6d200-f068-413d-b197-8e65fe5443ef
7d0b4ae7-0e0e-4444-82cd-68eebea458f9<%|%>fbb6d200-f068-413d-b197-8e65fe5443ef
0dca0d0d-204f-465f-ac87-d7891201619d<%|%>fbb6d200-f068-413d-b197-8e65fe5443ef
fd668f77-295a-4e1d-a764-58fb31ba5331<%|%>1b538e31-581d-4e4b-9e31-a85592254754
ba98c4a1-5bbc-4892-b1a9-ae5919c38de6<%|%>1b538e31-581d-4e4b-9e31-a85592254754
a47d707f-f310-429f-9d10-3a08c8c9a172<%|%>1b538e31-581d-4e4b-9e31-a85592254754
d4637157-5756-47fe-84b4-dccedf41541d<%|%>fbb6d200-f068-413d-b197-8e65fe5443ef
dc26d716-3c64-46ab-9187-237ce6fff147<%|%>fbb6d200-f068-413d-b197-8e65fe5443ef
b8e47c30-b4ef-4b4a-b350-3caf48d6dd31<%|%>fbb6d200-f068-413d-b197-8e65fe5443ef
55646e32-4c7a-4094-b332-091bc4f6e361<%|%>fbb6d200-f068-413d-b197-8e65fe5443ef
64a5a67c-acfc-47a2-a4b8-8204f6ee6fdd<%|%>fbb6d200-f068-413d-b197-8e65fe5443ef
a2c720a6-89b5-4b69-bcea-b9c2768b3bc4<%|%>fbb6d200-f068-413d-b197-8e65fe5443ef
9293c1f9-bb1c-46a9-90df-4811e8dd29c0<%|%>fbb6d200-f068-413d-b197-8e65fe5443ef
72e80860-bb29-450d-b0b3-d1449ae1a293<%|%>1b538e31-581d-4e4b-9e31-a85592254754
e8fed8d4-e1f4-454e-aa82-14d2413c57e1<%|%>1b538e31-581d-4e4b-9e31-a85592254754
3933940f-bf64-4b0f-8fab-72be0d8dff18<%|%>1b538e31-581d-4e4b-9e31-a85592254754
33774410-8408-44fc-829f-ac319f32f05f<%|%>1b538e31-581d-4e4b-9e31-a85592254754
563a0a33-d9b0-47ae-aa7f-4c67c541e573<%|%>1b538e31-581d-4e4b-9e31-a85592254754
12facfd0-4ca7-4780-8da1-a4c41f3ae092<%|%>1b538e31-581d-4e4b-9e31-a85592254754
47896984-3c1a-4478-a61d-84fa5945be9f<%|%>1b538e31-581d-4e4b-9e31-a85592254754
57d4d67e-9792-4128-b7cd-50f3d5effc73<%|%>1b538e31-581d-4e4b-9e31-a85592254754
6884a419-9212-4bf3-98d9-6039df63b8cc<%|%>1b538e31-581d-4e4b-9e31-a85592254754
80429cfc-893b-4380-957b-9d5ee0626fbb<%|%>1b538e31-581d-4e4b-9e31-a85592254754
a75355ac-c37f-4825-bb00-b03bd9adc601<%|%>1b538e31-581d-4e4b-9e31-a85592254754
d9770e5a-813b-447d-9a11-145ebda15fd1<%|%>1b538e31-581d-4e4b-9e31-a85592254754
657307a2-76d6-4357-9429-f63f22b6e52a<%|%>1b538e31-581d-4e4b-9e31-a85592254754
55e58941-fb6c-452c-9a06-1f9f4aedff5b<%|%>1b538e31-581d-4e4b-9e31-a85592254754
68f62afb-4401-44ea-8d73-bf9e156bee71<%|%>1b579db1-3f95-46ef-8098-b816fceca798
79867050-9735-45c5-bc28-bdb5614987e7<%|%>1b538e31-581d-4e4b-9e31-a85592254754
d0596c2c-c6d3-47a3-8f91-2a2429275d5d<%|%>1b538e31-581d-4e4b-9e31-a85592254754
36a25ad5-12f6-4c0b-99a8-0d2ec05623a5<%|%>1b538e31-581d-4e4b-9e31-a85592254754
39b318b4-2a42-4544-9c38-ee0170479c65<%|%>1b538e31-581d-4e4b-9e31-a85592254754
d943f3f2-ea27-478e-a4d6-4feed734eade<%|%>1b538e31-581d-4e4b-9e31-a85592254754
c0c6e867-222f-4327-980e-f9bfd18f12ae<%|%>1b538e31-581d-4e4b-9e31-a85592254754
02af8173-66c9-4221-9629-a8a7b6cdf3b9<%|%>1b538e31-581d-4e4b-9e31-a85592254754
2bda6b54-1774-4337-957c-89da037d05f7<%|%>1b538e31-581d-4e4b-9e31-a85592254754
2ab65467-e385-467f-b950-ffceecbced9f<%|%>1b538e31-581d-4e4b-9e31-a85592254754
80cd966e-36d1-45c4-ba5d-2aa26d3d6477<%|%>1b538e31-581d-4e4b-9e31-a85592254754
17a1ac5e-8cb4-4eda-81ac-7556cb7c60bb<%|%>1b538e31-581d-4e4b-9e31-a85592254754
87dbf836-a3bc-4b45-958b-31ac878eba40<%|%>1b538e31-581d-4e4b-9e31-a85592254754
6f02368c-c3d0-4767-b1f0-367621fe61ed<%|%>1b538e31-581d-4e4b-9e31-a85592254754
62266deb-66f7-4a66-acdb-83222ef40fe9<%|%>1b538e31-581d-4e4b-9e31-a85592254754
4f36443d-0940-4a1c-96a9-ef5efc9970f9<%|%>1b538e31-581d-4e4b-9e31-a85592254754
1bfaa654-686d-4a0a-8bae-afc986525532<%|%>1b538e31-581d-4e4b-9e31-a85592254754
b3538cba-fcb4-4b7b-b681-b2e4b1676771<%|%>1b538e31-581d-4e4b-9e31-a85592254754
6dc6b77e-027b-4441-9e56-c11e0f9c1a7c<%|%>1b538e31-581d-4e4b-9e31-a85592254754
bd637ae5-ca77-4d5e-b1c7-8e21a2c4130f<%|%>1b538e31-581d-4e4b-9e31-a85592254754
c0f2f896-8d97-4169-9825-e30663edeb09<%|%>1b538e31-581d-4e4b-9e31-a85592254754
32441d7f-4e47-4d77-93c0-99fa15eb43a1<%|%>1b538e31-581d-4e4b-9e31-a85592254754
07a5da84-f442-4dca-b1f0-17806f16a0de<%|%>1b538e31-581d-4e4b-9e31-a85592254754
b184202d-c744-4d4d-baba-fc0467a70f99<%|%>1b538e31-581d-4e4b-9e31-a85592254754
45059402-3193-4ea7-8b94-5a94400e44ca<%|%>1b538e31-581d-4e4b-9e31-a85592254754
4947f52f-3afc-4fc0-b8d0-7a577921a8f5<%|%>1b538e31-581d-4e4b-9e31-a85592254754
2a7df5e7-b7d2-4154-a1a2-26663ad539f6<%|%>1b538e31-581d-4e4b-9e31-a85592254754
d2fea8ce-2fce-4abe-8535-1331fb041536<%|%>1b538e31-581d-4e4b-9e31-a85592254754
d86a9024-865d-4df9-ab82-3f3a23b1dd30<%|%>1b538e31-581d-4e4b-9e31-a85592254754
4030c69b-7142-44b0-b474-10e250b05d9b<%|%>1b538e31-581d-4e4b-9e31-a85592254754
ac1aecea-4aea-4f85-a981-196229c3087b<%|%>1b538e31-581d-4e4b-9e31-a85592254754
803560a4-a70c-4503-b2cf-cfa52b2f3ffb<%|%>1b538e31-581d-4e4b-9e31-a85592254754
5038c2af-742c-445d-9fdd-d1d8de518ad5<%|%>1b538e31-581d-4e4b-9e31-a85592254754
9c865689-927a-4216-89f8-34150ee82572<%|%>1b538e31-581d-4e4b-9e31-a85592254754
c42c7472-7772-4880-bcc1-9091ecebd2ce<%|%>1b538e31-581d-4e4b-9e31-a85592254754
5ce0c0eb-1e72-405b-9510-9610cd30e896<%|%>1b538e31-581d-4e4b-9e31-a85592254754
eb569bdd-f1d3-4147-8226-c8a516293af7<%|%>1b538e31-581d-4e4b-9e31-a85592254754
202caf65-5ad7-4ba3-92f4-7ca41aad146c<%|%>1b538e31-581d-4e4b-9e31-a85592254754
8575002a-77b7-4761-a978-caab0915b273<%|%>1b538e31-581d-4e4b-9e31-a85592254754
2b0befc1-7b70-4f03-8376-e801f46ed923<%|%>1b538e31-581d-4e4b-9e31-a85592254754
3b5bd426-641d-4d8b-bf5c-a4f97de9ffdc<%|%>1b538e31-581d-4e4b-9e31-a85592254754
475d0ef6-7319-4055-bd4d-f94f6f242e26<%|%>1b538e31-581d-4e4b-9e31-a85592254754
d774cbcf-21f6-4153-9248-8441d9b0e20e<%|%>1b538e31-581d-4e4b-9e31-a85592254754
11c61200-0cd0-4cad-85ae-e0e66baaf17d<%|%>1b538e31-581d-4e4b-9e31-a85592254754
54465da6-88e2-4de4-8d98-aba3a16f3a7c<%|%>1b538e31-581d-4e4b-9e31-a85592254754
b1371482-eb38-4543-9ca5-c1b0c3a22690<%|%>1b538e31-581d-4e4b-9e31-a85592254754
cb310d69-e692-4f03-b2e9-635640fc32c7<%|%>1b538e31-581d-4e4b-9e31-a85592254754
b4e674b2-d4e3-41f5-b60c-47078ea4f3e4<%|%>1b538e31-581d-4e4b-9e31-a85592254754
43259d96-b584-4439-9cba-3e7b76173bce<%|%>1b538e31-581d-4e4b-9e31-a85592254754
d76386ea-83f2-48c1-a4fe-5c2e27423e4a<%|%>1b538e31-581d-4e4b-9e31-a85592254754
fcc413e3-9dbe-4eaf-a40b-a5f9b5a3a57a<%|%>1b538e31-581d-4e4b-9e31-a85592254754
dbdce5d4-e29f-4334-8d53-7d56475a99fe<%|%>1b538e31-581d-4e4b-9e31-a85592254754
1f724865-d383-43aa-bdde-082182e08db2<%|%>1b538e31-581d-4e4b-9e31-a85592254754
943ecce0-825a-468f-b6ac-40f03e99a0d9<%|%>1b538e31-581d-4e4b-9e31-a85592254754
8a2c921b-a4b9-4d08-8b97-c7d3332f2b1e<%|%>1b538e31-581d-4e4b-9e31-a85592254754
da304fa9-cd3c-494f-a199-18f347b6703f<%|%>1b538e31-581d-4e4b-9e31-a85592254754
a474ba00-9037-4919-91e0-087dc0a3137b<%|%>1b538e31-581d-4e4b-9e31-a85592254754
f228dfe9-12fb-42f6-9d5c-f07de5d818e0<%|%>1b538e31-581d-4e4b-9e31-a85592254754
38e3f1c1-000d-4fe9-947e-115c73bba617<%|%>1b538e31-581d-4e4b-9e31-a85592254754
553c1a4e-0f65-47e1-93ca-1a90610dd2e2<%|%>1b538e31-581d-4e4b-9e31-a85592254754
0c44c9ec-75f5-48cd-9a52-01b295f98476<%|%>1b538e31-581d-4e4b-9e31-a85592254754
95cbef42-7f71-492d-bea8-4008c5facae4<%|%>1b538e31-581d-4e4b-9e31-a85592254754
4d4e8720-195a-4b6f-92e8-9dcc2c100828<%|%>1b538e31-581d-4e4b-9e31-a85592254754
69b3f66d-996f-4258-a75c-667eac2c0fcd<%|%>1b538e31-581d-4e4b-9e31-a85592254754
080b25eb-2dec-48bf-8e7c-0718f8809100<%|%>1b538e31-581d-4e4b-9e31-a85592254754
ebfa6ea7-6d73-44fa-9c76-92abf1c1cbc1<%|%>1b538e31-581d-4e4b-9e31-a85592254754
87ac93cd-fecd-4e21-bd69-4d1e8ee5ef47<%|%>1b538e31-581d-4e4b-9e31-a85592254754
2bc5e5fb-d8ad-47f9-946b-7050e27c6be7<%|%>1b538e31-581d-4e4b-9e31-a85592254754
8268051f-b79a-49b4-832d-6c26bff96add<%|%>1b538e31-581d-4e4b-9e31-a85592254754
b37b309d-7d17-4544-9668-d1e1d1ba698a<%|%>1b538e31-581d-4e4b-9e31-a85592254754
bba840c2-2aee-49e4-902d-224d2ca74fe3<%|%>1b538e31-581d-4e4b-9e31-a85592254754
423b17f6-4bbb-4a74-96d4-de86b07ccae3<%|%>1b538e31-581d-4e4b-9e31-a85592254754
12ad79b8-4f73-4a3c-981f-9ca177b91d41<%|%>1b538e31-581d-4e4b-9e31-a85592254754
ec927d73-a577-4cee-8283-7cad9e0ded1a<%|%>1b538e31-581d-4e4b-9e31-a85592254754
8e114b07-4f80-458f-99dd-c457a8c2e72b<%|%>1b538e31-581d-4e4b-9e31-a85592254754
df846e34-2982-412f-a795-402cba5e8df0<%|%>1b538e31-581d-4e4b-9e31-a85592254754
c09f453e-661a-425b-8191-98881ff96d89<%|%>1b579db1-3f95-46ef-8098-b816fceca798
e2a426af-c007-4ba4-aa7d-a0c625038ed6<%|%>1b538e31-581d-4e4b-9e31-a85592254754
99a8624d-3c97-4984-b1c1-568bdd44991c<%|%>1b538e31-581d-4e4b-9e31-a85592254754
3f3a57e4-531e-4655-9d91-ad08b729d772<%|%>1b538e31-581d-4e4b-9e31-a85592254754
bba38896-38e6-4e71-8865-c615a3f5f520<%|%>1b538e31-581d-4e4b-9e31-a85592254754
5b4f4b80-4119-4bc6-87b1-610b13a57244<%|%>1b538e31-581d-4e4b-9e31-a85592254754
427ca596-9a94-4f4f-92d2-469417f00466<%|%>1b538e31-581d-4e4b-9e31-a85592254754
ba85e1e1-5b79-426e-8a6f-6bf338acf261<%|%>1b538e31-581d-4e4b-9e31-a85592254754
23f99c3a-6286-4338-a72f-7d2808c3b6b6<%|%>1b538e31-581d-4e4b-9e31-a85592254754
f830b0b5-4082-4505-ad39-d35879664445<%|%>1b538e31-581d-4e4b-9e31-a85592254754
206b3ad0-7aa3-4075-b72a-d534eea7e411<%|%>1b538e31-581d-4e4b-9e31-a85592254754
a1d13efa-4c82-4ece-beaa-2989ffbe4443<%|%>1b538e31-581d-4e4b-9e31-a85592254754
d1a33baf-b958-48b5-8b67-67862fb5fc14<%|%>1b538e31-581d-4e4b-9e31-a85592254754
cc0e17b7-bc43-473c-8dec-e450628b2d0d<%|%>1b538e31-581d-4e4b-9e31-a85592254754
02d00f6b-fc13-45be-9e18-d0532ea31ab0<%|%>1b538e31-581d-4e4b-9e31-a85592254754
abeb8544-8876-4d02-b4f1-2b8855446765<%|%>1b538e31-581d-4e4b-9e31-a85592254754
166e18a4-5bc3-49b0-87bc-12e4b5921ab9<%|%>1b538e31-581d-4e4b-9e31-a85592254754
fadc5906-9293-449a-8829-1431cfa44821<%|%>1b538e31-581d-4e4b-9e31-a85592254754
9297c271-94de-47c6-bc9c-c93cda9b7709<%|%>1b538e31-581d-4e4b-9e31-a85592254754
9cb754cd-c430-44d1-b7ab-f0c349a72cdb<%|%>1b538e31-581d-4e4b-9e31-a85592254754
7e5e3ba4-4461-4e4e-9a7e-17dc1675395c<%|%>1b538e31-581d-4e4b-9e31-a85592254754
de512ad8-3ac8-4e46-9069-2a9bc573a1c8<%|%>1b538e31-581d-4e4b-9e31-a85592254754
bbb282f1-60dd-4e85-bdac-b904c45635f3<%|%>1b538e31-581d-4e4b-9e31-a85592254754
febed41a-0ba8-40af-9955-3d812601790b<%|%>1b538e31-581d-4e4b-9e31-a85592254754
f41c6a7e-66b3-4e62-b7dc-bcee1d67803e<%|%>1b538e31-581d-4e4b-9e31-a85592254754
ca03c850-ff4f-446f-b57b-197a213fd3f7<%|%>1b538e31-581d-4e4b-9e31-a85592254754
e8461f0d-b953-4778-a0e0-91369be387b5<%|%>1b538e31-581d-4e4b-9e31-a85592254754
2e10a65d-6b07-4ff8-8261-eb4b640dd2a5<%|%>1b538e31-581d-4e4b-9e31-a85592254754
59c35ef7-81fb-41d7-becc-1f9309b43769<%|%>1b538e31-581d-4e4b-9e31-a85592254754
a037ac31-e430-4203-af7c-ef3b58ec34bb<%|%>1b538e31-581d-4e4b-9e31-a85592254754
826ca039-7322-4cc8-8387-553c48bf58a9<%|%>1b538e31-581d-4e4b-9e31-a85592254754
dee18afc-5109-4505-bd42-c5428581a0fc<%|%>1b538e31-581d-4e4b-9e31-a85592254754
74c391ad-ac18-49e0-af42-a46575462fc6<%|%>1b538e31-581d-4e4b-9e31-a85592254754
1d78e6a1-8a19-404d-a243-89a3519651a6<%|%>1b538e31-581d-4e4b-9e31-a85592254754
b164992c-f2c7-4ed1-969f-d6501b78de09<%|%>1b538e31-581d-4e4b-9e31-a85592254754
3fe44a6c-a3ea-411b-86e3-45c51d3b0eec<%|%>1b538e31-581d-4e4b-9e31-a85592254754
a0a784ee-0b5e-49de-b3d0-6d650dc3e9c9<%|%>1b538e31-581d-4e4b-9e31-a85592254754
a8ebb05d-b766-40c1-b8a7-9d9186ea2933<%|%>1b538e31-581d-4e4b-9e31-a85592254754
6e170764-bb14-4815-9914-b60d281a06fc<%|%>1b538e31-581d-4e4b-9e31-a85592254754
20101cef-ecc5-407c-ac9a-e93fc6437ded<%|%>1b538e31-581d-4e4b-9e31-a85592254754
d20992f2-227b-4b21-a56f-334828c2578f<%|%>1b538e31-581d-4e4b-9e31-a85592254754
aeeebd0d-90fb-48ec-8e1d-663e6caba950<%|%>1b538e31-581d-4e4b-9e31-a85592254754
d632c847-4e53-4f64-99a8-f0ff80875b1f<%|%>1b538e31-581d-4e4b-9e31-a85592254754
975cab18-f0b7-460c-ab1b-794d100db5fc<%|%>1b538e31-581d-4e4b-9e31-a85592254754
fa5f38e9-4cc7-4014-9101-f0a07b6dfe3c<%|%>1b538e31-581d-4e4b-9e31-a85592254754
ba0e659d-189e-4ab9-8842-a2813aa49aaf<%|%>1b538e31-581d-4e4b-9e31-a85592254754
4534b3de-e4a7-45e4-a0c0-e8552a04c5ae<%|%>1b538e31-581d-4e4b-9e31-a85592254754
4256e919-8e05-4b4a-bf25-0cc4827b763b<%|%>1b538e31-581d-4e4b-9e31-a85592254754
9fa13d2b-da8a-4e60-ade8-9301d24379d8<%|%>1b538e31-581d-4e4b-9e31-a85592254754
4b806aa1-e428-481b-8355-5d0d456ff106<%|%>1b538e31-581d-4e4b-9e31-a85592254754
59aa261e-cc67-4ef5-bad4-20d278a4c07b<%|%>1b538e31-581d-4e4b-9e31-a85592254754
f6c63f0c-c34b-4269-a1f5-1f265bbdf192<%|%>1b538e31-581d-4e4b-9e31-a85592254754
6765b032-51b9-403d-bd60-2081967df8f9<%|%>1b538e31-581d-4e4b-9e31-a85592254754
db57ffe1-14eb-447c-878d-a89352dfcbfc<%|%>1b538e31-581d-4e4b-9e31-a85592254754
cc0d1fd0-5368-4c9b-8dc8-e1f612f1265b<%|%>1b538e31-581d-4e4b-9e31-a85592254754
26da6ba2-2141-4050-bfda-cb06225dfc60<%|%>1b538e31-581d-4e4b-9e31-a85592254754
1f8cb8f0-a1a2-494e-947d-707c0f6056f0<%|%>1b538e31-581d-4e4b-9e31-a85592254754
dbc2d4ff-a6c6-4c19-9ae6-c923c57c6636<%|%>1b538e31-581d-4e4b-9e31-a85592254754
c9393c07-fef9-4a18-b75a-6a4a07e5fb6e<%|%>1b538e31-581d-4e4b-9e31-a85592254754
b8a76179-39c5-4e24-b808-418be423aa9b<%|%>1b538e31-581d-4e4b-9e31-a85592254754
7e9a0e12-e5b1-4393-97e5-a8c2ad6f88c5<%|%>1b538e31-581d-4e4b-9e31-a85592254754
f09bfcb0-ede9-49cd-ac22-d8365899968c<%|%>1b538e31-581d-4e4b-9e31-a85592254754
d87e748c-b9b2-46fc-9b7b-f0e16bcbaeea<%|%>1b538e31-581d-4e4b-9e31-a85592254754
08db1ad6-fceb-4427-b1a2-7b881f2f80c2<%|%>1b538e31-581d-4e4b-9e31-a85592254754
34894b5c-23ad-4e74-8b4c-433c3363c957<%|%>1b538e31-581d-4e4b-9e31-a85592254754
c48f54de-6017-4bef-9992-59dc8e807810<%|%>1b538e31-581d-4e4b-9e31-a85592254754
22d123a0-77b4-4488-ba0e-60951c485b6d<%|%>1b538e31-581d-4e4b-9e31-a85592254754
9aeb39fc-0195-4d00-9b82-83d7fe5ad26a<%|%>1b538e31-581d-4e4b-9e31-a85592254754
9ef84faf-3e2f-4a92-92b7-387fd99409b0<%|%>1b538e31-581d-4e4b-9e31-a85592254754
d313d62c-987e-44bd-b53e-bf68bedb9ba0<%|%>1b538e31-581d-4e4b-9e31-a85592254754
b0a0aec6-fe1d-4f3c-b05b-38b85c4680f3<%|%>1b538e31-581d-4e4b-9e31-a85592254754
3f2ab20a-b4a3-4efa-a2f6-31cfcbb503fe<%|%>1b538e31-581d-4e4b-9e31-a85592254754
04ce05de-8b44-4c09-9bc4-674bbd672df0<%|%>1b538e31-581d-4e4b-9e31-a85592254754
e88ec97a-9ad5-43a7-8101-d13d447c77a9<%|%>1b538e31-581d-4e4b-9e31-a85592254754
60b41e5b-ec14-4ce9-9662-4b860bfe9657<%|%>1b538e31-581d-4e4b-9e31-a85592254754
5a9a50ac-f86b-4f83-bb03-82b5df192cda<%|%>1b538e31-581d-4e4b-9e31-a85592254754
d65c908d-6555-485e-9b72-354db33f8c11<%|%>1b538e31-581d-4e4b-9e31-a85592254754
96dc544f-4f2b-4739-bf81-b1dd078ffd22<%|%>1b538e31-581d-4e4b-9e31-a85592254754
01e7d195-cefb-48ac-8afb-3b7eeabd062a<%|%>1b538e31-581d-4e4b-9e31-a85592254754
4e10492b-253c-42ab-aba6-04e943590e9e<%|%>1b538e31-581d-4e4b-9e31-a85592254754
f4577cd4-6b45-444e-a411-a05117822b6a<%|%>1b538e31-581d-4e4b-9e31-a85592254754
9509d155-1762-4077-9991-3447968b9657<%|%>1b538e31-581d-4e4b-9e31-a85592254754
2bb17ad4-90d0-45ed-b0ed-0c36553d5463<%|%>1b538e31-581d-4e4b-9e31-a85592254754
ce0ea961-73dd-44b8-9289-e8be80148335<%|%>1b538e31-581d-4e4b-9e31-a85592254754
070d3e02-457d-4d9e-ac91-1986e38c2834<%|%>1b538e31-581d-4e4b-9e31-a85592254754
396e8eb6-8f0d-4510-8f5d-1e71ff961248<%|%>1b538e31-581d-4e4b-9e31-a85592254754
a1761b4d-7848-4a47-bb7c-3b1bcbac8ef6<%|%>1b538e31-581d-4e4b-9e31-a85592254754
dbf7ce56-1bd0-4fb3-ada7-a41e4ae66bd3<%|%>1b538e31-581d-4e4b-9e31-a85592254754
34468c46-fb8d-4061-ace2-375b0a21b178<%|%>1b538e31-581d-4e4b-9e31-a85592254754
71d98f6b-edf4-4226-b4ea-8a21aa63079f<%|%>1b538e31-581d-4e4b-9e31-a85592254754
aa10101a-5550-422e-8e3a-53bfa8dfdf5f<%|%>1b538e31-581d-4e4b-9e31-a85592254754
d61d47f4-fdaa-4539-8f0f-599fd74087a0<%|%>1b538e31-581d-4e4b-9e31-a85592254754
48bf6ed4-6057-458c-92e7-85ee2bba9c29<%|%>1b538e31-581d-4e4b-9e31-a85592254754
5315a46d-3378-436d-b4bf-111899f8312f<%|%>1b538e31-581d-4e4b-9e31-a85592254754
6582e70f-298e-4295-85aa-c0fc9c224e2e<%|%>1b538e31-581d-4e4b-9e31-a85592254754
c3340f3c-6c02-4882-b0ad-8e25a3377f08<%|%>1b538e31-581d-4e4b-9e31-a85592254754
2621e18c-2e58-43cd-9e47-c547a8637a9c<%|%>1b538e31-581d-4e4b-9e31-a85592254754
46c45e23-2728-4cdf-9a1f-b1df5d855561<%|%>1b538e31-581d-4e4b-9e31-a85592254754
28c37bc1-627f-43d9-a206-74a491ca4dc5<%|%>1b538e31-581d-4e4b-9e31-a85592254754
1435b170-85d5-4c83-ae50-ef1bb2621949<%|%>1b538e31-581d-4e4b-9e31-a85592254754
b735808a-e8ed-48b0-b8d8-3a0ab3bd4c0a<%|%>1b538e31-581d-4e4b-9e31-a85592254754
c38469c3-0024-4d05-b014-a761cc8b62df<%|%>1b538e31-581d-4e4b-9e31-a85592254754
1bc04391-dc84-4a68-95cb-02578f903f27<%|%>1b538e31-581d-4e4b-9e31-a85592254754
30a3521f-639f-4444-b086-52d48180e52d<%|%>1b538e31-581d-4e4b-9e31-a85592254754
f2b4f92a-e483-42a3-8652-4e921da1862a<%|%>1b538e31-581d-4e4b-9e31-a85592254754
d2fad3f3-a729-43c2-a1d0-81ab62d84c9d<%|%>1b538e31-581d-4e4b-9e31-a85592254754
88dc2b55-bb8d-4ae7-8cc9-82a7de277787<%|%>1b538e31-581d-4e4b-9e31-a85592254754
14705d51-78e3-4851-a352-8b35d4d1cd69<%|%>1b538e31-581d-4e4b-9e31-a85592254754
efce8479-22fa-4fe2-a0c5-e4a62a010d01<%|%>1b538e31-581d-4e4b-9e31-a85592254754
7a4037f6-899e-49ed-9d50-ee2393ddd5ab<%|%>1b538e31-581d-4e4b-9e31-a85592254754
b6b89eb9-5073-4287-bd47-522f653b0cac<%|%>1b538e31-581d-4e4b-9e31-a85592254754
15a1d451-b76c-4de5-85cc-9c55335348e5<%|%>1b538e31-581d-4e4b-9e31-a85592254754
c450e03a-f600-48d4-92a3-357183d57635<%|%>1b538e31-581d-4e4b-9e31-a85592254754
9b78a2a1-ff6d-4549-916d-47723ac0eeb4<%|%>1b538e31-581d-4e4b-9e31-a85592254754
b77938be-f63d-43d4-b3d3-b11830d26d13<%|%>1b538e31-581d-4e4b-9e31-a85592254754
403701c4-23f7-493c-a520-481131c2d311<%|%>1b538e31-581d-4e4b-9e31-a85592254754
4e8b31cf-d835-4b3c-a721-ce983be33727<%|%>1b538e31-581d-4e4b-9e31-a85592254754
a451f230-8e35-4ece-96b8-420b09d47e96<%|%>1b538e31-581d-4e4b-9e31-a85592254754
8eda75bc-7dcd-47b6-9621-a5ed2913b277<%|%>1b538e31-581d-4e4b-9e31-a85592254754
bd514f8b-7a03-4c7f-8829-5e96905b288b<%|%>1b538e31-581d-4e4b-9e31-a85592254754
af933fbf-b531-49d7-a7bc-8ec5dc128e16<%|%>1b538e31-581d-4e4b-9e31-a85592254754
f30d6572-db4b-452b-b220-a67b589674e2<%|%>1b538e31-581d-4e4b-9e31-a85592254754
511f50ea-9d95-41d1-a673-ce5551cc7d63<%|%>1b538e31-581d-4e4b-9e31-a85592254754
7c6668df-0c51-417b-8d0e-56a0f0d1f0b5<%|%>1b538e31-581d-4e4b-9e31-a85592254754
4b63c378-bf7f-42f3-9f2c-8e526f145ba4<%|%>1b538e31-581d-4e4b-9e31-a85592254754
e3f842aa-9ac2-4425-86a2-a6ebad886f1c<%|%>1b538e31-581d-4e4b-9e31-a85592254754
05f3b549-3893-4344-a0e0-8d134b919cbe<%|%>1b538e31-581d-4e4b-9e31-a85592254754
6cb506e0-7d2c-4d86-8078-4e74877e2ffc<%|%>1b538e31-581d-4e4b-9e31-a85592254754
bae6a415-1b35-4bf8-93de-8ff520149b09<%|%>1b538e31-581d-4e4b-9e31-a85592254754
bc2396db-d787-419e-98e1-a3879e77c453<%|%>1b538e31-581d-4e4b-9e31-a85592254754
bb493352-8646-4702-b42e-3e74dc76e481<%|%>1b538e31-581d-4e4b-9e31-a85592254754
98cae64a-2806-4c8c-9858-eba72d4224a7<%|%>1b538e31-581d-4e4b-9e31-a85592254754
bed0a876-d4ca-4c36-a34f-777a82ab93d0<%|%>1b538e31-581d-4e4b-9e31-a85592254754
5d73f942-6454-41df-95f7-45b1b0312408<%|%>1b538e31-581d-4e4b-9e31-a85592254754
215f6587-2612-494d-9346-f7d166feca32<%|%>1b538e31-581d-4e4b-9e31-a85592254754
6b724a41-487c-474d-84bc-9238789e23a1<%|%>1b538e31-581d-4e4b-9e31-a85592254754
c48a6c0d-bc34-4256-96e7-b044476a632b<%|%>1b538e31-581d-4e4b-9e31-a85592254754
1bec1668-677f-4e0a-9918-83f2f7b22d48<%|%>1b538e31-581d-4e4b-9e31-a85592254754
761e361c-4a8e-4c58-84fe-72863a9c8b9a<%|%>1b538e31-581d-4e4b-9e31-a85592254754
fb0bcb71-be94-428a-a90b-9ea34b5a2904<%|%>1b538e31-581d-4e4b-9e31-a85592254754
c7d12949-3211-413c-b360-48accefa8a95<%|%>1b538e31-581d-4e4b-9e31-a85592254754
44d437cc-092c-46e3-93fb-d6bb52ab650a<%|%>1b538e31-581d-4e4b-9e31-a85592254754
6ac9e6c3-acb9-4352-a50e-9a73353e18ac<%|%>1b538e31-581d-4e4b-9e31-a85592254754
4cbbd375-6c14-499b-9254-4d44e827192f<%|%>1b538e31-581d-4e4b-9e31-a85592254754
7957f870-f1d7-4287-a8d9-fcaac24c56d6<%|%>1b538e31-581d-4e4b-9e31-a85592254754
5372bef1-a256-4f3f-bd0a-d39ccc3ece54<%|%>1b538e31-581d-4e4b-9e31-a85592254754
440b49e5-419d-484c-a5cf-30d5a114005a<%|%>1b538e31-581d-4e4b-9e31-a85592254754
ce2c98cd-8a38-49ef-94bf-c61786a1c73c<%|%>1b538e31-581d-4e4b-9e31-a85592254754
9bcfc972-5b97-491f-8375-7481fc066fe9<%|%>1b579db1-3f95-46ef-8098-b816fceca798
2cae1bb8-dfe7-4b1f-8e61-aa2edcf2f041<%|%>1b538e31-581d-4e4b-9e31-a85592254754
1d5fc5d5-83e4-4220-8811-53d925a3554c<%|%>1b538e31-581d-4e4b-9e31-a85592254754
d4e36815-cf49-4ba8-9b10-61036ea2a8fc<%|%>1b538e31-581d-4e4b-9e31-a85592254754
1e4ca52b-4e3b-4889-b288-4845b30d8a8a<%|%>1b538e31-581d-4e4b-9e31-a85592254754
2de0a653-fb3d-4c4e-b32a-51c37e524a9e<%|%>1b538e31-581d-4e4b-9e31-a85592254754
39ef42fb-bec9-4df8-8a79-6416fb592b7a<%|%>1b538e31-581d-4e4b-9e31-a85592254754
c5f0aa19-41b8-4f4c-9dec-a68a80090029<%|%>1b538e31-581d-4e4b-9e31-a85592254754
f8e9e655-4552-4255-b50c-871a6c04aa53<%|%>1b538e31-581d-4e4b-9e31-a85592254754
5e4ece1a-1bc0-463f-95c7-a1894c41cdce<%|%>1b538e31-581d-4e4b-9e31-a85592254754
5add3e64-b4b2-4d57-abfa-5a782ccd50aa<%|%>1b538e31-581d-4e4b-9e31-a85592254754
e73d60d0-f655-4a8d-9322-fcc915cb4a04<%|%>1b538e31-581d-4e4b-9e31-a85592254754
f99615dd-c7b5-4e78-8e0a-0cd4de38aa63<%|%>1b538e31-581d-4e4b-9e31-a85592254754
e0436e29-4621-43f9-81b5-01f5c08f0094<%|%>1b538e31-581d-4e4b-9e31-a85592254754
411180df-9fc0-4efe-808e-c090b84811e7<%|%>1b538e31-581d-4e4b-9e31-a85592254754
12c02246-c9b9-4f0c-b0f4-0284f150ff75<%|%>fbb6d200-f068-413d-b197-8e65fe5443ef
5e705626-ea92-4632-828c-00b7bb9c7860<%|%>1b538e31-581d-4e4b-9e31-a85592254754
7ee448e9-2b7e-4d10-b578-70f0677f53ea<%|%>1b538e31-581d-4e4b-9e31-a85592254754
48fa47d9-3661-4b0a-aa56-1599cbfe64aa<%|%>1b538e31-581d-4e4b-9e31-a85592254754
f9843461-da9d-4237-ba5d-493bdb8a09ac<%|%>1b538e31-581d-4e4b-9e31-a85592254754
ec304189-1815-42f4-9923-e922531cd199<%|%>1b538e31-581d-4e4b-9e31-a85592254754
0f47ed74-7abe-4db2-8eb5-5d5952a2de4a<%|%>1b538e31-581d-4e4b-9e31-a85592254754
e00bbc33-9989-4a91-9bb4-f51b9ebaf065<%|%>1b538e31-581d-4e4b-9e31-a85592254754
84d6060e-3416-40bb-9122-3baee62934e1<%|%>1b538e31-581d-4e4b-9e31-a85592254754
8446e1b3-b39b-4811-8823-114059ef8f9f<%|%>1b538e31-581d-4e4b-9e31-a85592254754
c7170bff-0470-4797-8a9f-f0f65b000187<%|%>1b538e31-581d-4e4b-9e31-a85592254754
5e81637f-e174-4029-bc8d-d06b70c53d24<%|%>1b538e31-581d-4e4b-9e31-a85592254754
d2c6aa37-72d2-4f2f-bd1f-fe0f8cac7ed1<%|%>1b538e31-581d-4e4b-9e31-a85592254754
e96d8784-2393-4c8b-a632-0f2e4b4b194e<%|%>1b538e31-581d-4e4b-9e31-a85592254754
e937b09a-52cd-498c-b328-19e194dce4e9<%|%>1b538e31-581d-4e4b-9e31-a85592254754
9741a5e5-4041-44bf-bb1f-e9a91b10c2dd<%|%>1b538e31-581d-4e4b-9e31-a85592254754
d9c3b370-c79a-40b6-bfdc-f38a982b3a31<%|%>1b538e31-581d-4e4b-9e31-a85592254754
95ec7226-0b42-4cb5-9ab8-0e12691e4e60<%|%>1b538e31-581d-4e4b-9e31-a85592254754
8ae43e49-9d01-4677-b072-5ec968cae5d0<%|%>1b538e31-581d-4e4b-9e31-a85592254754
3436e8c8-0995-459d-b6f1-dfa174a565e2<%|%>1b538e31-581d-4e4b-9e31-a85592254754
1805357b-7672-401e-8e76-d89b33e25096<%|%>1b538e31-581d-4e4b-9e31-a85592254754
ac7f73b4-7b2b-4544-96db-67b1d211de19<%|%>1b538e31-581d-4e4b-9e31-a85592254754
7ce7fb00-e407-4fec-b62c-e0a8aee95ea6<%|%>1b538e31-581d-4e4b-9e31-a85592254754
bc828ed8-cd25-485e-9a91-dbd2068f616d<%|%>1b538e31-581d-4e4b-9e31-a85592254754
647903c8-e2eb-4425-b6c3-6022a4ab0e0f<%|%>1b538e31-581d-4e4b-9e31-a85592254754
d49608df-9f82-4662-ae07-8e5844ccaf01<%|%>1b538e31-581d-4e4b-9e31-a85592254754
37976af3-5a8b-44a5-a6e2-a9c28607ef0d<%|%>1b538e31-581d-4e4b-9e31-a85592254754
50df4c09-fc9a-4aa3-b9c8-f612ce80bd85<%|%>1b538e31-581d-4e4b-9e31-a85592254754
13d96dc3-052b-4b17-9cf3-70e22a3f8aa8<%|%>1b538e31-581d-4e4b-9e31-a85592254754
4458ea47-73fb-47eb-a9c7-0fe41a2d99e8<%|%>1b538e31-581d-4e4b-9e31-a85592254754
28d579ee-32cd-4106-9d51-b1c4c3f5d3d3<%|%>1b538e31-581d-4e4b-9e31-a85592254754
6f46ee18-dd90-4d99-902c-3b2d237fc379<%|%>1b538e31-581d-4e4b-9e31-a85592254754
49ac0615-3724-4f97-b581-ff1dfdc90fe9<%|%>1b538e31-581d-4e4b-9e31-a85592254754
598f2cca-ce8a-4592-9cba-503e6c2be937<%|%>1b538e31-581d-4e4b-9e31-a85592254754
70895864-7288-47f3-953f-390dee2de04d<%|%>1b538e31-581d-4e4b-9e31-a85592254754
89b5c074-c1c6-4974-9a54-82a3eb0ca255<%|%>1b538e31-581d-4e4b-9e31-a85592254754
0223565b-c84c-44ac-866d-3b9cfd87f03a<%|%>1b538e31-581d-4e4b-9e31-a85592254754
7c560c81-42d7-4693-b4b1-8ab7f9bf27fd<%|%>1b538e31-581d-4e4b-9e31-a85592254754
cf105cba-3a30-4d53-a0f8-1ebc29910419<%|%>1b538e31-581d-4e4b-9e31-a85592254754
144c4ef0-48b4-4b47-a1ae-c372a7de23a7<%|%>1b538e31-581d-4e4b-9e31-a85592254754
b2cb22c2-5f44-4f36-972d-1e49fb9c2290<%|%>1b538e31-581d-4e4b-9e31-a85592254754
d45d3c99-2f62-470a-85b5-c169ddcfbd57<%|%>1b538e31-581d-4e4b-9e31-a85592254754
6aca581e-1ed1-4021-b01d-f532df851094<%|%>1b538e31-581d-4e4b-9e31-a85592254754
3cf4f308-6069-4f82-8444-c2c6ea5a6d06<%|%>1b538e31-581d-4e4b-9e31-a85592254754
6db5cb67-385d-419e-9e74-4c1ee56a41dd<%|%>1b538e31-581d-4e4b-9e31-a85592254754
49669578-94db-4202-acfb-082611c449b6<%|%>1b538e31-581d-4e4b-9e31-a85592254754
cb943084-57ab-4103-9dd3-15b01547699c<%|%>1b538e31-581d-4e4b-9e31-a85592254754
3daae15f-67b3-4503-ab28-9ecc365b68cb<%|%>1b538e31-581d-4e4b-9e31-a85592254754
ad819867-af9d-41b8-a95b-f5223dc6d44a<%|%>1b538e31-581d-4e4b-9e31-a85592254754
02c0b044-4b8c-4b70-ae1b-2ea5732ed1cc<%|%>1b538e31-581d-4e4b-9e31-a85592254754
d6b4b96d-3074-42e1-afab-c73431e8907c<%|%>1b538e31-581d-4e4b-9e31-a85592254754
cd1d960c-c22d-4707-9d36-bfc83a2bb786<%|%>1b538e31-581d-4e4b-9e31-a85592254754
a4d78f30-c4d6-4b6d-9f76-3e9e4b7a80d6<%|%>1b538e31-581d-4e4b-9e31-a85592254754
cc0f63bc-85a0-4c21-8777-251bbcec73d3<%|%>1b538e31-581d-4e4b-9e31-a85592254754
c9ec8c47-6dc0-45d3-8fca-8f2401783000<%|%>1b538e31-581d-4e4b-9e31-a85592254754
e0b463f5-cd93-475b-aeb6-445ee1872052<%|%>1b538e31-581d-4e4b-9e31-a85592254754
0d6c1972-ed51-44bc-b95d-140438a0f428<%|%>1b538e31-581d-4e4b-9e31-a85592254754
74dcc6d2-8b66-4123-9ef5-9220eaa20800<%|%>1b538e31-581d-4e4b-9e31-a85592254754
26b7bc22-0398-481a-8562-f5521abac71d<%|%>1b538e31-581d-4e4b-9e31-a85592254754
fda209dc-989a-4ac3-90de-a117caf636c9<%|%>1b538e31-581d-4e4b-9e31-a85592254754
9a602b33-f313-47cd-bf35-3f8430327d78<%|%>1b538e31-581d-4e4b-9e31-a85592254754
a9ac6aa2-556d-47e8-8a2c-2d12d8375efb<%|%>1b538e31-581d-4e4b-9e31-a85592254754
93f4969d-c741-400a-a5bd-9b10135aecf7<%|%>1b538e31-581d-4e4b-9e31-a85592254754
0e345d0d-25c1-4813-b9d1-d8504ef54789<%|%>1b538e31-581d-4e4b-9e31-a85592254754
0685b965-d92e-4b3a-9a17-2eff60e16d40<%|%>1b538e31-581d-4e4b-9e31-a85592254754
f57d6fac-8aee-49c4-aa9d-6db46ea38288<%|%>1b538e31-581d-4e4b-9e31-a85592254754
7769cdfc-88b3-4a46-9175-e4c2c9f2ace1<%|%>1b538e31-581d-4e4b-9e31-a85592254754
d0d82b73-5e04-4ac1-8308-33573c32924a<%|%>1b538e31-581d-4e4b-9e31-a85592254754
88d449a5-5df2-493f-81f3-05b5ea508d65<%|%>1b538e31-581d-4e4b-9e31-a85592254754
f68561ca-6f8f-4e29-b404-ff6f0a61b7bf<%|%>1b538e31-581d-4e4b-9e31-a85592254754
f69c9918-8925-49e7-a458-33d2af748883<%|%>1b538e31-581d-4e4b-9e31-a85592254754
37abdce4-bb61-4918-a1aa-68a27602d249<%|%>1b538e31-581d-4e4b-9e31-a85592254754
d98378ea-9530-4447-ab8a-7f6e1798d45f<%|%>1b538e31-581d-4e4b-9e31-a85592254754
9ee95c2f-8e12-4bf1-b299-0e356a1d00a2<%|%>1b538e31-581d-4e4b-9e31-a85592254754
6a454d34-99ca-4c92-be2e-4d3b5db08180<%|%>1b538e31-581d-4e4b-9e31-a85592254754
72a09c99-099a-4468-9124-1261d74f2119<%|%>1b538e31-581d-4e4b-9e31-a85592254754
6dd7f775-6777-4078-ace4-c4b492d2146e<%|%>fbb6d200-f068-413d-b197-8e65fe5443ef
2acce77b-885a-46fc-8428-1ea180a6bf63<%|%>fbb6d200-f068-413d-b197-8e65fe5443ef
af9d026a-728f-45ed-b166-3bf026fd2d37<%|%>fbb6d200-f068-413d-b197-8e65fe5443ef
a5476fc3-09f5-455f-98d3-f981bb36d77b<%|%>fbb6d200-f068-413d-b197-8e65fe5443ef
1e61cdcd-5704-41d8-9d54-5971bbce010f<%|%>fbb6d200-f068-413d-b197-8e65fe5443ef
9f799da3-4c20-4bf0-a148-7d1dfa002cd2<%|%>fbb6d200-f068-413d-b197-8e65fe5443ef
3fcb97c5-db7d-427e-9f99-f49da7285e70<%|%>fbb6d200-f068-413d-b197-8e65fe5443ef
b6d2e770-fb1b-4c91-8b1a-4550967a1c96<%|%>fbb6d200-f068-413d-b197-8e65fe5443ef
fd73740d-3038-4710-bf0d-503e8c765dce<%|%>fbb6d200-f068-413d-b197-8e65fe5443ef
c2518fc9-e294-49bb-a03b-20312593912f<%|%>fbb6d200-f068-413d-b197-8e65fe5443ef
b51dbadb-6835-4410-a420-e723a72da9c8<%|%>fbb6d200-f068-413d-b197-8e65fe5443ef
5bd2e550-bac3-4b3d-a3fd-56f9d0f9b0c2<%|%>fbb6d200-f068-413d-b197-8e65fe5443ef
e76910c3-c15f-46ab-aefd-b0c86a5ba1e9<%|%>fbb6d200-f068-413d-b197-8e65fe5443ef
938adee2-9850-4c3a-b7f3-918b7d5ee8eb<%|%>fbb6d200-f068-413d-b197-8e65fe5443ef
f88c0816-8837-4722-9470-4f2b82d248ce<%|%>fbb6d200-f068-413d-b197-8e65fe5443ef
ec2d335f-0259-476f-8dce-e2ec564b5427<%|%>fbb6d200-f068-413d-b197-8e65fe5443ef
3b63207e-8cf8-489c-af81-ce002681ee84<%|%>fbb6d200-f068-413d-b197-8e65fe5443ef
1ac87d8c-2a08-4133-8365-8c8f5904ce08<%|%>fbb6d200-f068-413d-b197-8e65fe5443ef
095eec79-1ab1-4da2-b282-b7bc6af08b64<%|%>fbb6d200-f068-413d-b197-8e65fe5443ef
90e069ed-5559-44bc-b6f8-4e7e091537d7<%|%>1b538e31-581d-4e4b-9e31-a85592254754
2446c326-1a76-4f02-b5dc-52e51a8c2e2a<%|%>fbb6d200-f068-413d-b197-8e65fe5443ef
42638daa-2d8b-453b-8178-816622d44105<%|%>1b538e31-581d-4e4b-9e31-a85592254754
e7fdfa57-1c4a-4a9b-928b-fb3499c94a86<%|%>1b538e31-581d-4e4b-9e31-a85592254754
c328072d-a9e8-4e57-8a05-0b7d56e3a1d4<%|%>fbb6d200-f068-413d-b197-8e65fe5443ef
468d5f38-105a-4471-8af5-fa77329bab8d<%|%>fbb6d200-f068-413d-b197-8e65fe5443ef
d7bfd210-6b8b-4943-afa5-4581cc4bbbe4<%|%>1b538e31-581d-4e4b-9e31-a85592254754
fcd9d73f-618c-4a57-a375-20de6ee1bfc9<%|%>1b538e31-581d-4e4b-9e31-a85592254754
39161f6c-cb83-4799-8aca-6bf1189fec4c<%|%>1b538e31-581d-4e4b-9e31-a85592254754
e2262aad-3c47-432e-8656-0d3a09c0f3ea<%|%>1b538e31-581d-4e4b-9e31-a85592254754
01256426-a2a2-4726-9d74-189524520c4c<%|%>1b538e31-581d-4e4b-9e31-a85592254754
875a8aad-d8d3-4389-9ddc-54287e0d7e67<%|%>1b579db1-3f95-46ef-8098-b816fceca798
a3154e5e-d651-4fb8-83be-1141632a7d7e<%|%>1b538e31-581d-4e4b-9e31-a85592254754
f554c35b-faa8-42ac-afe6-893f39bcd877<%|%>1b538e31-581d-4e4b-9e31-a85592254754
15acad84-d2d9-4485-8174-482e7a82faef<%|%>1b538e31-581d-4e4b-9e31-a85592254754
cec9324d-142d-46cb-9e5e-d2f2f288537c<%|%>1b538e31-581d-4e4b-9e31-a85592254754
76b6f3b6-1116-46c7-a716-afce30d74bb3<%|%>1b538e31-581d-4e4b-9e31-a85592254754
25221ba7-bbf1-4575-8e8b-a4d1631b510d<%|%>1b538e31-581d-4e4b-9e31-a85592254754
40598440-af6e-4f6f-bcee-d7a3e2f1c1d8<%|%>1b538e31-581d-4e4b-9e31-a85592254754
0d544af6-99a0-473d-88eb-8b1e3805f4ce<%|%>1b538e31-581d-4e4b-9e31-a85592254754
bae16439-05ca-432b-a8b0-6e81d286f7be<%|%>1b538e31-581d-4e4b-9e31-a85592254754
fc07ed73-dcd2-4cac-bcf9-02ee9419c868<%|%>1b538e31-581d-4e4b-9e31-a85592254754
0006af3b-047d-4192-83d0-e7a9f5f85e47<%|%>1b538e31-581d-4e4b-9e31-a85592254754
ed147884-adc9-4013-9c91-0d69f68018a2<%|%>1b538e31-581d-4e4b-9e31-a85592254754
8e409a9d-ef91-4371-9dc9-74025ac2e890<%|%>1b538e31-581d-4e4b-9e31-a85592254754
c5590c9a-1b43-450a-97c1-0f9343beef07<%|%>1b538e31-581d-4e4b-9e31-a85592254754
7083d47d-84c2-44c7-97b8-0884eb96a329<%|%>1b538e31-581d-4e4b-9e31-a85592254754
0ee615fd-88a8-49d1-8636-8fa324077e00<%|%>1b538e31-581d-4e4b-9e31-a85592254754
4fbf45d9-7032-435f-b36d-2b84bcfc73f8<%|%>1b538e31-581d-4e4b-9e31-a85592254754
7a9931c0-5f56-429e-8767-f4b6ba68d9b3<%|%>1b538e31-581d-4e4b-9e31-a85592254754
8013beb8-a74c-4486-b317-07eb847b7790<%|%>1b538e31-581d-4e4b-9e31-a85592254754
c6c4dacb-9595-4859-a9ca-bdbcc661a230<%|%>1b538e31-581d-4e4b-9e31-a85592254754
f8e85131-ffbc-47d2-a552-16ce6a046aa0<%|%>1b538e31-581d-4e4b-9e31-a85592254754
dbabb430-deb9-4f30-911f-cd7bda7ed6cd<%|%>1b538e31-581d-4e4b-9e31-a85592254754
ad373fd7-06c1-4cc8-80ba-88164dbe53cd<%|%>1b538e31-581d-4e4b-9e31-a85592254754
76695b32-f125-4e69-be66-0646ecc14e6e<%|%>1b538e31-581d-4e4b-9e31-a85592254754
f509dd4f-784c-404f-95f3-017685201ac5<%|%>1b538e31-581d-4e4b-9e31-a85592254754
c64290c3-e348-441c-98e2-c9c9cd608c8a<%|%>1b538e31-581d-4e4b-9e31-a85592254754
7aa48a50-9c16-4d12-8259-dc8879745dbb<%|%>1b538e31-581d-4e4b-9e31-a85592254754
ad797dc8-e8c4-47ff-8376-e5a9ab8d881a<%|%>1b538e31-581d-4e4b-9e31-a85592254754
8635a488-3eab-4615-a353-6dede294be51<%|%>1b538e31-581d-4e4b-9e31-a85592254754
d9e7ddcc-5ec2-4c10-8c1c-5fc3865b287d<%|%>1b538e31-581d-4e4b-9e31-a85592254754
65b94c3e-64aa-47c8-9f95-2de3b73ef3ac<%|%>1b538e31-581d-4e4b-9e31-a85592254754
caf62a58-8be1-454e-ad43-4cf1e314d64b<%|%>1b538e31-581d-4e4b-9e31-a85592254754
912f50a6-74af-40f4-b441-166f121a1672<%|%>1b579db1-3f95-46ef-8098-b816fceca798
b3516456-2a6d-4dcb-ae21-9d60e14147f1<%|%>1b538e31-581d-4e4b-9e31-a85592254754
ebb65cad-10c4-4c84-a62e-7a7e0922964f<%|%>1b538e31-581d-4e4b-9e31-a85592254754
48fc5d16-3434-4399-9512-82767165f4bb<%|%>1b538e31-581d-4e4b-9e31-a85592254754
f031af18-adc8-4c87-9933-cab60bb6cdf1<%|%>1b538e31-581d-4e4b-9e31-a85592254754
7d5195f8-cc02-4be0-8108-0bb6619077ec<%|%>1b538e31-581d-4e4b-9e31-a85592254754
3ab96c5b-b0b6-49de-8bd8-f947075dc690<%|%>1b538e31-581d-4e4b-9e31-a85592254754
ac0a8928-4991-4509-a8a6-b3c0357e4ebe<%|%>1b538e31-581d-4e4b-9e31-a85592254754
a8a7afa2-7ef8-4ae4-9085-ec44de8de0db<%|%>1b538e31-581d-4e4b-9e31-a85592254754
f98c6ca3-d172-4c99-b9bb-82e42fb31cbd<%|%>1b538e31-581d-4e4b-9e31-a85592254754
c2a54501-4cc5-4ccb-97fa-71540419d33c<%|%>1b538e31-581d-4e4b-9e31-a85592254754
b59efd79-4445-4964-8cac-3d66853b87bb<%|%>1b538e31-581d-4e4b-9e31-a85592254754
68995844-c86a-4e6d-ba06-3eb82eb20843<%|%>1b538e31-581d-4e4b-9e31-a85592254754
94f4aebd-a56e-4992-a9eb-1bfbf2a2364c<%|%>1b538e31-581d-4e4b-9e31-a85592254754
b737c756-a62b-4cd2-9de0-b1971f1b5eab<%|%>1b538e31-581d-4e4b-9e31-a85592254754
511d710f-d595-4db3-99b3-84bd38af0298<%|%>1b538e31-581d-4e4b-9e31-a85592254754
4868f058-b8a6-4ff7-8dd9-b2a149e900ac<%|%>1b538e31-581d-4e4b-9e31-a85592254754
45e412af-7d5b-4cdb-ad0c-3c639bc3e332<%|%>1b538e31-581d-4e4b-9e31-a85592254754
4453e47f-1067-43fc-9595-eae97dc75ac4<%|%>1b538e31-581d-4e4b-9e31-a85592254754
82222445-8ccf-4484-9294-12c8d292d23a<%|%>1b538e31-581d-4e4b-9e31-a85592254754
fbfc4f51-7774-43fb-a676-48bc861b17fb<%|%>1b579db1-3f95-46ef-8098-b816fceca798
62593574-7cd5-4bea-858a-8c9486a910d5<%|%>1b538e31-581d-4e4b-9e31-a85592254754
ae0fbd96-7d84-4238-99a2-5907f31a939f<%|%>1b538e31-581d-4e4b-9e31-a85592254754
7dbadcb1-0947-4d30-a861-18d53f61c439<%|%>1b538e31-581d-4e4b-9e31-a85592254754
b5829280-899b-45bf-b7c8-006b5e6893ca<%|%>1b538e31-581d-4e4b-9e31-a85592254754
b53c1348-5834-42a3-a406-cb27d972bd46<%|%>1b538e31-581d-4e4b-9e31-a85592254754
808b9699-dba6-49f5-9a21-2cb21c5451f3<%|%>1b538e31-581d-4e4b-9e31-a85592254754
6b2062da-455d-483d-8498-1b3acb14beff<%|%>1b538e31-581d-4e4b-9e31-a85592254754
4b552e2d-ac88-45c6-9503-d27e4b09f757<%|%>1b579db1-3f95-46ef-8098-b816fceca798
368a9cda-7ce6-48b3-b959-c998f40c85e8<%|%>1b538e31-581d-4e4b-9e31-a85592254754
5add0b2e-364e-46a8-8e6f-60a391c1b038<%|%>1b538e31-581d-4e4b-9e31-a85592254754
8b515515-27dd-44a5-95e2-735d7cf16de1<%|%>1b538e31-581d-4e4b-9e31-a85592254754
00444cb4-61c2-41a1-b8e0-00f7ea40e93f<%|%>1b538e31-581d-4e4b-9e31-a85592254754
6445740c-dbe8-4a56-b3bb-0f34efffbb08<%|%>1b538e31-581d-4e4b-9e31-a85592254754
83b69f3e-d3ef-4435-b0b6-cc865d6839cf<%|%>1b538e31-581d-4e4b-9e31-a85592254754
f30f640d-55bd-4607-8227-74e75ad074c5<%|%>1b538e31-581d-4e4b-9e31-a85592254754
e15b609b-1c12-4373-810a-f90681568dea<%|%>1b538e31-581d-4e4b-9e31-a85592254754
87120c19-f044-4d55-b9a9-dc402f47656a<%|%>1b538e31-581d-4e4b-9e31-a85592254754
6f824bdf-d4e0-4c8f-8342-9b47367a2740<%|%>1b538e31-581d-4e4b-9e31-a85592254754
6f1158c4-5b25-4afb-9fc4-47e271d28a5c<%|%>1b538e31-581d-4e4b-9e31-a85592254754
3fe98a99-2c61-40bd-975c-a4eaab27ab76<%|%>1b538e31-581d-4e4b-9e31-a85592254754
c076b1a8-a3c2-4852-b81d-49fd3f9c8238<%|%>1b538e31-581d-4e4b-9e31-a85592254754
54e3ca5e-7f2b-4199-8eb6-8fddcd322334<%|%>1b538e31-581d-4e4b-9e31-a85592254754
1124ac96-d77a-4cd2-addd-ad6256c868d1<%|%>1b538e31-581d-4e4b-9e31-a85592254754
e0d745b6-dcd7-48b1-817a-9d39e29ca30d<%|%>1b538e31-581d-4e4b-9e31-a85592254754
3625051d-b2a7-47aa-97d4-613341214054<%|%>1b538e31-581d-4e4b-9e31-a85592254754
edc7cf00-0586-4784-ade6-f809b27b9e25<%|%>1b579db1-3f95-46ef-8098-b816fceca798
7f543521-d9ee-4865-b720-24b6b042a992<%|%>1b538e31-581d-4e4b-9e31-a85592254754
aadf7b6d-6a9e-4e9b-80e4-8e7c5fac1dd6<%|%>1b538e31-581d-4e4b-9e31-a85592254754
3fcebda6-a61e-4ade-bcb2-ee5b1c3e855d<%|%>1b538e31-581d-4e4b-9e31-a85592254754
5c963aad-656e-447d-9d24-d55c1bd6db39<%|%>1b538e31-581d-4e4b-9e31-a85592254754
84109730-67ee-4113-bda5-3fa212fa0992<%|%>1b538e31-581d-4e4b-9e31-a85592254754
292e50da-68bc-4384-ae50-95e42e134338<%|%>1b538e31-581d-4e4b-9e31-a85592254754
2ac3da18-f23e-4fdc-ac42-86ba6b2e426c<%|%>1b538e31-581d-4e4b-9e31-a85592254754
fbc3e2d8-f4d9-46b0-a990-d7f4ca5f3724<%|%>1b538e31-581d-4e4b-9e31-a85592254754
61a6b0f7-92e5-4019-b8e3-d256fcbcb768<%|%>1b538e31-581d-4e4b-9e31-a85592254754
8187e6e3-4d68-4787-8c0e-b4ed2e283b3f<%|%>1b538e31-581d-4e4b-9e31-a85592254754
d4bde885-9194-4de9-a068-f027bd1a94c9<%|%>1b538e31-581d-4e4b-9e31-a85592254754
79b66d68-0019-4ee5-92b1-03c1b3078251<%|%>1b538e31-581d-4e4b-9e31-a85592254754
9ed4d575-373b-408b-b480-094b20d1c146<%|%>1b538e31-581d-4e4b-9e31-a85592254754
501bcb7d-d87d-46fa-8f66-0c7949ef5a40<%|%>1b538e31-581d-4e4b-9e31-a85592254754
bcc10f7b-483f-4ebf-afca-f8f0c161e010<%|%>1b538e31-581d-4e4b-9e31-a85592254754
22bbb289-0a98-4afd-a57f-837ac721f353<%|%>1b538e31-581d-4e4b-9e31-a85592254754
45630842-a56b-4ed2-808e-33dfd86f4da9<%|%>1b538e31-581d-4e4b-9e31-a85592254754
acdf5e69-b0ba-4c42-aae7-45a43b8fb860<%|%>1b538e31-581d-4e4b-9e31-a85592254754
439e959a-58a3-4328-9435-2fa1686f6501<%|%>1b538e31-581d-4e4b-9e31-a85592254754
94821cdf-56aa-4dfd-999a-90ceb592a429<%|%>1b538e31-581d-4e4b-9e31-a85592254754
c95c880c-a104-49a9-b1b5-84e5060868b5<%|%>1b538e31-581d-4e4b-9e31-a85592254754
b95a1a66-fd18-4211-9e7d-7bbb5fbb2a44<%|%>1b538e31-581d-4e4b-9e31-a85592254754
c50f6147-21db-485b-84f5-8d389cb873eb<%|%>1b538e31-581d-4e4b-9e31-a85592254754
5fdc8390-f7ec-4e4f-b43e-0e0a851cfa27<%|%>1b538e31-581d-4e4b-9e31-a85592254754
0300ce20-c4a8-4c78-91d8-8d2973629d73<%|%>1b538e31-581d-4e4b-9e31-a85592254754
7bed6366-b564-4570-b4f3-c2bfcc8817bf<%|%>1b538e31-581d-4e4b-9e31-a85592254754
88df5dcb-7c76-4d20-b7e9-4871cbf76048<%|%>1b538e31-581d-4e4b-9e31-a85592254754
7bbae7c8-f167-4eca-841d-f5ffa33bbe25<%|%>1b538e31-581d-4e4b-9e31-a85592254754
5ccf8ff2-a57e-4d04-b4c5-0c2dddfe3e5e<%|%>1b538e31-581d-4e4b-9e31-a85592254754
0cb678de-72eb-485e-98da-dd72d2105d07<%|%>1b538e31-581d-4e4b-9e31-a85592254754
4b708020-8d85-4e09-a04c-6357124434d3<%|%>1b538e31-581d-4e4b-9e31-a85592254754
bbd5fef2-690a-4e0f-88b7-4d1c460f07c4<%|%>1b538e31-581d-4e4b-9e31-a85592254754
63ef1552-0136-4de1-bf04-678a1c56ab1b<%|%>1b538e31-581d-4e4b-9e31-a85592254754
d3f53b56-6253-4c6b-a091-d0c6c9878b10<%|%>1b538e31-581d-4e4b-9e31-a85592254754
38af5dd4-7d53-4b50-8b8a-3d166fa1cb74<%|%>1b538e31-581d-4e4b-9e31-a85592254754
bcd130a7-a156-4445-836e-bf080352522b<%|%>1b538e31-581d-4e4b-9e31-a85592254754
f436c1e6-dfe9-45d9-b8f5-4099970170e7<%|%>1b538e31-581d-4e4b-9e31-a85592254754
60bd70ff-6be7-4f6c-b29d-967e4225ac03<%|%>1b538e31-581d-4e4b-9e31-a85592254754
926cdcad-e431-438b-94ac-cb9ae4983de2<%|%>1b538e31-581d-4e4b-9e31-a85592254754
4c356ab5-0db3-4b89-a270-b564a3883881<%|%>1b538e31-581d-4e4b-9e31-a85592254754
2ea5eed9-e0e3-4e57-baee-77758675003f<%|%>1b538e31-581d-4e4b-9e31-a85592254754
686e7cea-610f-4a78-acc9-1ab745f6bf6f<%|%>1b538e31-581d-4e4b-9e31-a85592254754
16b15640-c998-4666-a441-6ed6591711b3<%|%>1b538e31-581d-4e4b-9e31-a85592254754
feef96b2-1c52-4699-9a37-59b5be25ecd7<%|%>1b538e31-581d-4e4b-9e31-a85592254754
ad920644-40a1-4a18-ab67-bca4332ca047<%|%>1b538e31-581d-4e4b-9e31-a85592254754
3d710d46-47f2-43fa-8a74-244bca66ea97<%|%>1b538e31-581d-4e4b-9e31-a85592254754
72e5080f-066d-4b94-a780-ca60f6e072c0<%|%>1b538e31-581d-4e4b-9e31-a85592254754
a2315da2-fa5e-4133-8b7c-3d2c16da4f0b<%|%>1b538e31-581d-4e4b-9e31-a85592254754
3cfb7d88-09dd-44d3-a841-e2e97e4e069d<%|%>1b538e31-581d-4e4b-9e31-a85592254754
01bb33d2-d6dd-4d1d-9d33-067dedd08176<%|%>1b538e31-581d-4e4b-9e31-a85592254754
b3ff4036-e92b-4b02-b685-ff4201dd98f2<%|%>1b538e31-581d-4e4b-9e31-a85592254754
e1f4645d-d9de-4d4a-9ebb-fea60cd41a58<%|%>1b538e31-581d-4e4b-9e31-a85592254754
8b693b2c-5ea8-4e01-b803-179dc442ef51<%|%>1b538e31-581d-4e4b-9e31-a85592254754
bdfa55a5-9be3-4253-98e7-fa1b01c5f69d<%|%>1b538e31-581d-4e4b-9e31-a85592254754
571720d9-7878-4d89-8166-425a3a043977<%|%>1b538e31-581d-4e4b-9e31-a85592254754
a65dc077-d601-40ae-b575-9638dd0e4eb5<%|%>1b538e31-581d-4e4b-9e31-a85592254754
77135f10-7b77-4f99-923d-babf800a71be<%|%>1b538e31-581d-4e4b-9e31-a85592254754
e8d19714-fa58-47d1-9842-728dc81dc587<%|%>1b538e31-581d-4e4b-9e31-a85592254754
b48047ed-1126-484e-8448-bf8d97c349de<%|%>1b538e31-581d-4e4b-9e31-a85592254754
7c2da3aa-e8fa-49bd-951f-548d26af2398<%|%>1b538e31-581d-4e4b-9e31-a85592254754
1b4ba031-ec7a-408d-b4e0-0bcaf6d96a9a<%|%>1b538e31-581d-4e4b-9e31-a85592254754
f70c50ee-c241-4633-aee9-76beb70d0988<%|%>1b538e31-581d-4e4b-9e31-a85592254754
28ea04d1-48f9-407d-b1cc-0a974cd5f349<%|%>1b538e31-581d-4e4b-9e31-a85592254754
31f2fdeb-d061-46cf-909a-32a5f70e217f<%|%>1b538e31-581d-4e4b-9e31-a85592254754
a91633f1-75dd-41c5-8aa4-96792a6f25ce<%|%>1b579db1-3f95-46ef-8098-b816fceca798
811b4c57-dcfd-487a-aa10-9ec0c3672c5f<%|%>1b579db1-3f95-46ef-8098-b816fceca798
efee15de-ad90-4f24-af87-2c4ef793e714<%|%>1b538e31-581d-4e4b-9e31-a85592254754
c5599402-2dfb-41f0-90d6-61262adb006b<%|%>1b579db1-3f95-46ef-8098-b816fceca798
aa83c60b-1709-461d-a91a-e86c3bf54ef6<%|%>1b579db1-3f95-46ef-8098-b816fceca798
113af9cb-cfc9-4b9d-aab1-9dba95f0f7f8<%|%>1b538e31-581d-4e4b-9e31-a85592254754
a8c89e08-85f5-4b4d-a273-da733a85c64e<%|%>1b538e31-581d-4e4b-9e31-a85592254754
0a8ded87-a997-4dbe-83b6-b3081eb63ffb<%|%>1b538e31-581d-4e4b-9e31-a85592254754
85c9c7a1-51f4-489f-97f8-8d30dfe24a51<%|%>1b538e31-581d-4e4b-9e31-a85592254754
38f76d37-6286-4f66-874b-ff709d291d6e<%|%>1b538e31-581d-4e4b-9e31-a85592254754
e1f77d2a-5aad-426f-abd7-76f7cfa65ac9<%|%>1b538e31-581d-4e4b-9e31-a85592254754
229a7671-9f03-46dd-a490-9e22d2fc782c<%|%>1b538e31-581d-4e4b-9e31-a85592254754
61599fad-201c-45e9-8238-ca945b172470<%|%>1b538e31-581d-4e4b-9e31-a85592254754
f9e9853b-30dd-4715-971a-a222e91f3eb1<%|%>1b538e31-581d-4e4b-9e31-a85592254754
21cc5746-2a71-449a-b9e1-0b0a650a0b48<%|%>1b538e31-581d-4e4b-9e31-a85592254754
456fa91b-84a3-4c22-957e-954844968a82<%|%>1b538e31-581d-4e4b-9e31-a85592254754
fdb23e08-d26c-4890-add8-3eb3b6a814ef<%|%>1b538e31-581d-4e4b-9e31-a85592254754
80745a90-2b6b-40f8-9c5d-dee484f55a72<%|%>1b538e31-581d-4e4b-9e31-a85592254754
b2947f92-3a7c-49f3-9f52-b5e148b5af3f<%|%>1b538e31-581d-4e4b-9e31-a85592254754
629cdccf-7018-48ff-8006-b9af6df589e4<%|%>1b538e31-581d-4e4b-9e31-a85592254754
3f15c8aa-3be4-4f70-b179-6a131686b026<%|%>1b538e31-581d-4e4b-9e31-a85592254754
d9b77b2f-bcaa-4928-bd74-d12c33562010<%|%>1b538e31-581d-4e4b-9e31-a85592254754
b9130f2d-b30d-488b-ab9f-44645d7bb737<%|%>1b538e31-581d-4e4b-9e31-a85592254754
ccff1f79-94c7-4c89-8a0d-d1787a3533c5<%|%>1b538e31-581d-4e4b-9e31-a85592254754
a640c113-0875-4f4b-b4a5-8946e409d91b<%|%>1b538e31-581d-4e4b-9e31-a85592254754
84e71010-2d8c-4cb8-8d18-6a2a5f2e88fa<%|%>1b538e31-581d-4e4b-9e31-a85592254754
34dbc136-aa04-484a-8cd6-67f44229ad2c<%|%>1b538e31-581d-4e4b-9e31-a85592254754
09b55718-8dc8-4ca4-a172-92d4106f3c30<%|%>1b538e31-581d-4e4b-9e31-a85592254754
95b943d0-1d8e-4f9f-9124-c17f0f7d1e4e<%|%>1b538e31-581d-4e4b-9e31-a85592254754
3abfb2c3-b2a1-489f-beb0-b091bee06cb8<%|%>1b538e31-581d-4e4b-9e31-a85592254754
dc43ef23-ccb2-43ae-a1fb-abae81629703<%|%>1b538e31-581d-4e4b-9e31-a85592254754
63bb14c7-f7dd-4331-92fa-12fdcb1f0d7e<%|%>1b538e31-581d-4e4b-9e31-a85592254754
d6960948-d867-4eff-bfa4-afb2ec01fae4<%|%>1b538e31-581d-4e4b-9e31-a85592254754
bffde651-87d3-4893-a28d-8f91c645a2ae<%|%>1b538e31-581d-4e4b-9e31-a85592254754
97d6d777-c41f-450c-9a3f-9dd7a183b822<%|%>1b538e31-581d-4e4b-9e31-a85592254754
45fd308a-b3a2-4003-9308-1eee942fa08c<%|%>1b538e31-581d-4e4b-9e31-a85592254754
1a0dc354-e047-4cfe-9439-78fd08e0658d<%|%>1b538e31-581d-4e4b-9e31-a85592254754
b7404d12-d4e9-47e8-8d13-6bab472091c2<%|%>1b538e31-581d-4e4b-9e31-a85592254754
6d051e64-7ae0-4c1a-82ca-1b4b89870511<%|%>1b538e31-581d-4e4b-9e31-a85592254754
a1203be7-d748-436a-b6a4-baa0b3253b39<%|%>1b538e31-581d-4e4b-9e31-a85592254754
efe60af9-dbd7-420b-a987-abb23802e413<%|%>1b538e31-581d-4e4b-9e31-a85592254754
382e7c56-9660-4b07-a5ed-096463c26bd9<%|%>1b538e31-581d-4e4b-9e31-a85592254754
e29d4675-c057-44dd-bc7c-ebca0a0d5a54<%|%>1b538e31-581d-4e4b-9e31-a85592254754
e1475db2-91c2-454f-b135-567cf9f05651<%|%>1b538e31-581d-4e4b-9e31-a85592254754
8cd1f163-0e27-4719-bd4a-9bebbbe9c1a1<%|%>1b538e31-581d-4e4b-9e31-a85592254754
80b076b2-4c93-4ed0-91b0-6f69d781fc93<%|%>1b538e31-581d-4e4b-9e31-a85592254754
a0e563a8-6cfb-4015-b2a1-476137c2c67e<%|%>1b538e31-581d-4e4b-9e31-a85592254754
44b6b515-401e-460e-8685-d5c15f28ea9c<%|%>1b538e31-581d-4e4b-9e31-a85592254754
6c74c411-6624-4c76-827c-36fb7e2d48c5<%|%>1b538e31-581d-4e4b-9e31-a85592254754
36905da8-3960-4444-86d4-381721251f71<%|%>1b538e31-581d-4e4b-9e31-a85592254754
edf63b40-8c10-4fa8-8f19-fbf385d1338f<%|%>1b538e31-581d-4e4b-9e31-a85592254754
3e714491-e1c5-4d5a-8521-2ebb9975f69b<%|%>1b538e31-581d-4e4b-9e31-a85592254754
e6c29f59-7118-4122-85c4-2b35861a9925<%|%>1b538e31-581d-4e4b-9e31-a85592254754
6283da0e-9c38-44f9-80a6-543ff6948360<%|%>1b538e31-581d-4e4b-9e31-a85592254754
b877fb0c-dcb6-4cd4-b2df-faff3f480e95<%|%>1b538e31-581d-4e4b-9e31-a85592254754
96081a16-ed3f-4640-9096-f1afa8a151c3<%|%>1b538e31-581d-4e4b-9e31-a85592254754
55ee5eaf-d1ec-44c3-b29d-e85e7d7ca15e<%|%>1b538e31-581d-4e4b-9e31-a85592254754
6046d2d7-a519-48f1-9f77-0405de19d192<%|%>1b538e31-581d-4e4b-9e31-a85592254754
f1d27597-5fde-40e7-ac2f-cd6364a10b3a<%|%>1b538e31-581d-4e4b-9e31-a85592254754
9d2ec924-d3a3-4bcf-b708-025c6f3915e5<%|%>1b538e31-581d-4e4b-9e31-a85592254754
bf4e4554-c25e-4d8a-995e-e8e11f0d6641<%|%>1b538e31-581d-4e4b-9e31-a85592254754
92fdfbd6-6575-4b89-9aa8-f9acae8b21a9<%|%>1b538e31-581d-4e4b-9e31-a85592254754
1328c74d-12d1-4c64-9331-e0d06c0c1c00<%|%>1b538e31-581d-4e4b-9e31-a85592254754
0338c7d3-6817-44cd-96b6-2479303f9595<%|%>1b538e31-581d-4e4b-9e31-a85592254754
c0ff4da3-3cb5-4fd0-a172-c8a4ee189508<%|%>1b538e31-581d-4e4b-9e31-a85592254754
0a113733-f82e-4f92-bc3b-7c202e00bf17<%|%>1b538e31-581d-4e4b-9e31-a85592254754
bd358eb6-e0bf-4025-8c8a-32a7da0b2671<%|%>1b538e31-581d-4e4b-9e31-a85592254754
67f3c05d-ad1b-405e-8813-1fee5807580e<%|%>1b538e31-581d-4e4b-9e31-a85592254754
3b1c01de-b544-4c46-bf3f-9480ec1ef3f7<%|%>1b538e31-581d-4e4b-9e31-a85592254754
869bedf9-4e32-4307-b87b-53f6d3be1655<%|%>1b538e31-581d-4e4b-9e31-a85592254754
094fef2f-f98d-49f9-9dba-066be5a2709a<%|%>1b538e31-581d-4e4b-9e31-a85592254754
2fecf97b-06f9-4df0-bb23-2dcc4b426a9f<%|%>1b538e31-581d-4e4b-9e31-a85592254754
646b4d3d-950f-4954-b81f-1bd4236dd54c<%|%>1b538e31-581d-4e4b-9e31-a85592254754
110a085f-312e-4118-923e-479aab3d5e3f<%|%>1b538e31-581d-4e4b-9e31-a85592254754
a870e2c0-b261-46c0-8adb-ae0267abbe17<%|%>1b538e31-581d-4e4b-9e31-a85592254754
a7657d71-9c02-4689-8902-f1bf3e6ab7fd<%|%>1b538e31-581d-4e4b-9e31-a85592254754
6c2a4cb1-8698-42fb-a056-9f2875609aa9<%|%>1b538e31-581d-4e4b-9e31-a85592254754
e851112e-30a5-4955-ab44-21141799a61f<%|%>1b538e31-581d-4e4b-9e31-a85592254754
54ad5142-c88a-46ff-b340-bc3a553f83b6<%|%>1b538e31-581d-4e4b-9e31-a85592254754
8ee88006-3c4f-4484-b33e-9d280bdf115b<%|%>1b538e31-581d-4e4b-9e31-a85592254754
8ebecdb0-8a9e-495f-909e-94ecf567e0d4<%|%>1b538e31-581d-4e4b-9e31-a85592254754
5e274a4a-4e8c-4bec-b076-198de6dafd69<%|%>1b538e31-581d-4e4b-9e31-a85592254754
5833c9b6-bd88-4b64-9e81-69d2bca92c8c<%|%>1b538e31-581d-4e4b-9e31-a85592254754
bfe64567-2b47-4448-b770-8872c25ea9a9<%|%>1b538e31-581d-4e4b-9e31-a85592254754
b56af2de-ee61-4981-83e9-85de80e00883<%|%>1b538e31-581d-4e4b-9e31-a85592254754
deecb044-2e38-429c-9247-ccf8fb4c6c13<%|%>1b538e31-581d-4e4b-9e31-a85592254754
3866e1b7-0704-49e4-8885-f9f9b2afce9d<%|%>1b538e31-581d-4e4b-9e31-a85592254754
1efbab37-78c3-4ee5-8bdc-1965f4610f8d<%|%>1b538e31-581d-4e4b-9e31-a85592254754
116cb713-8577-461d-baf7-8adc1cdea8e3<%|%>1b538e31-581d-4e4b-9e31-a85592254754
bd97f6c7-655f-4a7b-83b1-e4843ee8bed0<%|%>1b538e31-581d-4e4b-9e31-a85592254754
7d1d8d83-e9a8-4b5c-b3cb-c47cd68dd1b0<%|%>1b538e31-581d-4e4b-9e31-a85592254754
c24c9df3-42f7-4c73-96b0-cc65af221523<%|%>1b538e31-581d-4e4b-9e31-a85592254754
99525f21-527b-4f07-9e8a-ac2c136fdccd<%|%>1b538e31-581d-4e4b-9e31-a85592254754
d0b4bffe-60db-4a9d-aab3-8d11a25e4fe9<%|%>1b538e31-581d-4e4b-9e31-a85592254754
391e4bc8-4633-469e-addd-fbe255e80494<%|%>1b538e31-581d-4e4b-9e31-a85592254754
fbe89573-7338-48f7-87aa-42a42ab38c0b<%|%>1b538e31-581d-4e4b-9e31-a85592254754
490f6190-4314-492d-9e94-c5f0009737a5<%|%>1b538e31-581d-4e4b-9e31-a85592254754
b4c5014c-cdd5-4429-9436-980c013ebc98<%|%>1b538e31-581d-4e4b-9e31-a85592254754
8473e9f8-7e24-4ca2-9508-79617a14021a<%|%>1b538e31-581d-4e4b-9e31-a85592254754
3a178ca8-e26e-4ad8-98b9-b1dbaad305b9<%|%>1b538e31-581d-4e4b-9e31-a85592254754
c58059d1-fe44-4e76-96d3-e4fcc89361a1<%|%>1b538e31-581d-4e4b-9e31-a85592254754
8cfe2647-60e1-4b2c-973d-612a844637d7<%|%>1b538e31-581d-4e4b-9e31-a85592254754
4359a862-2059-4406-b50a-26b47be507ef<%|%>1b538e31-581d-4e4b-9e31-a85592254754
3f5f9763-2d65-4ab3-bfcb-2a838705b45e<%|%>1b538e31-581d-4e4b-9e31-a85592254754
55939c6d-294c-42c1-9e6a-0c22577e41f8<%|%>1b538e31-581d-4e4b-9e31-a85592254754
77dfb2ba-a8f0-44e5-a17d-bdf327866c2b<%|%>1b538e31-581d-4e4b-9e31-a85592254754
c4d17607-2b6f-435f-890a-aa3bb76f112a<%|%>1b538e31-581d-4e4b-9e31-a85592254754
9b2dc476-806e-4240-89ff-209ac05868f9<%|%>1b538e31-581d-4e4b-9e31-a85592254754
89cbfe9c-0657-4a3e-afd5-e309e2f526b9<%|%>1b538e31-581d-4e4b-9e31-a85592254754
10d596fb-5d2d-423f-a0b4-b8b06c67db9d<%|%>1b538e31-581d-4e4b-9e31-a85592254754
cf98690c-9484-48b9-9b50-e694f0111987<%|%>1b538e31-581d-4e4b-9e31-a85592254754
75d1b176-db6c-4f6a-9990-703bab6b0acc<%|%>1b538e31-581d-4e4b-9e31-a85592254754
95e6aec7-2411-49a2-974b-7608820aa91d<%|%>1b538e31-581d-4e4b-9e31-a85592254754
ec452d90-6d88-48e1-ab11-da1f402fcef6<%|%>1b538e31-581d-4e4b-9e31-a85592254754
262d8ff6-7e67-4190-8044-7096353d6ac0<%|%>1b538e31-581d-4e4b-9e31-a85592254754
025b15cd-9f94-4fea-bffa-ad65840a71d1<%|%>1b538e31-581d-4e4b-9e31-a85592254754
b7414712-3dbe-4db6-8e60-36cfef5deedb<%|%>1b538e31-581d-4e4b-9e31-a85592254754
fd7f966a-80d2-4f0c-8a92-6093997e1951<%|%>1b538e31-581d-4e4b-9e31-a85592254754
81ab02eb-4ea4-4490-a407-48859ff8081a<%|%>1b538e31-581d-4e4b-9e31-a85592254754
0d183865-1c43-40a4-a002-1ddf4ccf9793<%|%>1b538e31-581d-4e4b-9e31-a85592254754
c0b1abab-5394-4651-bf66-97cd5c5b808f<%|%>1b538e31-581d-4e4b-9e31-a85592254754
27d14419-7b14-4bd1-8c16-733b5eee7365<%|%>1b538e31-581d-4e4b-9e31-a85592254754
ceac6e5d-1ca6-41f6-8980-22a1ad5799ec<%|%>1b538e31-581d-4e4b-9e31-a85592254754
005b1396-b23d-450a-9baa-a5160f511471<%|%>1b538e31-581d-4e4b-9e31-a85592254754
94bce868-efd4-450e-bc4b-4f24fe52a043<%|%>1b538e31-581d-4e4b-9e31-a85592254754
88ed8485-33c2-43d6-8a96-3b663a314386<%|%>1b538e31-581d-4e4b-9e31-a85592254754
b89647df-763a-413c-9d0f-ca0c61f41d3e<%|%>1b538e31-581d-4e4b-9e31-a85592254754
722dc189-10e3-4d3b-b389-4872298952e9<%|%>1b538e31-581d-4e4b-9e31-a85592254754
1cb80db4-c223-48b2-9647-c36a04732a77<%|%>1b538e31-581d-4e4b-9e31-a85592254754
b8e78f8a-6301-40ee-9db6-5d597df41fb4<%|%>1b538e31-581d-4e4b-9e31-a85592254754
79419eb0-719e-4d9a-82ae-f186b800d108<%|%>1b538e31-581d-4e4b-9e31-a85592254754
43cde7c0-60ff-4641-bb9a-98d58a581c94<%|%>1b538e31-581d-4e4b-9e31-a85592254754
5752ead9-83e2-4f95-8df7-84db6e1b839f<%|%>1b538e31-581d-4e4b-9e31-a85592254754
948eb89f-9fb1-4fd0-ab64-2e58cc5106b6<%|%>1b538e31-581d-4e4b-9e31-a85592254754
8ab3e6cb-9fe9-4907-9b18-4b2401ea7998<%|%>1b538e31-581d-4e4b-9e31-a85592254754
59b47ff3-604e-4f5d-859d-8f565f31af76<%|%>1b538e31-581d-4e4b-9e31-a85592254754
0bc42060-c4c5-4807-a686-3822419ec4f0<%|%>1b538e31-581d-4e4b-9e31-a85592254754
8ecc54a8-6674-4aea-8efd-a9e682f6ca6b<%|%>1b538e31-581d-4e4b-9e31-a85592254754
bce95ad6-3895-4aa6-ab23-e33d045eba4c<%|%>1b538e31-581d-4e4b-9e31-a85592254754
cdb11c1a-f06d-4600-a00a-ae707e5aeeb0<%|%>1b538e31-581d-4e4b-9e31-a85592254754
94ebd779-7712-41cd-bece-74442766a5ca<%|%>1b538e31-581d-4e4b-9e31-a85592254754
8a5d4074-0f55-43e6-8426-f3fbce68403a<%|%>1b538e31-581d-4e4b-9e31-a85592254754
27f12f5e-864f-453b-a6d3-7c8362dd3f92<%|%>1b538e31-581d-4e4b-9e31-a85592254754
33e443e6-0c94-46a5-8684-6d0ade5e674d<%|%>1b538e31-581d-4e4b-9e31-a85592254754
4fad3140-5545-4f95-ba61-fb1d49373d1d<%|%>1b538e31-581d-4e4b-9e31-a85592254754
b9c95ae7-c495-44de-962d-e86260c607a8<%|%>1b538e31-581d-4e4b-9e31-a85592254754
1c3b7987-e9a3-4cb4-a6ca-161467d7eed2<%|%>1b538e31-581d-4e4b-9e31-a85592254754
766c93d0-b897-4f42-9d5b-47e08a860cbc<%|%>1b538e31-581d-4e4b-9e31-a85592254754
da846001-cb54-4908-b877-f9412a7f6ed5<%|%>1b538e31-581d-4e4b-9e31-a85592254754
76771fd5-6768-44cb-816d-1f173cc35da3<%|%>1b538e31-581d-4e4b-9e31-a85592254754
4b68902c-6222-49fe-8e04-cb6942280e7c<%|%>1b538e31-581d-4e4b-9e31-a85592254754
3b75a92f-7dc5-4d2b-9231-66e74dc39493<%|%>1b538e31-581d-4e4b-9e31-a85592254754
8c7596e4-371d-4301-9d8d-7054f402d2d9<%|%>1b538e31-581d-4e4b-9e31-a85592254754
26eb83de-0ec8-4599-8772-ad69fec14cc2<%|%>1b538e31-581d-4e4b-9e31-a85592254754
9e9a6f3e-1789-42e4-9247-192199a534fb<%|%>1b538e31-581d-4e4b-9e31-a85592254754
4d9c19dc-071d-465e-83cf-91dc5e49547c<%|%>1b538e31-581d-4e4b-9e31-a85592254754
1da7ae5e-744a-4bd4-82c3-16c4836d66f0<%|%>1b538e31-581d-4e4b-9e31-a85592254754
757ce0a2-e30d-4ca6-b202-63e7dfbd9d19<%|%>1b538e31-581d-4e4b-9e31-a85592254754
a78de4d0-f43d-4582-a220-a10fbd47b75e<%|%>1b538e31-581d-4e4b-9e31-a85592254754
8bc17d59-5651-4368-b2cd-9578ce80762b<%|%>1b538e31-581d-4e4b-9e31-a85592254754
b03dd5a3-a0c2-4881-a76f-d4817e5c8f1e<%|%>1b538e31-581d-4e4b-9e31-a85592254754
e71c0471-4a3d-4239-854d-1023bfc78a37<%|%>1b538e31-581d-4e4b-9e31-a85592254754
1631768b-ebed-4a3d-be18-dcbceb6ae6d8<%|%>1b538e31-581d-4e4b-9e31-a85592254754
7ab9de04-0ae3-4cd9-ba64-e9a535fa601b<%|%>1b538e31-581d-4e4b-9e31-a85592254754
7dc052a5-dc33-49f4-8b0c-426bf9af580d<%|%>1b538e31-581d-4e4b-9e31-a85592254754
f13186df-d79f-4631-90b8-26792f367d33<%|%>1b538e31-581d-4e4b-9e31-a85592254754
5199156c-57f4-40fd-85a6-cfdb51724631<%|%>1b538e31-581d-4e4b-9e31-a85592254754
d1974179-f2ff-4d16-be06-1895055e79cc<%|%>1b538e31-581d-4e4b-9e31-a85592254754
b01d1715-3cc1-4797-8872-5c34b2247adc<%|%>1b538e31-581d-4e4b-9e31-a85592254754
084e606d-547a-4abe-ba56-60f0ed183f3d<%|%>1b538e31-581d-4e4b-9e31-a85592254754
d463b70d-aad1-447e-a2b1-60b67c2ab6df<%|%>1b538e31-581d-4e4b-9e31-a85592254754
9e631121-1ca3-4213-b5c5-da1a2bfbf7e7<%|%>1b538e31-581d-4e4b-9e31-a85592254754
48d335ec-9fe7-4825-8ef1-16dbb0d2613f<%|%>1b538e31-581d-4e4b-9e31-a85592254754
e5982587-1ce6-43fe-b0d0-f0204445dc64<%|%>1b538e31-581d-4e4b-9e31-a85592254754
a0064088-d2a7-4719-8982-20e004395571<%|%>1b538e31-581d-4e4b-9e31-a85592254754
14b87a0a-01db-44eb-9889-ff81e64b65c1<%|%>1b538e31-581d-4e4b-9e31-a85592254754
18184909-32f7-49c2-a3c2-00d2941709b0<%|%>1b579db1-3f95-46ef-8098-b816fceca798
289d4164-921f-460c-9530-29ca0e681f22<%|%>1b538e31-581d-4e4b-9e31-a85592254754
8ba11099-54ce-4834-b143-6690bd9ef30c<%|%>1b538e31-581d-4e4b-9e31-a85592254754
b1b538ce-a46e-4135-b781-627cc304dbe3<%|%>1b538e31-581d-4e4b-9e31-a85592254754
50def3fa-c7b1-43f3-a99c-4a7d6b0c3ec0<%|%>1b538e31-581d-4e4b-9e31-a85592254754
20a09a25-e81e-46e7-a144-7a31d90072ee<%|%>1b538e31-581d-4e4b-9e31-a85592254754
b9a98438-41dc-4274-a112-04ed77034752<%|%>1b538e31-581d-4e4b-9e31-a85592254754
3b8c70df-2509-415f-8704-fca81708b3db<%|%>1b538e31-581d-4e4b-9e31-a85592254754
1bfb2c23-7287-461c-8fd1-2d63929e8138<%|%>1b538e31-581d-4e4b-9e31-a85592254754
bb2dca8e-dedb-4415-a14e-eb06673dc85b<%|%>1b538e31-581d-4e4b-9e31-a85592254754
0fd14f6a-1b0e-4ccf-a0a7-a0be2035f0b8<%|%>1b538e31-581d-4e4b-9e31-a85592254754
29776c96-6be0-434d-908c-a11135373a3c<%|%>1b538e31-581d-4e4b-9e31-a85592254754
a66176dc-4429-4f3b-b93c-e2d7aca5fe13<%|%>1b538e31-581d-4e4b-9e31-a85592254754
4b2521ec-8112-461f-b432-add7f5383519<%|%>1b538e31-581d-4e4b-9e31-a85592254754
ea1be7ca-523f-4fe6-a955-4e6eeff6cc6b<%|%>1b538e31-581d-4e4b-9e31-a85592254754
49653f57-3067-4649-be1b-c4b65e3b2e4a<%|%>1b538e31-581d-4e4b-9e31-a85592254754
4033e9c5-091c-4143-bff9-b7ea5793c2c6<%|%>1b538e31-581d-4e4b-9e31-a85592254754
a18c9f8b-8b7b-43af-a7f3-5f1d853f7393<%|%>1b538e31-581d-4e4b-9e31-a85592254754
f7d88c8c-2917-41c0-bee9-5f7f24ea5324<%|%>1b538e31-581d-4e4b-9e31-a85592254754
96c8a656-5fd2-44f7-8307-0fcf84c1cdcc<%|%>1b538e31-581d-4e4b-9e31-a85592254754
47484323-210e-4834-bbcf-dd8420086d2f<%|%>1b538e31-581d-4e4b-9e31-a85592254754
deee52b7-7b8a-42b4-a4f7-58d1dd8f420d<%|%>1b538e31-581d-4e4b-9e31-a85592254754
d8d15791-72e7-426f-91ee-6fc69fdd7e0a<%|%>1b538e31-581d-4e4b-9e31-a85592254754
178805a0-5b4f-4ecb-96a6-f17d87d72414<%|%>1b538e31-581d-4e4b-9e31-a85592254754
b39e17b8-3f47-4f02-af54-b42604b984ae<%|%>1b538e31-581d-4e4b-9e31-a85592254754
a90f8bbc-a33c-4817-96a4-03295b5f95e6<%|%>1b538e31-581d-4e4b-9e31-a85592254754
d932684c-ae58-4b76-af74-74f4a07ec3a9<%|%>1b538e31-581d-4e4b-9e31-a85592254754
1b871e24-e3bd-466a-97c7-63e779da8b5b<%|%>1b538e31-581d-4e4b-9e31-a85592254754
ff0864db-4709-40c1-86ee-b3268a599919<%|%>1b538e31-581d-4e4b-9e31-a85592254754
f8be80b4-2849-4f90-a3fd-52ea3707f136<%|%>1b538e31-581d-4e4b-9e31-a85592254754
91e74242-4a3b-4d27-b2bd-2a8774505fc5<%|%>1b538e31-581d-4e4b-9e31-a85592254754
00b6760c-148b-4f34-a842-559e1873a0d1<%|%>1b538e31-581d-4e4b-9e31-a85592254754
d570f091-d463-411c-a63a-05ec0597b531<%|%>1b538e31-581d-4e4b-9e31-a85592254754
febc6dcf-e7d0-4dc7-92dc-068600808fe5<%|%>1b538e31-581d-4e4b-9e31-a85592254754
48d6f0a8-ea50-4ad1-82b2-f9c025fb0a23<%|%>1b538e31-581d-4e4b-9e31-a85592254754
04197a2e-ed66-474c-a220-69878387f557<%|%>1b538e31-581d-4e4b-9e31-a85592254754
02d92ebd-0746-407a-be32-e0e955ba9bee<%|%>1b538e31-581d-4e4b-9e31-a85592254754
3e20bfcc-300c-4e08-9238-c3f599fb8ded<%|%>1b538e31-581d-4e4b-9e31-a85592254754
b01cb435-b6ff-464d-82b6-45e9e917dd59<%|%>1b538e31-581d-4e4b-9e31-a85592254754
b7ecc898-6b44-476c-babb-b8bb17e10665<%|%>1b538e31-581d-4e4b-9e31-a85592254754
9b6046dc-3e81-497b-8b6f-5ccc429f0526<%|%>1b538e31-581d-4e4b-9e31-a85592254754
40fd4969-6ee5-42a4-a1a5-a0d22f8f261c<%|%>1b579db1-3f95-46ef-8098-b816fceca798
5c945089-146a-4735-a54f-246e5fe5048b<%|%>1b538e31-581d-4e4b-9e31-a85592254754
cd118b61-4ec9-499c-b8d5-2f837d1d2a66<%|%>fbb6d200-f068-413d-b197-8e65fe5443ef
b61e4221-46ee-4253-a19f-15943a4223dd<%|%>1b579db1-3f95-46ef-8098-b816fceca798
97ebccca-8765-4944-bfee-1d0fd844af95<%|%>1b538e31-581d-4e4b-9e31-a85592254754
25b6322d-7e09-4093-a0af-c495961375a6<%|%>1b538e31-581d-4e4b-9e31-a85592254754
0808e084-0d12-4ec6-b6ce-100ddd71962a<%|%>1b538e31-581d-4e4b-9e31-a85592254754
fdf92c3c-c8e0-4c5e-9db7-227adea2e9d8<%|%>1b538e31-581d-4e4b-9e31-a85592254754
b3736111-f04c-4af1-9f28-447b88969fd8<%|%>1b538e31-581d-4e4b-9e31-a85592254754
222373b6-7913-4289-89b5-2298bb4b5520<%|%>1b538e31-581d-4e4b-9e31-a85592254754
8c3ff62b-6a3f-4e5c-95ab-508d7a21e4cb<%|%>1b579db1-3f95-46ef-8098-b816fceca798
b3db648e-8ad7-45cd-a1ac-0602452a1f07<%|%>1b538e31-581d-4e4b-9e31-a85592254754
cccb4c90-1412-4158-b930-9f822a138ef0<%|%>1b538e31-581d-4e4b-9e31-a85592254754
e29ccb43-6998-400a-9722-1e33e71dcd6f<%|%>1b538e31-581d-4e4b-9e31-a85592254754
20bce25e-c833-4322-82ef-e5d064671e40<%|%>1b538e31-581d-4e4b-9e31-a85592254754
c0bc68e3-0491-4494-a6b4-ad3108d5cf7d<%|%>1b538e31-581d-4e4b-9e31-a85592254754
a8dcfa80-415b-4b3f-a967-ac4301078f8f<%|%>1b538e31-581d-4e4b-9e31-a85592254754
fbe4b131-f68c-4f8f-bef8-3dd963873c69<%|%>1b538e31-581d-4e4b-9e31-a85592254754
a6e3f8f6-2f46-4548-94b1-cf90c8b23d86<%|%>1b538e31-581d-4e4b-9e31-a85592254754
41c2240a-55ec-439f-bc9a-9e58f479f381<%|%>1b538e31-581d-4e4b-9e31-a85592254754
bc4186ea-ba77-4cb3-b6f4-0c835dae1a98<%|%>1b538e31-581d-4e4b-9e31-a85592254754
073dd5ce-8011-4a17-b7af-0319a8cd61e7<%|%>1b538e31-581d-4e4b-9e31-a85592254754
f2b5e62c-3c52-4f30-a7ee-da8cc97cc9c7<%|%>1b538e31-581d-4e4b-9e31-a85592254754
ad4209bc-bff8-4c42-a83c-9e85d1df8661<%|%>1b538e31-581d-4e4b-9e31-a85592254754
2bf2af65-2614-43ee-87fd-5be28528650a<%|%>1b538e31-581d-4e4b-9e31-a85592254754
709cd5d0-8a6a-4fe8-8dec-6bf31536a124<%|%>1b538e31-581d-4e4b-9e31-a85592254754
e735db60-a7c9-48e7-939b-20ae3a5ce3a3<%|%>1b538e31-581d-4e4b-9e31-a85592254754
52c7e27d-a45a-48a7-a8b5-d078d1a7a9f0<%|%>1b538e31-581d-4e4b-9e31-a85592254754
1dfa0a09-81bb-4c5b-8827-c7f773a532bc<%|%>1b538e31-581d-4e4b-9e31-a85592254754
2c042539-aa83-47bd-b04b-bfbfa80ca96f<%|%>1b538e31-581d-4e4b-9e31-a85592254754
d125a398-f717-4446-949b-9049cf495a0c<%|%>1b538e31-581d-4e4b-9e31-a85592254754
e3a9c5b1-6b7c-42f6-954f-cf7527b73a08<%|%>1b538e31-581d-4e4b-9e31-a85592254754
b1556d48-e76d-4e58-a18b-e49c89481012<%|%>1b538e31-581d-4e4b-9e31-a85592254754
df8250b0-794b-489a-a5e1-f5706e09a31b<%|%>1b538e31-581d-4e4b-9e31-a85592254754
74a189a1-19a9-484d-a8e4-801f8ccd482f<%|%>1b538e31-581d-4e4b-9e31-a85592254754
0f3ee104-25fd-4b1e-bef6-ac1e8792bc3f<%|%>1b538e31-581d-4e4b-9e31-a85592254754
bf5fc0ec-2d76-4601-90b2-e44d8857bff8<%|%>1b538e31-581d-4e4b-9e31-a85592254754
7102d6ff-988f-4500-a3fd-94a613ca54f5<%|%>1b538e31-581d-4e4b-9e31-a85592254754
15ec74be-778f-443e-be1d-4faf62f8b562<%|%>1b538e31-581d-4e4b-9e31-a85592254754
2b403a3a-8d43-4648-8b5e-a144490f0e09<%|%>1b538e31-581d-4e4b-9e31-a85592254754
717e18ec-69c6-4e60-9780-561bbe0b1be5<%|%>1b538e31-581d-4e4b-9e31-a85592254754
2e736bfe-d525-4ffa-b567-e49fa80cbbb3<%|%>1b538e31-581d-4e4b-9e31-a85592254754
8ed2a13a-b3b6-4490-a731-7a1f44df92c1<%|%>1b538e31-581d-4e4b-9e31-a85592254754
e683b302-57f8-432e-8916-5e0034b8171b<%|%>1b538e31-581d-4e4b-9e31-a85592254754
eb0d7d91-4ce2-458a-b3ad-541ef8e2fc86<%|%>1b538e31-581d-4e4b-9e31-a85592254754
6f4beb7b-73eb-460c-9aa3-e771a3288266<%|%>1b538e31-581d-4e4b-9e31-a85592254754
d372c64f-57c8-4693-842a-bbce32e2d293<%|%>1b538e31-581d-4e4b-9e31-a85592254754
a3793665-f251-4998-8cf7-8ce49d588f70<%|%>1b538e31-581d-4e4b-9e31-a85592254754
fb1b8351-227f-4ca3-8d67-3d6d47ee48d2<%|%>1b538e31-581d-4e4b-9e31-a85592254754
b895b57d-b1f3-4dcc-88dc-da87dc224a65<%|%>1b538e31-581d-4e4b-9e31-a85592254754
0d06c50a-09bd-47f1-bc52-d7e9e4a14f52<%|%>1b538e31-581d-4e4b-9e31-a85592254754
c977a656-2ab4-456a-be3e-c6c8379a8405<%|%>1b538e31-581d-4e4b-9e31-a85592254754
b0c63386-4863-4284-80a7-a70a4385b98d<%|%>1b538e31-581d-4e4b-9e31-a85592254754
91da8aef-6cd2-4b1b-83dc-b891f789ef7b<%|%>1b538e31-581d-4e4b-9e31-a85592254754
f3c26b29-58ab-4152-bb28-a7e8b33b58a8<%|%>1b538e31-581d-4e4b-9e31-a85592254754
f0c2f40e-7878-460c-83e3-446966a93fd2<%|%>1b538e31-581d-4e4b-9e31-a85592254754
1a67f9c9-2c81-4fa8-900f-92b13eb62015<%|%>1b538e31-581d-4e4b-9e31-a85592254754
0ee06cad-3852-4a5a-925e-019084e632ee<%|%>1b538e31-581d-4e4b-9e31-a85592254754
6baafb92-aad8-4ce0-8262-0b27459456aa<%|%>1b538e31-581d-4e4b-9e31-a85592254754
723bd982-5860-4da3-891a-c1b6fd4f6bce<%|%>1b538e31-581d-4e4b-9e31-a85592254754
8d6e265e-ef74-459c-ba94-f4d0cdb920c9<%|%>1b538e31-581d-4e4b-9e31-a85592254754
ca745194-8be9-436d-a7fe-ab62432b70c3<%|%>1b538e31-581d-4e4b-9e31-a85592254754
6988928a-df84-49b5-b9d4-03f14975b392<%|%>1b538e31-581d-4e4b-9e31-a85592254754
d329c2e2-5e44-499b-b994-c10dea8b7435<%|%>1b538e31-581d-4e4b-9e31-a85592254754
c50c4ae4-3e23-43fd-95c7-73171b71e22b<%|%>1b538e31-581d-4e4b-9e31-a85592254754
fbed7ec2-c091-4386-8384-fb0170a5c1b9<%|%>1b538e31-581d-4e4b-9e31-a85592254754
ca223e52-e91c-44ea-9763-40ab664c1021<%|%>1b538e31-581d-4e4b-9e31-a85592254754
66275b4a-9bf4-4601-ba08-1b3632143f88<%|%>1b538e31-581d-4e4b-9e31-a85592254754
b1e6e576-8ccd-4c79-9177-5729fce40cec<%|%>1b538e31-581d-4e4b-9e31-a85592254754
3ef58e91-f3d3-4bfd-a882-f099affb68de<%|%>1b538e31-581d-4e4b-9e31-a85592254754
c9e4c2e0-2fa5-462e-8b63-ab395d1cff26<%|%>1b538e31-581d-4e4b-9e31-a85592254754
80b05dc4-276c-447e-aee5-dfdda85c3b07<%|%>1b538e31-581d-4e4b-9e31-a85592254754
bf5a97df-4c41-431a-abe5-6f7dae5339f6<%|%>1b538e31-581d-4e4b-9e31-a85592254754
baa08897-4561-403c-bbfb-c6a77a99429c<%|%>1b538e31-581d-4e4b-9e31-a85592254754
544cc341-868b-4ab2-977e-4328e8c736ab<%|%>1b538e31-581d-4e4b-9e31-a85592254754
c2fa224d-b856-4b8b-930c-d4a43aac06e4<%|%>1b538e31-581d-4e4b-9e31-a85592254754
5b64c06c-af84-466d-b10d-2bfe7d5bd979<%|%>1b538e31-581d-4e4b-9e31-a85592254754
b15f7eae-b7a4-4d32-9d10-ed865b333fff<%|%>1b538e31-581d-4e4b-9e31-a85592254754
3ebf4917-f819-4565-8432-5e5cae7dc88a<%|%>1b538e31-581d-4e4b-9e31-a85592254754
1ced8530-bc0a-4dfd-b10a-8d9e88929f7a<%|%>1b538e31-581d-4e4b-9e31-a85592254754
e3f8c961-eb59-461e-b959-e5d490ac5351<%|%>1b538e31-581d-4e4b-9e31-a85592254754
03c55f3e-4970-47f9-a681-1686ca7eef8c<%|%>1b538e31-581d-4e4b-9e31-a85592254754
b0cf0bdf-8eeb-4f5a-9584-e8006cc5dfd4<%|%>1b538e31-581d-4e4b-9e31-a85592254754
b71fe3bf-e8ef-4c46-921d-3eae118b9c8d<%|%>1b538e31-581d-4e4b-9e31-a85592254754
ae3d63eb-bd83-496f-8ecd-d499bf7eecf9<%|%>1b538e31-581d-4e4b-9e31-a85592254754
bd1e1437-98b7-4021-9f7b-6a37e5f7e294<%|%>1b538e31-581d-4e4b-9e31-a85592254754
28d13dc0-6d67-4754-bda8-b467d31bf64d<%|%>1b538e31-581d-4e4b-9e31-a85592254754
b6649835-ebdc-4c8f-96b5-625d0c38498e<%|%>1b538e31-581d-4e4b-9e31-a85592254754
368fe229-7577-4491-afd5-8075083d6f45<%|%>1b538e31-581d-4e4b-9e31-a85592254754
2e3652d8-4ac7-4bfa-88ca-7c1c0d4ae0f6<%|%>1b538e31-581d-4e4b-9e31-a85592254754
14737dee-461c-44e3-9f67-96312a3a9847<%|%>1b538e31-581d-4e4b-9e31-a85592254754
8a69998f-7195-44c4-a9b2-368ff0d93c65<%|%>1b538e31-581d-4e4b-9e31-a85592254754
898ee2ab-36ff-4dd5-a035-2206d11ad900<%|%>1b538e31-581d-4e4b-9e31-a85592254754
8a2e96c5-1673-4287-a647-f9ad770183e0<%|%>1b538e31-581d-4e4b-9e31-a85592254754
20cf8c03-969a-4846-b019-9f65759e3ca0<%|%>1b538e31-581d-4e4b-9e31-a85592254754
0ad05669-4f3e-4bb0-93f0-fe2330be2cd3<%|%>1b538e31-581d-4e4b-9e31-a85592254754
621afd62-0ecf-428b-b9c2-70b5433a56da<%|%>1b538e31-581d-4e4b-9e31-a85592254754
6c1fb72a-9b6d-46a1-8f58-bebe7c3fc977<%|%>1b538e31-581d-4e4b-9e31-a85592254754
a39c077f-129a-4825-869c-59e9367a2332<%|%>1b538e31-581d-4e4b-9e31-a85592254754
a28c5b44-86e1-45af-a5b2-0bb027b01178<%|%>1b538e31-581d-4e4b-9e31-a85592254754
78527fa1-5884-44bb-b1b3-f1ed58804143<%|%>1b538e31-581d-4e4b-9e31-a85592254754
4717b89e-9f2d-4bd0-bb42-9bd25ec7dc82<%|%>1b538e31-581d-4e4b-9e31-a85592254754
7e2cb62c-7ee2-44c8-8d45-143c49bdc37d<%|%>1b538e31-581d-4e4b-9e31-a85592254754
c4729273-3456-416c-83c3-95abb9a7c312<%|%>1b538e31-581d-4e4b-9e31-a85592254754
ad9aa107-0498-4476-bde3-326af65b637c<%|%>1b538e31-581d-4e4b-9e31-a85592254754
8a1c8b53-6b23-4d60-9ec9-98a190e73527<%|%>1b538e31-581d-4e4b-9e31-a85592254754
24e1a192-d806-44f6-9b49-780bd656074c<%|%>1b538e31-581d-4e4b-9e31-a85592254754
b63218b6-51c7-4e54-9919-ccf0797cbb3b<%|%>1b538e31-581d-4e4b-9e31-a85592254754
1b859206-c489-4c80-9ee8-dd86773cadaa<%|%>1b538e31-581d-4e4b-9e31-a85592254754
32a8abb4-1143-465d-8e8b-8aa2892e4ecb<%|%>1b538e31-581d-4e4b-9e31-a85592254754
f72bcaef-6364-4f67-9a3d-b09c0b07a348<%|%>1b538e31-581d-4e4b-9e31-a85592254754
63cd0646-fba6-4dab-89de-dd0f74d14e4f<%|%>1b538e31-581d-4e4b-9e31-a85592254754
e4bd3fd8-4ea9-4148-9b50-f9856918d6cb<%|%>1b538e31-581d-4e4b-9e31-a85592254754
ceaa955a-dfa4-4709-8c12-61a42765154b<%|%>1b538e31-581d-4e4b-9e31-a85592254754
9bb423f1-de3f-4bbd-8722-21cfdde47cb0<%|%>1b538e31-581d-4e4b-9e31-a85592254754
a20c5143-8782-44d1-a9ba-52684648d7ef<%|%>1b538e31-581d-4e4b-9e31-a85592254754
54a2cbb2-0b84-48a4-81fa-a2ebd09fbdf6<%|%>1b538e31-581d-4e4b-9e31-a85592254754
ea506fc9-2ef2-405a-91f4-cd5613eb8817<%|%>1b538e31-581d-4e4b-9e31-a85592254754
53705a87-cc0c-4897-a3f4-5d54913c52b4<%|%>1b538e31-581d-4e4b-9e31-a85592254754
63ba187d-08f3-45cc-97a1-3e317e9c5191<%|%>1b538e31-581d-4e4b-9e31-a85592254754
5520fc8f-6c6d-4162-b177-22abe43c420c<%|%>1b538e31-581d-4e4b-9e31-a85592254754
ebff8495-1cd2-49dc-b5ce-263265961218<%|%>1b538e31-581d-4e4b-9e31-a85592254754
a5d4738a-50b9-4bbc-ae75-3e6752b0a4ff<%|%>1b538e31-581d-4e4b-9e31-a85592254754
2a2c82c2-f023-4e41-9c14-530a2d82372b<%|%>1b538e31-581d-4e4b-9e31-a85592254754
51110561-4219-4058-ba52-c4352836db57<%|%>1b538e31-581d-4e4b-9e31-a85592254754
493490dd-32b6-4bbe-9c7b-88e7c8a7ee96<%|%>1b538e31-581d-4e4b-9e31-a85592254754
d8dc77e1-ebf4-4960-880f-62be310196c1<%|%>1b538e31-581d-4e4b-9e31-a85592254754
7162d14a-6861-464f-9126-ee4b1d37fffe<%|%>1b538e31-581d-4e4b-9e31-a85592254754
3c6a119b-65c1-4981-a4b0-5d808eb5c12a<%|%>1b538e31-581d-4e4b-9e31-a85592254754
b97c655c-92b8-45f8-a951-fd72464c7047<%|%>1b538e31-581d-4e4b-9e31-a85592254754
4cf61a14-138f-4d9f-90e3-77fa1d539360<%|%>1b538e31-581d-4e4b-9e31-a85592254754
3424b574-6535-43dc-9d8a-adde55f11c8c<%|%>1b538e31-581d-4e4b-9e31-a85592254754
dd8caa97-c878-419f-87ad-3c3981f4c0b3<%|%>1b538e31-581d-4e4b-9e31-a85592254754
5b5c6daa-424c-42d9-8504-880d3fd2e387<%|%>1b538e31-581d-4e4b-9e31-a85592254754
8755c0c8-3c26-44e1-b2ff-c67527b5f4cd<%|%>1b538e31-581d-4e4b-9e31-a85592254754
7faf29d8-202a-48b5-ba14-eae81365e3dd<%|%>1b538e31-581d-4e4b-9e31-a85592254754
b31567c2-0b45-43c4-bd11-db7cb0751790<%|%>1b538e31-581d-4e4b-9e31-a85592254754
bbb625d2-9be4-4f55-b82b-9101e9d0e834<%|%>1b538e31-581d-4e4b-9e31-a85592254754
738b0f6f-cde2-4a1c-bdb6-f1d71d614a79<%|%>1b538e31-581d-4e4b-9e31-a85592254754
5fe002c0-1bfd-4cb6-a8bc-8ff6c697a32b<%|%>1b538e31-581d-4e4b-9e31-a85592254754
7c53ec7c-b0f4-4f96-ab90-ca4417d77bb0<%|%>1b538e31-581d-4e4b-9e31-a85592254754
16942ddd-c98b-4701-bbd3-34ad5e5a9ded<%|%>1b538e31-581d-4e4b-9e31-a85592254754
1c85b998-7cd8-489b-80e4-49e3e2d3c5b1<%|%>1b538e31-581d-4e4b-9e31-a85592254754
f98ad836-db1d-4f9d-b930-59e156960766<%|%>1b538e31-581d-4e4b-9e31-a85592254754
2edc5b32-0373-400c-b1fb-f919814e6f6b<%|%>1b538e31-581d-4e4b-9e31-a85592254754
130fd7bc-c906-41e9-9b32-58af7cd8f419<%|%>1b538e31-581d-4e4b-9e31-a85592254754
8f65e4ae-aa91-4ea0-a265-6bca73bc19ea<%|%>1b538e31-581d-4e4b-9e31-a85592254754
9515f00c-ec63-4fd7-b07d-1b0752b5cdd0<%|%>1b538e31-581d-4e4b-9e31-a85592254754
68e775f9-0cf7-42bd-8790-62db6523c017<%|%>1b538e31-581d-4e4b-9e31-a85592254754
40f369ff-ace3-4504-a678-ca833fdedde8<%|%>1b538e31-581d-4e4b-9e31-a85592254754
f9bd477a-8cf2-4009-9deb-1ad925c1f6bc<%|%>1b538e31-581d-4e4b-9e31-a85592254754
f0989c01-2dde-4dd5-b46b-8fa31757da08<%|%>1b538e31-581d-4e4b-9e31-a85592254754
1729405c-a282-4f1c-92c4-31d52edfaaa3<%|%>1b538e31-581d-4e4b-9e31-a85592254754
c1c07efc-4d11-4004-9f47-d6bd418d0601<%|%>1b538e31-581d-4e4b-9e31-a85592254754
eff5b1fe-d020-4175-ac53-d28d9c722e33<%|%>1b538e31-581d-4e4b-9e31-a85592254754
054ded47-03e4-480a-ae73-5b5c2bf923e4<%|%>1b538e31-581d-4e4b-9e31-a85592254754
5329580a-e703-4c2e-a86f-f61416e52b39<%|%>1b538e31-581d-4e4b-9e31-a85592254754
7c388217-93d4-491a-acda-bee527e5950e<%|%>1b538e31-581d-4e4b-9e31-a85592254754
d2fcc933-0637-45e5-933b-6a5ac5cdc53f<%|%>1b538e31-581d-4e4b-9e31-a85592254754
aabd3a61-73c3-4bcc-be03-d9bc7e137275<%|%>1b538e31-581d-4e4b-9e31-a85592254754
847d19f5-7452-4de0-a710-54857ff2c3a2<%|%>1b538e31-581d-4e4b-9e31-a85592254754
6d17e922-533e-4b7d-9109-cced53c7ab22<%|%>1b538e31-581d-4e4b-9e31-a85592254754
93e14024-a5a5-4cdb-b224-ff4787f140d0<%|%>1b538e31-581d-4e4b-9e31-a85592254754
7ae05631-514e-44b0-9253-cf1e58e1c8b7<%|%>1b538e31-581d-4e4b-9e31-a85592254754
3f9f066b-c2d1-4544-9074-77a9e3c90931<%|%>1b538e31-581d-4e4b-9e31-a85592254754
6e42b79c-25f6-4c8b-b901-64145263bd7b<%|%>1b538e31-581d-4e4b-9e31-a85592254754
0ca096fb-7d1b-4ce7-88ea-85274458861f<%|%>1b538e31-581d-4e4b-9e31-a85592254754
69d29ee8-4108-44ba-9a54-bfeee05b5841<%|%>1b538e31-581d-4e4b-9e31-a85592254754
22894da0-6b99-477d-b576-9d8a4694292d<%|%>1b538e31-581d-4e4b-9e31-a85592254754
0444a68d-2918-4f49-828c-c4a383889fd9<%|%>1b538e31-581d-4e4b-9e31-a85592254754
73416792-16da-44c4-82c6-3a846bc46669<%|%>1b538e31-581d-4e4b-9e31-a85592254754
2c2b01f3-0cd1-42c3-abd8-5a9180782be0<%|%>1b538e31-581d-4e4b-9e31-a85592254754
c6b2a68d-277c-407a-90e6-d78891279a4b<%|%>1b538e31-581d-4e4b-9e31-a85592254754
6d78f801-e016-43ad-b1f7-415a9e4e1339<%|%>1b538e31-581d-4e4b-9e31-a85592254754
d948f136-04f0-42d4-96f6-012450ecd1d2<%|%>1b538e31-581d-4e4b-9e31-a85592254754
f5099217-8020-4717-8fc4-f0c0571c5ddd<%|%>1b538e31-581d-4e4b-9e31-a85592254754
dad929c8-dc0e-4b12-ab34-f931f0525117<%|%>1b538e31-581d-4e4b-9e31-a85592254754
09c7707c-77ef-4029-babc-8cabc9cf5bbc<%|%>1b538e31-581d-4e4b-9e31-a85592254754
0b9c8bb4-80ef-44f3-921e-948bb7f7d6f7<%|%>1b538e31-581d-4e4b-9e31-a85592254754
63db9d04-1501-400d-8ee3-b834e2d5cb9f<%|%>1b538e31-581d-4e4b-9e31-a85592254754
c3e87fab-acd9-41e1-878a-26884738e2da<%|%>1b538e31-581d-4e4b-9e31-a85592254754
d20eacc3-77fa-47e0-8a8f-24656764bd54<%|%>1b538e31-581d-4e4b-9e31-a85592254754
8c50c353-0d35-4f85-9310-295acc707575<%|%>1b538e31-581d-4e4b-9e31-a85592254754
8a7113ba-9e6f-4e0e-bf17-bc3e8368626b<%|%>1b538e31-581d-4e4b-9e31-a85592254754
53942b84-2e56-4857-a007-512ac9775ed9<%|%>1b538e31-581d-4e4b-9e31-a85592254754
de5290f2-9453-4841-aab3-043d7a4444f3<%|%>1b538e31-581d-4e4b-9e31-a85592254754
5fc61b03-2309-4b30-a074-d7a3b8774511<%|%>1b538e31-581d-4e4b-9e31-a85592254754
28fb1db3-bd83-4cf3-ae2f-03eeca5a026b<%|%>1b538e31-581d-4e4b-9e31-a85592254754
dd8e3b88-03e3-476b-95a1-620853456eec<%|%>1b538e31-581d-4e4b-9e31-a85592254754
e028c6c6-7ac3-4b20-b899-5babda6556fe<%|%>1b538e31-581d-4e4b-9e31-a85592254754
306924cd-dc59-4465-a5c8-1941aa8482bb<%|%>1b538e31-581d-4e4b-9e31-a85592254754
2bbbcbe0-dfb0-4631-81b9-51e0bd5ca2b0<%|%>1b538e31-581d-4e4b-9e31-a85592254754
9092bf2d-f91c-4af1-a149-0fc04b5e3041<%|%>1b538e31-581d-4e4b-9e31-a85592254754
4098d32b-791a-4219-ad51-a2cd4d2ee93d<%|%>1b538e31-581d-4e4b-9e31-a85592254754
ae90be12-718b-4f7a-b7d1-62aa8add5317<%|%>1b538e31-581d-4e4b-9e31-a85592254754
bf364b49-ac67-4ad8-9a9f-6fc38887a8ac<%|%>1b538e31-581d-4e4b-9e31-a85592254754
fdb273d8-7eb7-4b8d-80bc-ac5f41ad6287<%|%>1b538e31-581d-4e4b-9e31-a85592254754
fd1949a8-a3de-4619-b605-4517da8a18d5<%|%>1b538e31-581d-4e4b-9e31-a85592254754
ba317997-1ddf-4602-ba9f-236a5317649e<%|%>1b538e31-581d-4e4b-9e31-a85592254754
0e134673-e896-4080-9b06-def0b0c1ad62<%|%>1b538e31-581d-4e4b-9e31-a85592254754
1a9ed106-61bd-4009-9b28-3c71011112e4<%|%>1b538e31-581d-4e4b-9e31-a85592254754
e79771a3-f7b6-4a6c-a6a6-646c51bb70b6<%|%>1b538e31-581d-4e4b-9e31-a85592254754
df2f1049-f91b-4458-9411-66639901a191<%|%>1b538e31-581d-4e4b-9e31-a85592254754
9b2cca8f-e88d-4fa3-8e48-ba7b80b89682<%|%>1b538e31-581d-4e4b-9e31-a85592254754
7fb3b9f4-e384-41ea-aa0f-66402a7c36eb<%|%>1b538e31-581d-4e4b-9e31-a85592254754
7e01b71f-a1d5-4bca-83af-0dacec911592<%|%>1b538e31-581d-4e4b-9e31-a85592254754
939de517-94af-4a6c-99cf-c112224490d2<%|%>1b538e31-581d-4e4b-9e31-a85592254754
9f46cc05-8c67-48fb-9b77-9ed2d71ac55f<%|%>1b538e31-581d-4e4b-9e31-a85592254754
acede93c-8a7b-4794-8d36-27f1b5309116<%|%>1b538e31-581d-4e4b-9e31-a85592254754
4869ed53-0a92-4997-ba94-6c6c81b3fd3f<%|%>1b538e31-581d-4e4b-9e31-a85592254754
62c859f6-f85a-47de-8c91-324b61fabcef<%|%>1b538e31-581d-4e4b-9e31-a85592254754
aa4b610e-0a6e-40dd-8c09-01f556d6937a<%|%>1b538e31-581d-4e4b-9e31-a85592254754
d379f814-0c6d-485b-9b18-204578d3257f<%|%>1b538e31-581d-4e4b-9e31-a85592254754
80ecea28-3cff-4a11-9d56-2dee0ec85c17<%|%>1b538e31-581d-4e4b-9e31-a85592254754
fbdc246c-f491-4e97-85c6-a0ec1f2b5d01<%|%>1b538e31-581d-4e4b-9e31-a85592254754
452c7cc3-b47e-492c-a0db-1da754043a6a<%|%>1b538e31-581d-4e4b-9e31-a85592254754
c2783c03-1dc9-4166-910b-c3c43fde8f18<%|%>1b538e31-581d-4e4b-9e31-a85592254754
95343369-0030-48f9-abe7-9a7c7dcd02d1<%|%>1b538e31-581d-4e4b-9e31-a85592254754
524a2db4-4a03-483b-baac-8a5270a5767d<%|%>1b538e31-581d-4e4b-9e31-a85592254754
82f30a0e-d368-4a16-bad9-e4b9aaeffe8a<%|%>1b538e31-581d-4e4b-9e31-a85592254754
03cca404-f56a-47dc-b4b3-a6a26cc9f1e8<%|%>1b538e31-581d-4e4b-9e31-a85592254754
ceb1d8cb-8d41-4564-932e-02932564dd03<%|%>1b538e31-581d-4e4b-9e31-a85592254754
442bb85c-8ba2-4cb7-9abf-0aa4e834452d<%|%>1b538e31-581d-4e4b-9e31-a85592254754
0d1049f7-e74c-449e-8a78-1ccfb1643254<%|%>1b538e31-581d-4e4b-9e31-a85592254754
25d22ab8-3814-4382-8aa5-4d245a8518fd<%|%>1b538e31-581d-4e4b-9e31-a85592254754
02b901a6-7817-4894-9469-c9e63941ba13<%|%>1b538e31-581d-4e4b-9e31-a85592254754
a0214466-3839-469d-82f8-b25a9d07267c<%|%>1b538e31-581d-4e4b-9e31-a85592254754
397acaae-767e-46ca-a52e-ab4c80f944c7<%|%>1b538e31-581d-4e4b-9e31-a85592254754
fccce986-5342-4b92-a219-a1100b9432f3<%|%>1b538e31-581d-4e4b-9e31-a85592254754
0af709c6-9545-459f-aed4-7a9447bd7769<%|%>1b538e31-581d-4e4b-9e31-a85592254754
9488b2e7-73da-4ede-8a0d-960da4a8cc7b<%|%>1b538e31-581d-4e4b-9e31-a85592254754
d8049efd-1318-41aa-a9ca-1834877e34f9<%|%>1b538e31-581d-4e4b-9e31-a85592254754
85fd2e8f-8a2e-4331-881c-7f7a672d07b9<%|%>1b538e31-581d-4e4b-9e31-a85592254754
e60f0f12-0b29-4d6c-90be-0914c95e7800<%|%>1b538e31-581d-4e4b-9e31-a85592254754
1756ef07-cec3-42a1-b742-801ce3249c5f<%|%>1b538e31-581d-4e4b-9e31-a85592254754
c14f9264-a7f5-4875-8292-a89c16f05b99<%|%>1b538e31-581d-4e4b-9e31-a85592254754
68231357-77a9-4fa7-934d-2460912867ad<%|%>1b538e31-581d-4e4b-9e31-a85592254754
d70eac97-65fd-4d73-998c-c8c0c4d0daab<%|%>1b538e31-581d-4e4b-9e31-a85592254754
0f7a5edc-d3c7-4f6a-8183-bcea523606b2<%|%>1b538e31-581d-4e4b-9e31-a85592254754
6f438463-f73f-4618-a242-9190660ecb68<%|%>1b538e31-581d-4e4b-9e31-a85592254754
ab221296-7cad-4b71-bdc1-906e88657421<%|%>1b538e31-581d-4e4b-9e31-a85592254754
c296e656-e068-471f-a847-7d69cfb12d5a<%|%>1b538e31-581d-4e4b-9e31-a85592254754
4fdb3251-5de6-456f-abfb-e06a271f2b21<%|%>1b538e31-581d-4e4b-9e31-a85592254754
d0981a03-abf7-4943-b9f0-b5efd792630c<%|%>1b538e31-581d-4e4b-9e31-a85592254754
bdea4f9a-981f-4f16-8a78-6b0ea78871d1<%|%>1b538e31-581d-4e4b-9e31-a85592254754
d5508c2e-9688-483a-a88c-a929263428dc<%|%>1b538e31-581d-4e4b-9e31-a85592254754
03aba783-e1df-4d2f-8b7f-f00781e33148<%|%>1b538e31-581d-4e4b-9e31-a85592254754
8a4bead3-1f46-41e0-9bf8-5456b75d8cce<%|%>1b538e31-581d-4e4b-9e31-a85592254754
bd89102b-2577-44cb-ae7d-1b802f8fece2<%|%>1b579db1-3f95-46ef-8098-b816fceca798
1e03f1a1-0ea2-4506-b04f-65b75e2917de<%|%>1b538e31-581d-4e4b-9e31-a85592254754
320045a7-e7d6-44d7-b799-7fc688b5983d<%|%>1b538e31-581d-4e4b-9e31-a85592254754
c223e7f2-e73e-46f1-b2f8-35db081db978<%|%>1b538e31-581d-4e4b-9e31-a85592254754
0ed572d7-39a4-422e-9a09-dfc72aa46ce0<%|%>1b538e31-581d-4e4b-9e31-a85592254754
a6ef02f4-f7e8-47d3-811c-1e6dc47eb8f3<%|%>1b538e31-581d-4e4b-9e31-a85592254754
5ef793b6-0287-4220-8d0f-c1d6ee67dc09<%|%>1b538e31-581d-4e4b-9e31-a85592254754
49132f38-6743-4acc-a4a5-ad00c7d67888<%|%>1b538e31-581d-4e4b-9e31-a85592254754
0a95b81d-9629-4d45-826a-d3b268d953dc<%|%>1b538e31-581d-4e4b-9e31-a85592254754
c0db481b-5190-4ce1-884c-07f40a620b6e<%|%>1b538e31-581d-4e4b-9e31-a85592254754
76ed8c9e-b666-4922-9f3d-a770fcaa8657<%|%>1b579db1-3f95-46ef-8098-b816fceca798
66906885-2953-401f-8b4b-320d1260d9e5<%|%>1b538e31-581d-4e4b-9e31-a85592254754
ed94c28c-e795-44ac-9759-0fea14bc5100<%|%>1b538e31-581d-4e4b-9e31-a85592254754
716a0b24-8aa6-48da-b08b-a1d46ff561ed<%|%>1b538e31-581d-4e4b-9e31-a85592254754
b1830087-81a1-4906-9090-a600ff8588e7<%|%>1b538e31-581d-4e4b-9e31-a85592254754
e8d66bf0-f2c1-403d-95ca-197f60eae71c<%|%>1b538e31-581d-4e4b-9e31-a85592254754
dae45f62-0fe9-4421-959c-cedc9e23851d<%|%>1b579db1-3f95-46ef-8098-b816fceca798
46a5d5b4-8b60-4a56-b71c-b524d555716b<%|%>1b579db1-3f95-46ef-8098-b816fceca798
6b0305ed-4d12-4e8a-b90f-aa25fc114478<%|%>1b579db1-3f95-46ef-8098-b816fceca798
bd24cebe-538c-44e1-a455-4485f86abdfb<%|%>1b538e31-581d-4e4b-9e31-a85592254754
33eef85a-5ba7-43d1-b61e-993278f9b09a<%|%>1b538e31-581d-4e4b-9e31-a85592254754
fc4bd8c4-6198-43f2-82cb-eb0c8f65548c<%|%>1b538e31-581d-4e4b-9e31-a85592254754
6676ae71-6fd2-4ff6-ba0a-4f4742ae12fa<%|%>1b538e31-581d-4e4b-9e31-a85592254754
a801d489-1481-40af-9981-7cca5d13d6bd<%|%>1b538e31-581d-4e4b-9e31-a85592254754
75201457-0fb6-4e67-a9a4-502b0a300697<%|%>1b538e31-581d-4e4b-9e31-a85592254754
0b1ce692-2eef-4157-a6ea-e8fbaf943c40<%|%>1b538e31-581d-4e4b-9e31-a85592254754
77be0767-904f-4bd7-ba65-67eba0b08d12<%|%>1b579db1-3f95-46ef-8098-b816fceca798
8d259ddc-b1f9-49c3-b1c2-ec39880a115f<%|%>1b538e31-581d-4e4b-9e31-a85592254754
b7942b07-0036-4109-9dec-437569ea5415<%|%>1b538e31-581d-4e4b-9e31-a85592254754
001da446-6a46-418e-bb2b-6a367129f33b<%|%>1b538e31-581d-4e4b-9e31-a85592254754
192d6468-52ef-4f1b-824b-aa986c0df7df<%|%>1b538e31-581d-4e4b-9e31-a85592254754
7a8e819a-f198-4bc5-bde3-5d8939513b94<%|%>1b538e31-581d-4e4b-9e31-a85592254754
3b9754e3-f2e3-4246-a540-ce731f6ab859<%|%>1b538e31-581d-4e4b-9e31-a85592254754
d0549d7b-f771-485d-9067-da7a2f6e249e<%|%>1b538e31-581d-4e4b-9e31-a85592254754
1aaa24ae-ed1f-42c3-a908-24ab55c78deb<%|%>1b538e31-581d-4e4b-9e31-a85592254754
dc993b7e-8ead-4d80-8f0c-f05f174c1b06<%|%>1b538e31-581d-4e4b-9e31-a85592254754
0d50b1f3-4c5d-4d16-a26f-e4cce3ebbf74<%|%>1b538e31-581d-4e4b-9e31-a85592254754
c1b23e88-8cba-484d-a479-a6be0342ccbd<%|%>1b538e31-581d-4e4b-9e31-a85592254754
c57cf7ae-7e70-4e1f-b219-36792841ae80<%|%>1b579db1-3f95-46ef-8098-b816fceca798
191df03d-5991-43cc-9bf9-e56f7e92fa03<%|%>1b538e31-581d-4e4b-9e31-a85592254754
1e74e0b0-ec33-4911-bbec-0cf1047acdff<%|%>1b538e31-581d-4e4b-9e31-a85592254754
0bb8a8d2-6ce6-43a2-acaf-03859536a1ce<%|%>1b538e31-581d-4e4b-9e31-a85592254754
17722b42-1441-4f42-bf54-860f4228602d<%|%>1b538e31-581d-4e4b-9e31-a85592254754
47c736d5-56da-4b20-ab52-6daafadce513<%|%>1b538e31-581d-4e4b-9e31-a85592254754
84bc182c-4dae-49bc-b35d-61ad0564cb42<%|%>1b538e31-581d-4e4b-9e31-a85592254754
7e0371a4-5c2a-4237-86aa-05cd00915684<%|%>1b538e31-581d-4e4b-9e31-a85592254754
d2caff0a-2f6f-429f-a6a0-dc879b9b6cd7<%|%>1b538e31-581d-4e4b-9e31-a85592254754
50d24ea3-596b-431a-923a-35b33022e8b5<%|%>1b538e31-581d-4e4b-9e31-a85592254754
5ffe65ad-859c-44b2-ac43-b6a5d8d6a547<%|%>1b538e31-581d-4e4b-9e31-a85592254754
cebc801a-b106-4de9-a4d8-1005273e6ce3<%|%>1b538e31-581d-4e4b-9e31-a85592254754
457d8b26-c51d-48e7-a28b-658edc19f96c<%|%>1b538e31-581d-4e4b-9e31-a85592254754
610b5a7f-2fb4-480b-b5e6-1cbc3c704391<%|%>1b538e31-581d-4e4b-9e31-a85592254754
f8ddffbb-8e3a-40db-ab39-366649e74765<%|%>1b538e31-581d-4e4b-9e31-a85592254754
e1cc2639-6c11-447e-a1cc-c8ede7614315<%|%>1b538e31-581d-4e4b-9e31-a85592254754
66ee9fcd-2f5d-42f6-ade3-c4d3d46ed758<%|%>1b538e31-581d-4e4b-9e31-a85592254754
3185c335-7ee6-4f75-a0c6-2a7393bc036f<%|%>1b538e31-581d-4e4b-9e31-a85592254754
c2b81253-7c5c-457f-80b2-57ac19fa1b7f<%|%>1b538e31-581d-4e4b-9e31-a85592254754
edcb6225-c82a-4747-8734-1f360ff3ea6b<%|%>1b538e31-581d-4e4b-9e31-a85592254754
98487c9a-ead9-4872-b010-023112f858f0<%|%>1b538e31-581d-4e4b-9e31-a85592254754
0ff6d52f-5750-4d15-907c-edf559ae356a<%|%>1b538e31-581d-4e4b-9e31-a85592254754
b10f5146-8266-4808-838d-cd5bed7c9ea8<%|%>1b538e31-581d-4e4b-9e31-a85592254754
7f072144-dd53-4145-85e2-b927fdbad444<%|%>1b538e31-581d-4e4b-9e31-a85592254754
ac3c4589-5e5c-4f4b-acda-7e2bdd1647d5<%|%>1b538e31-581d-4e4b-9e31-a85592254754
ee025eb7-c886-424e-8451-556194962e69<%|%>1b538e31-581d-4e4b-9e31-a85592254754
1d09b88a-cb32-46c1-9ad9-dfc3abd2a9a9<%|%>1b538e31-581d-4e4b-9e31-a85592254754
4e812f4a-d0cf-43f8-802f-d9ea47ea26df<%|%>1b538e31-581d-4e4b-9e31-a85592254754
9d9c9d91-c84d-4687-8d1c-04b71d114f00<%|%>1b538e31-581d-4e4b-9e31-a85592254754
a20d90dd-37c1-44d7-b9bc-36638550f4f1<%|%>1b538e31-581d-4e4b-9e31-a85592254754
3ce9e9b1-7c7e-4bd2-9449-e03c586791a8<%|%>1b538e31-581d-4e4b-9e31-a85592254754
3c082785-a5a4-4d48-9c72-67beebe5e4ca<%|%>1b538e31-581d-4e4b-9e31-a85592254754
c680571b-720a-4d23-a7c2-867c445dbafe<%|%>1b538e31-581d-4e4b-9e31-a85592254754
28fe2032-e205-4ed5-89af-e8dbac2a39ca<%|%>1b538e31-581d-4e4b-9e31-a85592254754
d46fc870-63af-4ec8-b030-7a34962ffb12<%|%>1b538e31-581d-4e4b-9e31-a85592254754
831abbd5-be8d-46d2-975b-f5b5df184bcc<%|%>1b538e31-581d-4e4b-9e31-a85592254754
d82481b4-272a-43f2-ab05-f90f6a38da4f<%|%>1b538e31-581d-4e4b-9e31-a85592254754
1a61e1ec-8028-404d-b23a-e587fdd5c1b8<%|%>1b538e31-581d-4e4b-9e31-a85592254754
9d4bf299-8b9f-4883-888d-bc6e1650b483<%|%>1b538e31-581d-4e4b-9e31-a85592254754
4af447d1-0e6a-4749-a12b-e68850eb8c79<%|%>1b538e31-581d-4e4b-9e31-a85592254754
3a77a04d-4be0-4ee6-a385-9da4167f251d<%|%>1b538e31-581d-4e4b-9e31-a85592254754
f9f7627e-2baa-49c5-a7ea-42911515dcc3<%|%>1b538e31-581d-4e4b-9e31-a85592254754
817862ee-fda0-4767-bdc6-b366d7128af8<%|%>1b538e31-581d-4e4b-9e31-a85592254754
79a37a72-5481-4858-a999-15e0e004fca7<%|%>1b538e31-581d-4e4b-9e31-a85592254754
adbd2e0d-72d4-4b26-94c8-fdd8f5e9fb8e<%|%>1b538e31-581d-4e4b-9e31-a85592254754
ad408f14-c0c0-4963-98c0-6000acb52ac9<%|%>1b538e31-581d-4e4b-9e31-a85592254754
59b1f507-32c7-43a8-9ba4-01ec40468710<%|%>1b538e31-581d-4e4b-9e31-a85592254754
17747b66-69d1-4c07-84d6-1c6aba196092<%|%>1b538e31-581d-4e4b-9e31-a85592254754
06f11ddb-9946-4a04-8f6c-74edf6c3bec1<%|%>1b538e31-581d-4e4b-9e31-a85592254754
0a2ba651-0cf5-4dd2-b81a-a450400889c6<%|%>1b538e31-581d-4e4b-9e31-a85592254754
4254233c-b1fd-409e-ae5e-b9d3dd37e234<%|%>1b538e31-581d-4e4b-9e31-a85592254754
0ebaa78b-603a-4b55-bb36-f88dce8feb71<%|%>1b538e31-581d-4e4b-9e31-a85592254754
89fa215e-6a4d-4c89-9929-40078db52bf9<%|%>1b538e31-581d-4e4b-9e31-a85592254754
9ab18f89-4e7b-4aee-af0e-17255a461d78<%|%>1b538e31-581d-4e4b-9e31-a85592254754
2a881ded-6264-4b65-a4e6-47652d298d95<%|%>1b538e31-581d-4e4b-9e31-a85592254754
9971e6fe-aeb0-49b3-9583-0d8489aae6a7<%|%>1b538e31-581d-4e4b-9e31-a85592254754
f7760784-4f52-4e1b-bb79-18c574db48ee<%|%>1b538e31-581d-4e4b-9e31-a85592254754
5acecf4e-5545-4eb2-b6f4-39851a6ee320<%|%>1b538e31-581d-4e4b-9e31-a85592254754
10938dae-7b84-4d06-acdd-4cb0bfa3a013<%|%>1b538e31-581d-4e4b-9e31-a85592254754
2c77c8c2-b6b3-4b10-8175-fac4a5aee12d<%|%>1b538e31-581d-4e4b-9e31-a85592254754
ea8b2727-bbb2-4077-a30e-638551864f38<%|%>1b538e31-581d-4e4b-9e31-a85592254754
0b64d023-1287-4b34-89c9-8ef9b11bfecb<%|%>1b538e31-581d-4e4b-9e31-a85592254754
acc24e44-95cc-4674-9243-c4ab753e9a04<%|%>1b538e31-581d-4e4b-9e31-a85592254754
6d540cdc-1948-40f8-bec4-fc955e271dd0<%|%>1b538e31-581d-4e4b-9e31-a85592254754
a25bf006-5c7a-4b97-9828-42f02752fbe4<%|%>1b538e31-581d-4e4b-9e31-a85592254754
5bdbcb57-7cb8-4ff6-b380-eab352cca729<%|%>1b538e31-581d-4e4b-9e31-a85592254754
006c1bee-9498-4331-bd29-2751f6e38faf<%|%>1b538e31-581d-4e4b-9e31-a85592254754
a25d057c-b055-4947-977b-0b061c2ac358<%|%>1b538e31-581d-4e4b-9e31-a85592254754
7787d087-9d51-4644-a02a-a495e45c3309<%|%>1b538e31-581d-4e4b-9e31-a85592254754
1fc2291a-2e70-457b-9e88-f477159aede7<%|%>1b538e31-581d-4e4b-9e31-a85592254754
1a2930f4-af58-44ca-96b9-6acf109a1b32<%|%>1b538e31-581d-4e4b-9e31-a85592254754
5275eb0d-a084-43d9-8128-6bf91717df62<%|%>1b538e31-581d-4e4b-9e31-a85592254754
22dc8f92-03dc-4414-8c4a-aca80afd4ea2<%|%>1b538e31-581d-4e4b-9e31-a85592254754
77c05014-e691-4b23-803d-f1d4a35c021a<%|%>1b538e31-581d-4e4b-9e31-a85592254754
b3a3e433-b68a-4256-8fde-a8160db3c56f<%|%>1b538e31-581d-4e4b-9e31-a85592254754
bbf305a4-f7c6-4cb5-a607-e50b24d4b4db<%|%>1b538e31-581d-4e4b-9e31-a85592254754
001622ab-b896-47ec-9b12-021abaac5117<%|%>1b538e31-581d-4e4b-9e31-a85592254754
c8234d85-b70b-4d21-ad66-2798f4cc7ef2<%|%>1b538e31-581d-4e4b-9e31-a85592254754
c0db659b-4da8-4878-841e-0169aa53c852<%|%>1b538e31-581d-4e4b-9e31-a85592254754
630687a7-e62a-465b-ad23-f7d7dec9d101<%|%>1b538e31-581d-4e4b-9e31-a85592254754
dbb15237-ca2a-4157-b2cb-7ed746c3a768<%|%>1b538e31-581d-4e4b-9e31-a85592254754
2d56b8b4-618b-45fc-b4ef-fc783da3c06d<%|%>1b538e31-581d-4e4b-9e31-a85592254754
0bd3cef9-4a44-4221-865a-dbfcac1535f9<%|%>1b538e31-581d-4e4b-9e31-a85592254754
49d0fd3a-4b4b-46fd-85e3-01271d25f66b<%|%>1b538e31-581d-4e4b-9e31-a85592254754
8f4c36be-2201-4d6e-8952-f38b4a659159<%|%>1b538e31-581d-4e4b-9e31-a85592254754
9924b2ae-de37-4f17-a061-b2c3335a66ab<%|%>1b538e31-581d-4e4b-9e31-a85592254754
e8fa2355-4296-44e2-9442-e8639de64911<%|%>1b538e31-581d-4e4b-9e31-a85592254754
ae11210e-4058-4a4e-8d31-6351c46ec5af<%|%>1b538e31-581d-4e4b-9e31-a85592254754
8f3f08a9-5275-42e5-bf2f-d7522af23206<%|%>1b538e31-581d-4e4b-9e31-a85592254754
a98d9844-91b0-4207-89a4-c024d67630a6<%|%>1b538e31-581d-4e4b-9e31-a85592254754
84292d94-0f51-4a68-9564-49c303013f13<%|%>1b538e31-581d-4e4b-9e31-a85592254754
3f8cc239-ee3e-4e8b-8e8d-e72f5c557e99<%|%>1b538e31-581d-4e4b-9e31-a85592254754
cb59af0d-42fb-4ee5-ba5f-2bdf1d195c94<%|%>1b538e31-581d-4e4b-9e31-a85592254754
ef2bd1e8-f913-4c90-9cd1-dfd426fcf2fa<%|%>1b538e31-581d-4e4b-9e31-a85592254754
00716f6b-3348-43d7-bd30-3e283c481555<%|%>1b538e31-581d-4e4b-9e31-a85592254754
66745779-326d-4c38-a0c8-485a3cb4a471<%|%>1b538e31-581d-4e4b-9e31-a85592254754
95812d8e-a7bd-4360-8668-88ef3e4ca5ec<%|%>1b538e31-581d-4e4b-9e31-a85592254754
8e4c2746-f5f9-4fb1-be30-710c7aa7bab3<%|%>1b538e31-581d-4e4b-9e31-a85592254754
2f617d98-87fd-46ca-8d44-30a05444e6fe<%|%>1b538e31-581d-4e4b-9e31-a85592254754
f6686293-c085-40cb-943d-b685e81ddf75<%|%>1b538e31-581d-4e4b-9e31-a85592254754
402b87e6-270c-4879-9de8-8d2e7d9e9c5d<%|%>1b538e31-581d-4e4b-9e31-a85592254754
05bda7d6-9e67-4278-a535-47ef20dc98af<%|%>1b538e31-581d-4e4b-9e31-a85592254754
96592855-6c2c-44bf-9b90-447f13a71c6f<%|%>1b538e31-581d-4e4b-9e31-a85592254754
ead4638b-aa52-473a-9c89-50af19a4dc64<%|%>1b538e31-581d-4e4b-9e31-a85592254754
20d723cc-ee68-4b8c-90b6-84f0c11afe40<%|%>1b538e31-581d-4e4b-9e31-a85592254754
b7dfa83f-bfe8-4829-8da6-3082d796af30<%|%>1b538e31-581d-4e4b-9e31-a85592254754
9aa01d89-49b2-4039-8537-6fa04b4da01c<%|%>1b538e31-581d-4e4b-9e31-a85592254754
90fcc473-2e92-41ca-bfc7-bef1523aa479<%|%>1b538e31-581d-4e4b-9e31-a85592254754
98cd0789-b7f6-4d59-a719-3edb75e7e4c9<%|%>1b538e31-581d-4e4b-9e31-a85592254754
f57329df-7d97-47a7-95f0-d6b8f4348dd6<%|%>1b538e31-581d-4e4b-9e31-a85592254754
efc365d9-0de9-49ef-a820-46d1e7797e24<%|%>1b538e31-581d-4e4b-9e31-a85592254754
cd44ff14-587c-4254-a603-c3d399fd14f5<%|%>1b538e31-581d-4e4b-9e31-a85592254754
9e5ee87d-6701-4642-8968-17ce93ac3e8a<%|%>1b538e31-581d-4e4b-9e31-a85592254754
2f246662-eb38-4abc-970d-b703cc28ad11<%|%>1b538e31-581d-4e4b-9e31-a85592254754
66c65dc5-4e9c-4b75-b090-a4cb5ce2291c<%|%>1b538e31-581d-4e4b-9e31-a85592254754
e0effcc8-d58d-4171-b7f6-d09af2c3a2aa<%|%>1b538e31-581d-4e4b-9e31-a85592254754
564086c3-26b6-4768-9252-c9970780cd37<%|%>1b538e31-581d-4e4b-9e31-a85592254754
25931df1-fd2b-466c-8c13-66084e7f6da4<%|%>1b538e31-581d-4e4b-9e31-a85592254754
c91bf4c1-a9e9-4a8f-9cc8-4d6a5bf7ea24<%|%>1b538e31-581d-4e4b-9e31-a85592254754
567783da-32b3-4e9b-9b34-f5d65def083e<%|%>1b538e31-581d-4e4b-9e31-a85592254754
a1738c71-2c17-4b6e-9d7e-b57739614da7<%|%>1b538e31-581d-4e4b-9e31-a85592254754
359275f7-20f9-4771-9191-33e09f1bbbfd<%|%>1b538e31-581d-4e4b-9e31-a85592254754
9155ffbb-bdb0-4faa-be9a-0e0063993135<%|%>1b538e31-581d-4e4b-9e31-a85592254754
2e3f830d-6996-4cfe-80f5-9b1f9513c4fa<%|%>1b538e31-581d-4e4b-9e31-a85592254754
0f237ddb-d496-4fb8-ba57-972fd42b889b<%|%>1b538e31-581d-4e4b-9e31-a85592254754
90af6606-6d4b-41e6-ae6a-8f0454cd370e<%|%>1b538e31-581d-4e4b-9e31-a85592254754
39e549ff-8134-4047-a14e-26510dee2e69<%|%>1b538e31-581d-4e4b-9e31-a85592254754
0c50e46b-ee29-4f40-ab59-3ee3f270e36d<%|%>1b538e31-581d-4e4b-9e31-a85592254754
1ad39411-eb28-434a-8cdb-224051933188<%|%>1b538e31-581d-4e4b-9e31-a85592254754
3e3071ed-db9b-4312-8c11-c3703080e90f<%|%>1b538e31-581d-4e4b-9e31-a85592254754
22013597-2947-4d69-9558-34aaa50835a8<%|%>1b538e31-581d-4e4b-9e31-a85592254754
090a6b1d-2f9f-4c85-b7a6-bb579d829748<%|%>1b538e31-581d-4e4b-9e31-a85592254754
c48a2574-8903-42d1-b7cb-d10bb8a44583<%|%>1b538e31-581d-4e4b-9e31-a85592254754
93482dd7-b75e-4bd6-87c1-3dc6d380cf03<%|%>1b538e31-581d-4e4b-9e31-a85592254754
d8c31eb4-c95a-484c-9c59-b426002f940d<%|%>1b538e31-581d-4e4b-9e31-a85592254754
81fb2ab0-8572-4665-91bf-f7527b7c90dc<%|%>1b538e31-581d-4e4b-9e31-a85592254754
a4cd4b0a-86f1-4c0d-b7cd-38a38f28092e<%|%>1b538e31-581d-4e4b-9e31-a85592254754
e503678f-48c3-408b-bf5a-88b9687ef394<%|%>1b538e31-581d-4e4b-9e31-a85592254754
c2f5d518-e135-42e8-b302-3e0b5bbbcc80<%|%>1b538e31-581d-4e4b-9e31-a85592254754
59ad9751-07a2-4356-bad3-3e18e6d2b3a0<%|%>1b538e31-581d-4e4b-9e31-a85592254754
363de29a-430b-4723-b077-12ded1655cbf<%|%>1b538e31-581d-4e4b-9e31-a85592254754
364943a0-bcd6-486b-8e10-11c535ea0bd6<%|%>1b538e31-581d-4e4b-9e31-a85592254754
05e89cfd-736f-4518-9a33-e9934ae0b15e<%|%>1b538e31-581d-4e4b-9e31-a85592254754
98a29dbe-4013-4385-8c5a-00c33db78019<%|%>1b538e31-581d-4e4b-9e31-a85592254754
b17470e6-8899-4a07-b151-3d2cb84b0aa1<%|%>1b538e31-581d-4e4b-9e31-a85592254754
f4361230-65bb-4f64-86f6-aead8c108059<%|%>1b538e31-581d-4e4b-9e31-a85592254754
e7f53375-fe21-4aa4-a397-43b2d71f0f80<%|%>1b538e31-581d-4e4b-9e31-a85592254754
cae7e905-2ebb-4c20-ad17-6cdc5f224d4e<%|%>1b538e31-581d-4e4b-9e31-a85592254754
5bc5ae63-ab48-4654-8f6f-4fd999b53d32<%|%>1b538e31-581d-4e4b-9e31-a85592254754
da22e7a7-7e94-4351-98de-678a4fbc1d79<%|%>1b538e31-581d-4e4b-9e31-a85592254754
72268426-52e4-4d99-9a8c-e938937535e5<%|%>1b538e31-581d-4e4b-9e31-a85592254754
1cb5e89c-6209-4cdb-8684-4a3f6e20ac26<%|%>1b538e31-581d-4e4b-9e31-a85592254754
477d55d4-c554-4e1a-a67b-5d93eb5f6272<%|%>1b538e31-581d-4e4b-9e31-a85592254754
7edecf9e-e6de-44b1-a2a3-48378792a512<%|%>1b538e31-581d-4e4b-9e31-a85592254754
f29280ba-deb6-475c-a0d5-87ba8e9e682a<%|%>1b538e31-581d-4e4b-9e31-a85592254754
40dc6011-9537-4b58-9298-b71d51801bb1<%|%>1b538e31-581d-4e4b-9e31-a85592254754
d8f677aa-bc0a-49b9-bd1b-da7bb4726ed1<%|%>1b538e31-581d-4e4b-9e31-a85592254754
f2d67704-107b-4dd9-81ed-9b192efbc040<%|%>1b538e31-581d-4e4b-9e31-a85592254754
10b1c8f4-8b8b-4c67-9fb7-7e24e6a51cd6<%|%>1b538e31-581d-4e4b-9e31-a85592254754
248bb949-ffc6-4a3b-9f2d-1c6393c2996b<%|%>1b538e31-581d-4e4b-9e31-a85592254754
292af29d-aa7d-41af-9c84-77e59c5f06f4<%|%>1b538e31-581d-4e4b-9e31-a85592254754
95b20b62-2d64-4def-8159-32b050d35e69<%|%>1b538e31-581d-4e4b-9e31-a85592254754
059b1cd3-1ebc-420a-a9e2-eee1702b1f73<%|%>1b538e31-581d-4e4b-9e31-a85592254754
d9d681da-c639-4d4a-9ebb-cf868b566a81<%|%>1b538e31-581d-4e4b-9e31-a85592254754
c006c3f5-ed69-4efe-8bbf-fe2a1e320c55<%|%>1b538e31-581d-4e4b-9e31-a85592254754
37d67c6e-c1b3-4ff5-bb48-511669fd468b<%|%>1b538e31-581d-4e4b-9e31-a85592254754
2b0493e6-482e-4d95-a88d-b7820320d1f8<%|%>1b538e31-581d-4e4b-9e31-a85592254754
4873bfe2-6c4f-4b0d-9f15-3578409a2937<%|%>1b538e31-581d-4e4b-9e31-a85592254754
575e13c9-9929-4fac-85f9-e19a4fe480bb<%|%>1b538e31-581d-4e4b-9e31-a85592254754
254e21f6-cd9d-4749-a990-05c21830234f<%|%>1b538e31-581d-4e4b-9e31-a85592254754
d2359490-64be-4844-9fec-f46fd53a36c1<%|%>1b538e31-581d-4e4b-9e31-a85592254754
45cd5b9e-35a3-4c38-bb6d-9340c61ca0df<%|%>1b538e31-581d-4e4b-9e31-a85592254754
4ad59169-33af-40ea-bdd3-f6611bfe787d<%|%>1b538e31-581d-4e4b-9e31-a85592254754
e17cde62-7da8-4b63-80af-21992fae1e56<%|%>1b538e31-581d-4e4b-9e31-a85592254754
ebe2b67d-594e-477a-a80c-d97d662535e1<%|%>1b538e31-581d-4e4b-9e31-a85592254754
e07b98fa-aaa7-4916-91a7-cc7305ea97b7<%|%>1b538e31-581d-4e4b-9e31-a85592254754
8d4edb3c-698a-4e97-84ef-e7c33a088e48<%|%>1b538e31-581d-4e4b-9e31-a85592254754
0a4c30b8-f1a7-47d9-b812-98e869db854f<%|%>1b538e31-581d-4e4b-9e31-a85592254754
3912b458-6834-45b7-a88d-828d1b51927b<%|%>1b538e31-581d-4e4b-9e31-a85592254754
d573d84c-6d69-4308-8251-551a47899fe4<%|%>1b538e31-581d-4e4b-9e31-a85592254754
396590be-d5fe-4104-8bc9-cb28393c3170<%|%>1b538e31-581d-4e4b-9e31-a85592254754
cdd60106-17aa-4b36-8674-aec60740cd68<%|%>1b538e31-581d-4e4b-9e31-a85592254754
afb976b7-38b8-4f88-98ac-7e78df9e5604<%|%>1b538e31-581d-4e4b-9e31-a85592254754
f5802eec-7137-4c40-afb2-84cc6a59d83d<%|%>1b538e31-581d-4e4b-9e31-a85592254754
b2fa3bc2-aa98-48cb-b3cf-0e65a7fe7273<%|%>1b538e31-581d-4e4b-9e31-a85592254754
e891c0bc-a5a7-48f6-af92-b441de0c04d5<%|%>1b538e31-581d-4e4b-9e31-a85592254754
86e3938d-1ea4-4d96-b3b7-15d1e6f5030c<%|%>1b538e31-581d-4e4b-9e31-a85592254754
bda98c95-95e9-491f-a52f-2a84da9fe2b0<%|%>1b538e31-581d-4e4b-9e31-a85592254754
7695574b-782f-4cd5-bda3-fea186bd59a4<%|%>1b538e31-581d-4e4b-9e31-a85592254754
2417f12a-10be-47d9-b76e-5fc6ef2a4ab5<%|%>1b538e31-581d-4e4b-9e31-a85592254754
71e57ccf-b1db-4857-a33a-708e640c92c3<%|%>1b538e31-581d-4e4b-9e31-a85592254754
9986de27-5afd-41c3-a4bc-ebdcac7ce04c<%|%>1b538e31-581d-4e4b-9e31-a85592254754
030b6dec-2462-4776-9b1b-69378d5e36bc<%|%>1b538e31-581d-4e4b-9e31-a85592254754
08c523ae-7251-4308-8d94-b3cdeca52854<%|%>1b538e31-581d-4e4b-9e31-a85592254754
fc232ebb-e33b-446f-8806-d1afef4974b9<%|%>1b538e31-581d-4e4b-9e31-a85592254754
9ad4b974-c20a-41a3-b420-94b5e844cc32<%|%>1b538e31-581d-4e4b-9e31-a85592254754
b438cdc5-e6b1-4230-954f-cc3a4a32d740<%|%>1b538e31-581d-4e4b-9e31-a85592254754
a38baaa0-1c41-46b4-8f0e-03150464ca73<%|%>1b538e31-581d-4e4b-9e31-a85592254754
f1f6f382-8885-491a-941d-3f2f98eb9a34<%|%>1b538e31-581d-4e4b-9e31-a85592254754
a710257a-4a76-4044-8201-79f9ea96a6ff<%|%>1b538e31-581d-4e4b-9e31-a85592254754
01a05b06-0a10-492a-a756-eee286750328<%|%>1b538e31-581d-4e4b-9e31-a85592254754
ab0da256-9181-43cf-b2a4-e92818c38223<%|%>1b538e31-581d-4e4b-9e31-a85592254754
7d041815-e628-48aa-92d0-f5c4a27a90e0<%|%>1b538e31-581d-4e4b-9e31-a85592254754
34d30a22-8ade-4ce8-8db0-f5e683566efe<%|%>1b538e31-581d-4e4b-9e31-a85592254754
132f5dc2-d8d8-4f48-9a73-37fdc42df229<%|%>1b538e31-581d-4e4b-9e31-a85592254754
9afd978c-f4c5-4ba8-84d5-e5686b0bfcbf<%|%>1b538e31-581d-4e4b-9e31-a85592254754
2ff3099f-6227-48c3-9c75-d054c1cca9b4<%|%>1b538e31-581d-4e4b-9e31-a85592254754
d172766e-c5e6-4c48-8fcc-b98e35b19039<%|%>1b538e31-581d-4e4b-9e31-a85592254754
617d5a32-15ee-46cc-8179-e4b464844019<%|%>1b538e31-581d-4e4b-9e31-a85592254754
915871a3-4733-4896-b1bc-16f1c1e4f000<%|%>1b538e31-581d-4e4b-9e31-a85592254754
c15ad293-2ce1-4e8f-b250-4de4a0e75c45<%|%>1b538e31-581d-4e4b-9e31-a85592254754
7bdea536-eb7b-453a-bec4-67324ad036ea<%|%>1b538e31-581d-4e4b-9e31-a85592254754
059fadbf-2115-4cec-bfd4-d49727c7c47e<%|%>1b538e31-581d-4e4b-9e31-a85592254754
09f67cd8-b073-428c-8d59-53ea3a7a1dc2<%|%>1b538e31-581d-4e4b-9e31-a85592254754
cdee597d-ef96-4799-82eb-2fc63f3a0401<%|%>1b538e31-581d-4e4b-9e31-a85592254754
03befb2b-4ba3-463d-bdcd-529c483397a7<%|%>1b538e31-581d-4e4b-9e31-a85592254754
56631950-f726-480b-8e07-8a1252b3598f<%|%>1b538e31-581d-4e4b-9e31-a85592254754
69836360-8545-4b20-9afa-ce8ae2ff52cf<%|%>1b538e31-581d-4e4b-9e31-a85592254754
2ee875f5-a77d-4f52-a0ac-becea7e84d39<%|%>1b538e31-581d-4e4b-9e31-a85592254754
1c673717-43d4-4cd5-820f-8aac871e3092<%|%>1b538e31-581d-4e4b-9e31-a85592254754
9da924ca-fc9e-452d-83c4-43023895e117<%|%>1b538e31-581d-4e4b-9e31-a85592254754
fb23b203-1c67-4c02-af4e-0e939a20f05d<%|%>1b538e31-581d-4e4b-9e31-a85592254754
5a972834-ce38-40fd-ba92-44b6fa3ddb73<%|%>1b538e31-581d-4e4b-9e31-a85592254754
82d0581e-dc98-4a6d-ad41-ff04b95731a6<%|%>1b538e31-581d-4e4b-9e31-a85592254754
1e79f17e-e5f9-4d41-bf6b-f28b40df9d37<%|%>1b538e31-581d-4e4b-9e31-a85592254754
e17b427e-7e8f-4885-9b26-be3c3560e877<%|%>1b538e31-581d-4e4b-9e31-a85592254754
592eadc8-a94a-4aa4-8b46-2477b454902a<%|%>1b538e31-581d-4e4b-9e31-a85592254754
29c8fcf2-7f90-4619-9451-9f535f89d0fb<%|%>1b538e31-581d-4e4b-9e31-a85592254754
c8243d0a-46b5-48c1-93eb-a93812ecb767<%|%>1b538e31-581d-4e4b-9e31-a85592254754
5c126176-0930-444e-a942-0004e0bf3924<%|%>1b538e31-581d-4e4b-9e31-a85592254754
119a85ca-6127-4dd4-8584-30129bacc461<%|%>1b538e31-581d-4e4b-9e31-a85592254754
6e695a5b-f9d3-46e2-ab9b-4d571990465f<%|%>1b538e31-581d-4e4b-9e31-a85592254754
7bbc0d52-20d8-42d8-8fd5-9023999b9936<%|%>1b538e31-581d-4e4b-9e31-a85592254754
c0938e1e-26d3-477c-8334-3b4190afe09a<%|%>1b538e31-581d-4e4b-9e31-a85592254754
ac5e429c-c6dd-4e84-824f-b3cb42766c35<%|%>1b538e31-581d-4e4b-9e31-a85592254754
1c38d6c8-df8c-4c6e-89e1-60a3a16150f0<%|%>1b538e31-581d-4e4b-9e31-a85592254754
ce2f7aac-007f-488e-85bd-eb10a1d37312<%|%>1b538e31-581d-4e4b-9e31-a85592254754
06ce5044-bbde-47a0-980f-d2111edbf2ff<%|%>1b538e31-581d-4e4b-9e31-a85592254754
cd93540c-8568-47d9-88df-6ed06a8661ed<%|%>1b538e31-581d-4e4b-9e31-a85592254754
25ab23bb-630b-47cd-9364-fc478e71b19e<%|%>1b538e31-581d-4e4b-9e31-a85592254754
3634929e-c729-4b3b-a9f6-a8859c4546fe<%|%>1b538e31-581d-4e4b-9e31-a85592254754
5277ec10-ba76-4b91-aaa5-8640a12498f1<%|%>1b538e31-581d-4e4b-9e31-a85592254754
e80f674b-6df5-49c1-8836-75453998e02d<%|%>1b538e31-581d-4e4b-9e31-a85592254754
9cd795fe-7f77-4a86-bac5-57c73d92e27d<%|%>1b538e31-581d-4e4b-9e31-a85592254754
acab8594-0e8a-4428-a379-138e8ffc4446<%|%>1b538e31-581d-4e4b-9e31-a85592254754
e9baaa32-27b1-4f3f-a2d1-f790742c7d7e<%|%>1b538e31-581d-4e4b-9e31-a85592254754
80dfee1d-cdfb-46d4-81bd-9a4253dd72ca<%|%>1b538e31-581d-4e4b-9e31-a85592254754
c13a5f62-d213-4464-998a-f6be456d042a<%|%>1b538e31-581d-4e4b-9e31-a85592254754
0453f085-82aa-40ad-bc5b-f85aa8163aae<%|%>1b538e31-581d-4e4b-9e31-a85592254754
01542d5e-ed13-4b0c-b50e-83cc5a237374<%|%>1b538e31-581d-4e4b-9e31-a85592254754
11772419-a79b-4d9f-938b-72143ba50e1b<%|%>1b538e31-581d-4e4b-9e31-a85592254754
a78cbea1-942a-4069-ae9c-46838d012e9e<%|%>1b538e31-581d-4e4b-9e31-a85592254754
f074b62a-74e4-4b7e-8d0f-68447830fa56<%|%>1b538e31-581d-4e4b-9e31-a85592254754
c4f1a92b-f215-46fd-ba35-ccdcf19dc32e<%|%>1b538e31-581d-4e4b-9e31-a85592254754
08a0bcb8-be1c-4069-a0fc-16e8a4632a25<%|%>1b538e31-581d-4e4b-9e31-a85592254754
3223c649-b6e4-43bf-981c-3c367cab1c57<%|%>1b538e31-581d-4e4b-9e31-a85592254754
e9a145b2-0e61-4ca2-9055-acce6f502e6b<%|%>1b538e31-581d-4e4b-9e31-a85592254754
e482a9bf-77a2-4e10-bfa1-53ba2b4c6a9c<%|%>1b538e31-581d-4e4b-9e31-a85592254754
8672a864-8b9b-46c8-a9c4-6af3f699070c<%|%>1b538e31-581d-4e4b-9e31-a85592254754
d2f748c4-ff9d-495d-aa0b-bc44877fd3de<%|%>1b538e31-581d-4e4b-9e31-a85592254754
8cedbda0-a63c-450c-92d8-b8b17352f1b9<%|%>1b538e31-581d-4e4b-9e31-a85592254754
21fd190c-7b48-4713-acd0-f6e63d23652c<%|%>1b538e31-581d-4e4b-9e31-a85592254754
0e307b05-ba24-4675-ab3f-4b1bc0b590ed<%|%>1b538e31-581d-4e4b-9e31-a85592254754
536c3c2c-8a90-493a-a765-fffe13758b33<%|%>1b538e31-581d-4e4b-9e31-a85592254754
6be10bb8-c530-4ded-b88f-a869f719f9cf<%|%>1b538e31-581d-4e4b-9e31-a85592254754
c812f33e-0d2f-40e5-94fa-d7ec8624e80a<%|%>1b538e31-581d-4e4b-9e31-a85592254754
0ddca1f0-5f8d-45bf-ad7f-ff48df2b5297<%|%>1b538e31-581d-4e4b-9e31-a85592254754
23bce9c8-4dd0-482d-8887-d39b4e8ea05a<%|%>1b538e31-581d-4e4b-9e31-a85592254754
94b0cf49-dafc-4897-a9b6-5d7950d45577<%|%>1b538e31-581d-4e4b-9e31-a85592254754
1135c4ab-566b-4860-8ec2-e3cc45386652<%|%>1b538e31-581d-4e4b-9e31-a85592254754
7b55aeb2-e8be-42b0-8ffc-53b25ad7578b<%|%>1b538e31-581d-4e4b-9e31-a85592254754
64b4c6a7-9d7f-4b17-bfe2-11693e28bf3f<%|%>1b538e31-581d-4e4b-9e31-a85592254754
18f59b5b-9d9e-4f12-8d54-4281a0bc5950<%|%>1b538e31-581d-4e4b-9e31-a85592254754
c15204f4-2bdb-4805-b8c5-22f8ab8e010a<%|%>1b538e31-581d-4e4b-9e31-a85592254754
a5163d57-5402-4055-8a2d-a8c10c52bb47<%|%>1b538e31-581d-4e4b-9e31-a85592254754
6a507798-336e-4845-8db0-7dfa0b656d15<%|%>1b538e31-581d-4e4b-9e31-a85592254754
bab2690c-cac7-4543-a6b1-08e492b444fa<%|%>1b538e31-581d-4e4b-9e31-a85592254754
93ec2f74-6882-4599-a7f2-81a8f2412d5c<%|%>1b538e31-581d-4e4b-9e31-a85592254754
3aa50cd1-be63-4181-b90e-9ed155a7608f<%|%>1b538e31-581d-4e4b-9e31-a85592254754
caea61a0-08da-4e06-bd0b-50cdacd62361<%|%>1b538e31-581d-4e4b-9e31-a85592254754
3dc5e688-6463-4b88-b7be-7b750d1cebd6<%|%>1b538e31-581d-4e4b-9e31-a85592254754
fe868f76-283a-4435-8824-d13cee7cf754<%|%>1b538e31-581d-4e4b-9e31-a85592254754
fd94673b-19b1-4ec3-998e-8cddf99ee777<%|%>1b579db1-3f95-46ef-8098-b816fceca798
66315289-124c-4bcc-8a79-9305b0cb1fdb<%|%>1b538e31-581d-4e4b-9e31-a85592254754
b3f404c9-3ee4-4c58-8987-54f53cdebd17<%|%>1b538e31-581d-4e4b-9e31-a85592254754
0360b211-67f6-4d27-87ed-51b5d8a0b1e1<%|%>1b538e31-581d-4e4b-9e31-a85592254754
0dee44bc-2e10-4baa-8ec6-2432600fbb12<%|%>1b538e31-581d-4e4b-9e31-a85592254754
bc6ae0c6-e861-4521-b818-2a3554aa785b<%|%>1b538e31-581d-4e4b-9e31-a85592254754
542d31b4-c492-40da-9fe5-98047eb5e838<%|%>1b538e31-581d-4e4b-9e31-a85592254754
62c09916-eb15-473b-bf59-054ca540e032<%|%>1b538e31-581d-4e4b-9e31-a85592254754
1f84ca99-19e1-4cc5-988c-9e35a06cff32<%|%>1b538e31-581d-4e4b-9e31-a85592254754
7fab08eb-59dd-413d-8446-a84e7a1d20c5<%|%>1b538e31-581d-4e4b-9e31-a85592254754
7d47d162-5787-4a32-a410-021b6de30fa4<%|%>1b538e31-581d-4e4b-9e31-a85592254754
8a472e40-cbb5-4cf6-b6d6-2306825bab02<%|%>1b538e31-581d-4e4b-9e31-a85592254754
45f2982c-da5b-4834-b6f8-dd16d26de5a1<%|%>1b579db1-3f95-46ef-8098-b816fceca798
822b606c-5c64-4e35-ae76-c2b224d341ba<%|%>1b538e31-581d-4e4b-9e31-a85592254754
6da6c8d1-2471-49d2-a59d-8192c711cdd7<%|%>1b538e31-581d-4e4b-9e31-a85592254754
f549f947-5c1f-48a7-9edb-efb82f142c8f<%|%>1b538e31-581d-4e4b-9e31-a85592254754
221fbbae-8427-4d73-aa16-98d27ae902a4<%|%>1b538e31-581d-4e4b-9e31-a85592254754
c11acad3-97ff-47ba-8221-7e08b089786a<%|%>1b538e31-581d-4e4b-9e31-a85592254754
3fdb44df-5e53-49ac-ab63-8ba0621144d1<%|%>1b538e31-581d-4e4b-9e31-a85592254754
080a7998-2ea9-453f-a8b5-76c2eb04173e<%|%>1b538e31-581d-4e4b-9e31-a85592254754
f45616b6-f29b-4cfa-aecb-5577ffdb78de<%|%>1b538e31-581d-4e4b-9e31-a85592254754
83a62223-32fd-416c-bde3-f9e1d9e5847e<%|%>1b538e31-581d-4e4b-9e31-a85592254754
864637fe-8d86-4623-97f5-e1074f0cec79<%|%>1b538e31-581d-4e4b-9e31-a85592254754
e002deb4-4355-48d8-b9ab-e2d2a351e98a<%|%>1b538e31-581d-4e4b-9e31-a85592254754
8dd18508-115b-4b57-8f44-31d8533ed8fe<%|%>1b538e31-581d-4e4b-9e31-a85592254754
04406ea7-0637-47a9-8371-3e2a473605b3<%|%>1b538e31-581d-4e4b-9e31-a85592254754
5a1011ad-7ee0-4de5-8b50-aed569fa134b<%|%>1b538e31-581d-4e4b-9e31-a85592254754
2a54c7b2-3f7d-492f-9258-18baf1682ce7<%|%>1b538e31-581d-4e4b-9e31-a85592254754
abd04d05-4c6e-4804-82c2-58ebe050a845<%|%>1b538e31-581d-4e4b-9e31-a85592254754
eb91bbef-8714-470c-8c68-8b5459a24f58<%|%>1b538e31-581d-4e4b-9e31-a85592254754
86b0bd18-c655-413e-a950-25f1779eb7ef<%|%>1b538e31-581d-4e4b-9e31-a85592254754
b0706a77-f1fe-423e-8bbf-1512a2276c21<%|%>1b538e31-581d-4e4b-9e31-a85592254754
96ecca92-a126-48b3-b28e-29b4005f834f<%|%>1b538e31-581d-4e4b-9e31-a85592254754
a28f38e2-eefe-4944-9c60-bc067672035a<%|%>1b538e31-581d-4e4b-9e31-a85592254754
28ad904c-ea7d-43e2-b9f5-ae55331f118a<%|%>1b538e31-581d-4e4b-9e31-a85592254754
9aaf709f-eae7-407e-bf20-aac75493b618<%|%>1b538e31-581d-4e4b-9e31-a85592254754
08cd0235-679c-46f7-a3be-ddf989c692d2<%|%>1b538e31-581d-4e4b-9e31-a85592254754
460139b3-e9ac-435e-a855-06c341b0fcf0<%|%>1b538e31-581d-4e4b-9e31-a85592254754
9ed1acec-ad6b-48c0-b307-763b59cc8521<%|%>1b538e31-581d-4e4b-9e31-a85592254754
73bcac2f-95ab-4678-8184-65ee908120c3<%|%>1b538e31-581d-4e4b-9e31-a85592254754
009527e9-103c-46ff-ad84-f25b2676cbec<%|%>1b538e31-581d-4e4b-9e31-a85592254754
a9777297-e500-40e2-8a93-9431ffb9223d<%|%>1b538e31-581d-4e4b-9e31-a85592254754
007d77fa-ee80-468d-894a-646ff2173942<%|%>1b538e31-581d-4e4b-9e31-a85592254754
9e010656-0ff5-4172-ac4f-48038ce469e8<%|%>1b538e31-581d-4e4b-9e31-a85592254754
c25047ac-c31d-4df9-9bb1-c6c92ba9dc14<%|%>1b538e31-581d-4e4b-9e31-a85592254754
29adeef2-bac9-498f-b561-a6dc38657f28<%|%>1b538e31-581d-4e4b-9e31-a85592254754
0c2ef610-ef47-46a7-8545-b5431ed354b2<%|%>1b538e31-581d-4e4b-9e31-a85592254754
193b297e-bcef-48fd-9686-787e223091a0<%|%>1b538e31-581d-4e4b-9e31-a85592254754
857af89c-919f-4fe5-badf-89fb0b59e9b7<%|%>1b538e31-581d-4e4b-9e31-a85592254754
ffa3b06c-bed0-43a7-ad1c-679cf17d5096<%|%>1b538e31-581d-4e4b-9e31-a85592254754
498ef0dc-9412-45b3-844e-ba49b3737183<%|%>1b538e31-581d-4e4b-9e31-a85592254754
7c41a1a7-b53b-404e-b1f8-4c54cc05e45e<%|%>1b538e31-581d-4e4b-9e31-a85592254754
ae11ffcf-cc12-4231-bee9-fa1d1ccb009c<%|%>1b538e31-581d-4e4b-9e31-a85592254754
09fe3e07-bca3-4a8d-a45f-e85f1c5a4d95<%|%>1b538e31-581d-4e4b-9e31-a85592254754
d281b0f5-5ab4-452a-b367-84ffa5b63a9b<%|%>1b538e31-581d-4e4b-9e31-a85592254754
2437083a-5e8e-4a67-ade6-b4b0dc3e845c<%|%>1b538e31-581d-4e4b-9e31-a85592254754
c5daccce-0c88-4911-8e37-0613ee65ae38<%|%>1b538e31-581d-4e4b-9e31-a85592254754
1a04b813-7e81-48cd-90ab-896ffdb968fd<%|%>1b538e31-581d-4e4b-9e31-a85592254754
ffe62806-d29b-4d74-b811-0c93b78fb9d7<%|%>1b538e31-581d-4e4b-9e31-a85592254754
f813d21c-69ae-4c74-8c32-c07057ecc3ab<%|%>1b538e31-581d-4e4b-9e31-a85592254754
623d7fd7-6f7a-4a54-a623-828e23cdf618<%|%>1b538e31-581d-4e4b-9e31-a85592254754
7e8624b5-b2ec-4354-a26d-5d35919737ad<%|%>1b538e31-581d-4e4b-9e31-a85592254754
7a0da617-f6ef-4a3d-8957-fd38be035d39<%|%>1b538e31-581d-4e4b-9e31-a85592254754
354839bf-06b6-4d32-bf97-ea56c44ed574<%|%>1b538e31-581d-4e4b-9e31-a85592254754
8f3fa038-1c16-438c-8b00-b8a8e2026039<%|%>1b538e31-581d-4e4b-9e31-a85592254754
14286d24-395b-481b-a9bb-6b978a381a0b<%|%>1b538e31-581d-4e4b-9e31-a85592254754
6a88d139-94d2-46ad-b13a-39f8d03b05f3<%|%>1b538e31-581d-4e4b-9e31-a85592254754
beac46f4-1227-4c61-9291-09e0a52f0330<%|%>1b538e31-581d-4e4b-9e31-a85592254754
2dd67fb0-c47f-4afa-8b71-9d5ae120dd43<%|%>1b538e31-581d-4e4b-9e31-a85592254754
915e1a94-0606-4820-bdff-fd063c3e5fcf<%|%>1b538e31-581d-4e4b-9e31-a85592254754
8c8492de-09fb-4b22-a7f3-b659d98ba00b<%|%>1b538e31-581d-4e4b-9e31-a85592254754
46e8c6ed-5ea0-4859-a3e5-17e29f5e2078<%|%>1b538e31-581d-4e4b-9e31-a85592254754
892ce9da-4c06-4dab-a6fb-7cf3d2e05a7b<%|%>1b538e31-581d-4e4b-9e31-a85592254754
00ee5f8c-abf1-4402-b358-fac3b6a98bba<%|%>1b538e31-581d-4e4b-9e31-a85592254754
efa3d7dc-0605-4a27-80a6-2128a2ab455b<%|%>1b538e31-581d-4e4b-9e31-a85592254754
37633525-f8b4-4357-914c-3ac230f53b34<%|%>1b538e31-581d-4e4b-9e31-a85592254754
f79d6620-4175-41d1-910e-b740aa175b06<%|%>1b538e31-581d-4e4b-9e31-a85592254754
9a4ce56e-bfc5-4e33-8bf0-070a618876ab<%|%>1b538e31-581d-4e4b-9e31-a85592254754
7d4e0c0a-d0d0-4ad7-b3e1-5b7995297b5d<%|%>1b538e31-581d-4e4b-9e31-a85592254754
74228aec-d42d-4b45-a87b-b05148d76171<%|%>1b538e31-581d-4e4b-9e31-a85592254754
2db4e41d-f13f-4ea8-8604-44c9c1b9f2ca<%|%>1b538e31-581d-4e4b-9e31-a85592254754
484e30bf-13dc-46fc-ae66-0e7b69bb6bd8<%|%>1b538e31-581d-4e4b-9e31-a85592254754
8b7f05c5-2e08-4d8b-abb8-c25c8ca97e86<%|%>1b538e31-581d-4e4b-9e31-a85592254754
06d38a68-64dd-43ee-b6a2-3ac283b60296<%|%>1b538e31-581d-4e4b-9e31-a85592254754
95fe5adc-44f7-442c-b3ca-a253ddff59e6<%|%>1b538e31-581d-4e4b-9e31-a85592254754
9a8aa197-961f-44f4-abcf-06c19a8fff57<%|%>1b538e31-581d-4e4b-9e31-a85592254754
896d2ffc-7ac9-4c11-bd48-f43bd3afdc25<%|%>1b538e31-581d-4e4b-9e31-a85592254754
866e58ea-8e77-4f9b-9f0e-63a81b7ec494<%|%>1b538e31-581d-4e4b-9e31-a85592254754
b8c47408-036b-440f-8f17-1dc5ab6969c2<%|%>1b538e31-581d-4e4b-9e31-a85592254754
071721cd-f5d0-4bfa-8fdc-337a3705c192<%|%>1b538e31-581d-4e4b-9e31-a85592254754
7f9716bd-1475-43f3-82df-7719192a6110<%|%>1b538e31-581d-4e4b-9e31-a85592254754
e2eff47f-98be-48fd-a405-868589f43bd4<%|%>1b538e31-581d-4e4b-9e31-a85592254754
0a96e8ba-1ec1-4cf0-9932-24f4b89cc072<%|%>1b538e31-581d-4e4b-9e31-a85592254754
ad74cddd-35d9-421c-b89b-88db749868f3<%|%>1b538e31-581d-4e4b-9e31-a85592254754
3fe55eec-0178-40b4-8b79-25ff4f6b72ad<%|%>1b538e31-581d-4e4b-9e31-a85592254754
023822f5-6513-4a29-9d2f-ee2ddab0322f<%|%>1b538e31-581d-4e4b-9e31-a85592254754
cbd8a04a-113d-4c2f-8e3c-35c0137cf4d8<%|%>1b538e31-581d-4e4b-9e31-a85592254754
11bf1087-133f-4b7b-8602-f749482aade0<%|%>1b538e31-581d-4e4b-9e31-a85592254754
580db6d2-2e15-414b-8139-e526bb47cf38<%|%>1b538e31-581d-4e4b-9e31-a85592254754
4e00f678-8295-4a78-86e9-d4434eb16ee4<%|%>1b538e31-581d-4e4b-9e31-a85592254754
fbf148f9-4df3-42e1-baa2-16a37446280e<%|%>1b538e31-581d-4e4b-9e31-a85592254754
e96254d4-9277-428a-8c3b-c31c0fbd3969<%|%>1b538e31-581d-4e4b-9e31-a85592254754
7e3d3987-c026-4753-9922-f315bf48cbf3<%|%>1b538e31-581d-4e4b-9e31-a85592254754
c3715dc8-cf71-4325-aba2-7dab21fcdc00<%|%>1b538e31-581d-4e4b-9e31-a85592254754
1b063028-bf4a-498c-905e-fe25375ea860<%|%>1b538e31-581d-4e4b-9e31-a85592254754
ebc942b8-d410-49d8-bac8-0dfdc4789568<%|%>1b538e31-581d-4e4b-9e31-a85592254754
435f9a42-6296-457c-b6a3-1e11bca61b8d<%|%>1b538e31-581d-4e4b-9e31-a85592254754
52ea3f97-a4f1-4781-bd9b-3b613c2f8bb3<%|%>1b538e31-581d-4e4b-9e31-a85592254754
b17d3838-b175-4b3e-8668-fdab9481bba4<%|%>1b538e31-581d-4e4b-9e31-a85592254754
d6cc5917-9a47-444a-9810-f3583e6a9a14<%|%>1b538e31-581d-4e4b-9e31-a85592254754
49d465b0-b672-4921-8c2e-db7603cded30<%|%>1b538e31-581d-4e4b-9e31-a85592254754
40c9c497-9866-4655-a206-2dae2ee52795<%|%>1b538e31-581d-4e4b-9e31-a85592254754
99901fe3-1e3a-4279-8be4-7f379c82297a<%|%>1b538e31-581d-4e4b-9e31-a85592254754
9599550a-78d3-4c8f-888d-a51a47cb302b<%|%>1b538e31-581d-4e4b-9e31-a85592254754
6999d5c3-0ede-4b11-859f-b59d5794ab6d<%|%>1b538e31-581d-4e4b-9e31-a85592254754
5399bb7b-8db4-4f21-a314-471b5e93b0a1<%|%>1b538e31-581d-4e4b-9e31-a85592254754
b4479d72-a8bb-421c-866d-48de3b221d4d<%|%>1b538e31-581d-4e4b-9e31-a85592254754
739df98c-e690-4ff0-bf87-28d3187f903b<%|%>1b538e31-581d-4e4b-9e31-a85592254754
dcc6865f-3cb6-4ccc-a999-c2235301ebbf<%|%>1b538e31-581d-4e4b-9e31-a85592254754
164cf714-ee3b-4657-b6bc-8c05adec6c38<%|%>1b538e31-581d-4e4b-9e31-a85592254754
31b662ca-e0e3-4627-8f61-1240791ae5c8<%|%>1b538e31-581d-4e4b-9e31-a85592254754
11849332-7f59-429b-8d0e-ac415a58d837<%|%>1b538e31-581d-4e4b-9e31-a85592254754
c47ad5ca-97f5-418f-8961-c1f8809cb316<%|%>1b538e31-581d-4e4b-9e31-a85592254754
d948f983-6258-422c-ab59-1a086d4e9c45<%|%>1b538e31-581d-4e4b-9e31-a85592254754
3f1f2146-0cce-48d4-9b71-644b1f4ee9da<%|%>1b538e31-581d-4e4b-9e31-a85592254754
103a4427-7bb1-47bc-b15b-65ca756ce4d4<%|%>1b538e31-581d-4e4b-9e31-a85592254754
2a676afd-f76b-4ccb-b556-8256b2dbbc1d<%|%>1b538e31-581d-4e4b-9e31-a85592254754
97e803ad-4f62-408e-938f-fececbb2eb0a<%|%>1b538e31-581d-4e4b-9e31-a85592254754
62be24e9-222a-4735-b407-5c6a171089fe<%|%>1b538e31-581d-4e4b-9e31-a85592254754
9dd4ed15-9718-43e6-9f78-3c766aadc4f2<%|%>1b538e31-581d-4e4b-9e31-a85592254754
fcf0d77e-21e3-458d-8190-a6159e11aafc<%|%>1b538e31-581d-4e4b-9e31-a85592254754
ab11a194-0740-45a9-b8d3-34b8d571a0a8<%|%>1b538e31-581d-4e4b-9e31-a85592254754
daa812ec-e856-484d-95bd-1eb7c990a315<%|%>1b538e31-581d-4e4b-9e31-a85592254754
16dddfdb-0f95-4800-a3d7-73f3be8299f9<%|%>1b538e31-581d-4e4b-9e31-a85592254754
61c12ab1-23e4-464d-a79c-234456ebbad7<%|%>1b538e31-581d-4e4b-9e31-a85592254754
fbd8fe3f-5c3c-4231-91f7-415109619ef6<%|%>1b538e31-581d-4e4b-9e31-a85592254754
7e28366b-7a05-4dd4-a797-ac0b0b4b5bda<%|%>1b538e31-581d-4e4b-9e31-a85592254754
79627fd1-085e-4871-ade5-25d71b560f0c<%|%>1b538e31-581d-4e4b-9e31-a85592254754
9f37498b-d00b-491e-b2ba-bf1951033348<%|%>1b538e31-581d-4e4b-9e31-a85592254754
6c12e764-e548-43b0-ba64-12ffce5eab80<%|%>1b538e31-581d-4e4b-9e31-a85592254754
8ec9c67c-24c3-445a-bc0b-a95ca01e90ee<%|%>1b538e31-581d-4e4b-9e31-a85592254754
d7d4d72f-c45b-457a-ae27-965e18c153e5<%|%>1b538e31-581d-4e4b-9e31-a85592254754
cafde792-6388-4735-ab68-9edda0451fff<%|%>1b538e31-581d-4e4b-9e31-a85592254754
17fe7c1b-9f17-4382-86ed-e99d6609c3e8<%|%>1b538e31-581d-4e4b-9e31-a85592254754
78e49882-e770-4a49-8d4f-3e42dd8131e6<%|%>1b538e31-581d-4e4b-9e31-a85592254754
e087c82c-198e-4d9b-a28f-31d1513ead2d<%|%>1b538e31-581d-4e4b-9e31-a85592254754
42445395-da57-462f-bc03-d5686bc1e3d6<%|%>1b538e31-581d-4e4b-9e31-a85592254754
53846c5e-de7c-428a-a89d-3f9e2aa270a1<%|%>1b538e31-581d-4e4b-9e31-a85592254754
204f0618-87e8-4845-bab7-d814ec0921ce<%|%>1b538e31-581d-4e4b-9e31-a85592254754
09f92f11-9d5f-44c7-aa5d-029d890e75b1<%|%>1b538e31-581d-4e4b-9e31-a85592254754
1d8929ff-1093-4d8d-8d12-6bfd84942170<%|%>1b538e31-581d-4e4b-9e31-a85592254754
6f21cf59-3767-49cb-9cbf-331bfe08395a<%|%>1b538e31-581d-4e4b-9e31-a85592254754
0db471b6-b5dd-4b97-958a-fc1a4acd1a5b<%|%>1b538e31-581d-4e4b-9e31-a85592254754
1d4e5216-c1a4-49e4-a1e5-a365d476a7d5<%|%>1b538e31-581d-4e4b-9e31-a85592254754
5ece67ab-0954-4b81-8032-74936678b940<%|%>1b538e31-581d-4e4b-9e31-a85592254754
21a85d78-8f7d-4a72-9d54-1961afc4a976<%|%>1b538e31-581d-4e4b-9e31-a85592254754
ac53ce59-ab60-477e-a8ab-0528deeab032<%|%>1b538e31-581d-4e4b-9e31-a85592254754
fa4f5ba2-9446-41e0-bae3-90b57c3d8181<%|%>1b538e31-581d-4e4b-9e31-a85592254754
b377ecba-bdca-4013-b627-d134117cff09<%|%>1b538e31-581d-4e4b-9e31-a85592254754
e12416f1-733d-4a14-8f59-8c3da4f52185<%|%>1b538e31-581d-4e4b-9e31-a85592254754
d83ac931-b574-481b-8468-60a8d3ac4212<%|%>1b538e31-581d-4e4b-9e31-a85592254754
5dfefa10-5c93-4bac-b816-1cac8b23be2e<%|%>1b538e31-581d-4e4b-9e31-a85592254754
d7fb99a0-3928-422d-a52a-9a3e6f93efd3<%|%>1b538e31-581d-4e4b-9e31-a85592254754
20d2bce1-f9a9-4d9c-9c95-0100d8e517c9<%|%>1b538e31-581d-4e4b-9e31-a85592254754
0113b39c-cdc4-45f5-807c-76fe7599eb95<%|%>1b538e31-581d-4e4b-9e31-a85592254754
d8b4d81c-1522-4c1b-9d91-c770316974cb<%|%>1b538e31-581d-4e4b-9e31-a85592254754
0a5a9e3f-d05c-4a10-b376-a6cebe5406eb<%|%>1b538e31-581d-4e4b-9e31-a85592254754
5d8d9b6b-5232-4682-af02-15b014df7942<%|%>1b538e31-581d-4e4b-9e31-a85592254754
dc486a3f-1bf3-4188-a4e9-b8c09ddcd7a9<%|%>1b538e31-581d-4e4b-9e31-a85592254754
af22fe9d-adb7-423a-b966-6208a19236a4<%|%>1b538e31-581d-4e4b-9e31-a85592254754
2f8758d0-ac3a-4e7d-8c36-fdc195d751a7<%|%>1b538e31-581d-4e4b-9e31-a85592254754
50c7df64-e6ad-4439-ac9e-c46161e5de1d<%|%>1b538e31-581d-4e4b-9e31-a85592254754
6fe4b98a-ff73-40d5-afa6-7c0a55ef0a63<%|%>1b538e31-581d-4e4b-9e31-a85592254754
677fab27-c0cb-4acf-b6d6-f8c09def7ec1<%|%>1b538e31-581d-4e4b-9e31-a85592254754
6753a9bc-71a8-40ae-a516-94d57874663f<%|%>1b538e31-581d-4e4b-9e31-a85592254754
5f1d522e-e6de-4f93-9ed6-9936595bf145<%|%>1b538e31-581d-4e4b-9e31-a85592254754
657dee85-76e1-43ae-979c-f8c19792d3fc<%|%>1b538e31-581d-4e4b-9e31-a85592254754
f360eb4f-3baa-4915-8f78-2b5286eaca45<%|%>1b538e31-581d-4e4b-9e31-a85592254754
057375f0-962c-4e0f-9dd5-4d0ba37fb0c1<%|%>1b538e31-581d-4e4b-9e31-a85592254754
afa3d88f-57e3-4c04-a40f-76d02f71e2b2<%|%>1b538e31-581d-4e4b-9e31-a85592254754
718d6cba-a532-4a8a-85c8-f3abb358b022<%|%>1b538e31-581d-4e4b-9e31-a85592254754
8fafa14f-bc32-43cb-a9f4-b7263e91790e<%|%>1b538e31-581d-4e4b-9e31-a85592254754
a77ead23-b6c3-4054-8012-73ec1a356d1c<%|%>1b538e31-581d-4e4b-9e31-a85592254754
43152a95-632f-4051-a45f-e7a22598347b<%|%>1b538e31-581d-4e4b-9e31-a85592254754
794817ba-39be-41b2-84b6-4be2de9880b7<%|%>1b538e31-581d-4e4b-9e31-a85592254754
d7c1bec6-5e09-445f-be68-1527257ab0ae<%|%>1b538e31-581d-4e4b-9e31-a85592254754
cada7db5-d056-4094-b661-645e9f6724ed<%|%>1b538e31-581d-4e4b-9e31-a85592254754
f409e8bf-b7b3-4834-b8fd-366bfca5b306<%|%>1b538e31-581d-4e4b-9e31-a85592254754
036b57aa-3042-4d67-bf6b-d5776d57504e<%|%>1b538e31-581d-4e4b-9e31-a85592254754
e7f29db8-864d-464c-be48-091b26a1f59b<%|%>1b538e31-581d-4e4b-9e31-a85592254754
6ec50482-a23a-4040-8dab-fe139d100779<%|%>1b538e31-581d-4e4b-9e31-a85592254754
0244cd6f-df1b-4026-a0a2-6c7430f206be<%|%>1b538e31-581d-4e4b-9e31-a85592254754
45c2fda8-8974-4c7a-89a2-550c55dc3ddc<%|%>1b538e31-581d-4e4b-9e31-a85592254754
db4b6fb3-e156-49f0-9875-37c0c7a2ccec<%|%>1b538e31-581d-4e4b-9e31-a85592254754
4e44b2ca-0b91-4185-a5b9-300cfac5f806<%|%>1b538e31-581d-4e4b-9e31-a85592254754
cd983bd3-5825-4a8e-accd-7645c7fcac05<%|%>1b538e31-581d-4e4b-9e31-a85592254754
4404f0ac-5378-4e20-a07c-38d1bf8f3dbb<%|%>1b538e31-581d-4e4b-9e31-a85592254754
a725a10a-7b4a-4cb2-88e8-b5505116ff08<%|%>1b538e31-581d-4e4b-9e31-a85592254754
07b0162b-3047-4aba-bbcd-302befd9ca01<%|%>1b538e31-581d-4e4b-9e31-a85592254754
801f56b2-3c56-4c38-9a90-2f8134132365<%|%>1b538e31-581d-4e4b-9e31-a85592254754
bb78b33f-9ba0-48cc-93ed-3f162530561b<%|%>1b538e31-581d-4e4b-9e31-a85592254754
46716926-56a6-4fd2-93ac-ba1bca902af4<%|%>1b538e31-581d-4e4b-9e31-a85592254754
e364ce41-ffcd-4502-a85d-889dbd1a9f34<%|%>1b538e31-581d-4e4b-9e31-a85592254754
a5d7c3f1-477d-4362-8512-11703dcdff3a<%|%>1b538e31-581d-4e4b-9e31-a85592254754
eed90e84-4977-4c6c-a9cf-79dcd215c8ab<%|%>1b538e31-581d-4e4b-9e31-a85592254754
fac12d49-a018-4dc8-8091-d32cd73c62ac<%|%>1b538e31-581d-4e4b-9e31-a85592254754
17867109-3d0a-44bd-bf52-f25a88d318f6<%|%>1b538e31-581d-4e4b-9e31-a85592254754
5b8cf4b8-085d-4c35-bbce-88ad8f856d22<%|%>1b538e31-581d-4e4b-9e31-a85592254754
0a9be2b0-8c12-4b10-bbfc-15d0e5c2e452<%|%>1b538e31-581d-4e4b-9e31-a85592254754
f08bb101-4692-44ed-a3c5-1e3a13fa8412<%|%>1b538e31-581d-4e4b-9e31-a85592254754
7526ff61-c57f-4ebb-9339-19a756c263d3<%|%>1b538e31-581d-4e4b-9e31-a85592254754
c1f665f0-04b2-438e-b81e-1b15362e3a5b<%|%>1b538e31-581d-4e4b-9e31-a85592254754
475a0d1e-d759-4fa9-bb6b-2418e41f9823<%|%>1b538e31-581d-4e4b-9e31-a85592254754
9e4a126c-06e1-48d4-acf5-90451242408d<%|%>1b538e31-581d-4e4b-9e31-a85592254754
dc0183f6-de1d-4bcf-80cc-c1a3c214bd53<%|%>1b538e31-581d-4e4b-9e31-a85592254754
f3980c01-05c8-4865-9974-dfb439a5d940<%|%>1b538e31-581d-4e4b-9e31-a85592254754
3c00d0f0-0fc0-4da8-b7ef-11bb18cba8a7<%|%>1b538e31-581d-4e4b-9e31-a85592254754
f78353af-a76e-416e-8509-44528c9bb8ff<%|%>1b538e31-581d-4e4b-9e31-a85592254754
bd1305bb-1003-4cb8-a27d-7637f1a116d7<%|%>1b538e31-581d-4e4b-9e31-a85592254754
ef7cb874-17f5-4a6f-891b-307f2437fbb6<%|%>1b538e31-581d-4e4b-9e31-a85592254754
bb540919-30bd-47f4-9a3c-391f331d7a92<%|%>1b538e31-581d-4e4b-9e31-a85592254754
b818e92b-86ea-4a38-a461-17bfdeeda626<%|%>1b538e31-581d-4e4b-9e31-a85592254754
37fc822e-d226-47c6-a904-792051dcb8bb<%|%>1b538e31-581d-4e4b-9e31-a85592254754
e1b4fa86-d4ce-4204-a1dd-0f33d58b873d<%|%>1b538e31-581d-4e4b-9e31-a85592254754
5fcfe30a-07ec-4a04-bed4-db19d0c92ebf<%|%>1b538e31-581d-4e4b-9e31-a85592254754
208ac5a0-4b12-4878-a0bd-a11fe2275c28<%|%>1b538e31-581d-4e4b-9e31-a85592254754
a1c9c90d-ffba-41b0-a4a4-33874c82229d<%|%>1b538e31-581d-4e4b-9e31-a85592254754
b44ba568-fd57-49dc-9be4-6bbcfbf46781<%|%>1b538e31-581d-4e4b-9e31-a85592254754
31be37f6-f405-4b9f-827f-ab46db9b0812<%|%>1b538e31-581d-4e4b-9e31-a85592254754
36ffac9b-fd63-451e-b05a-9a028a326aa5<%|%>1b538e31-581d-4e4b-9e31-a85592254754
b9465501-0d6f-4365-8cc9-3923f0528b43<%|%>1b538e31-581d-4e4b-9e31-a85592254754
089770b5-4d26-4932-8012-765f4d69ce59<%|%>1b538e31-581d-4e4b-9e31-a85592254754
dd9690bf-1e47-4fab-bdff-0ba11b3d9df9<%|%>1b538e31-581d-4e4b-9e31-a85592254754
0b2df7c1-b773-41dd-9f61-c3309d1fe1ac<%|%>1b538e31-581d-4e4b-9e31-a85592254754
68e6144c-c194-4600-bd25-7767eb892cbf<%|%>1b538e31-581d-4e4b-9e31-a85592254754
6f6bbd82-031d-432e-8614-8b0a1d95b819<%|%>1b538e31-581d-4e4b-9e31-a85592254754
b6ffda87-3d0c-4bda-8162-142f62e3d4a7<%|%>1b538e31-581d-4e4b-9e31-a85592254754
ab6b1b70-1b2f-445a-af13-e30dcf887729<%|%>1b538e31-581d-4e4b-9e31-a85592254754
cca5f7e6-ff4a-4c96-8514-c341b5bf7e1a<%|%>1b538e31-581d-4e4b-9e31-a85592254754
8be23192-8c0c-496a-a9fa-31d8c355202c<%|%>1b538e31-581d-4e4b-9e31-a85592254754
267480c6-f99e-44db-b6f5-edf6e96e74be<%|%>1b538e31-581d-4e4b-9e31-a85592254754
f08ea072-9332-40a4-8f41-3da2deb77bc5<%|%>1b538e31-581d-4e4b-9e31-a85592254754
f5558972-f81f-4c7e-a3b8-e70412dd4dec<%|%>1b538e31-581d-4e4b-9e31-a85592254754
5ee55004-f8e7-4ee4-9c33-ec8645265482<%|%>1b538e31-581d-4e4b-9e31-a85592254754
a9b5a6d6-c33f-4475-8079-2aa2cbf79448<%|%>1b538e31-581d-4e4b-9e31-a85592254754
d745d918-fcca-4b07-ab69-d1c77446e0f5<%|%>1b538e31-581d-4e4b-9e31-a85592254754
72e9fd35-8de3-4cd1-b880-62ed1a058b4b<%|%>1b538e31-581d-4e4b-9e31-a85592254754
52ad35d7-2469-49d4-9eca-260c1322bf50<%|%>1b538e31-581d-4e4b-9e31-a85592254754
c2d61220-7851-47d6-9517-469f19a55fd7<%|%>1b538e31-581d-4e4b-9e31-a85592254754
e4f8f0d6-aca8-4d80-aa3f-ba47b7e0c371<%|%>1b538e31-581d-4e4b-9e31-a85592254754
aa96c3d7-faec-45d9-bb98-8ece963b3df5<%|%>1b538e31-581d-4e4b-9e31-a85592254754
1ed1b795-2105-4021-89ca-77c5b65f2f7a<%|%>1b538e31-581d-4e4b-9e31-a85592254754
37101a7b-7b67-4966-ba3d-4b7d0adee010<%|%>1b538e31-581d-4e4b-9e31-a85592254754
3c4aeeea-e0c0-413c-8a21-c9b6b507d69c<%|%>1b538e31-581d-4e4b-9e31-a85592254754
2e044f8a-3743-4a32-8de7-f84901beed50<%|%>1b538e31-581d-4e4b-9e31-a85592254754
3f0a138a-dcee-4cb0-916e-899159c8d2fe<%|%>1b538e31-581d-4e4b-9e31-a85592254754
89c47e76-d06f-4891-9d8e-2307f1daf494<%|%>1b538e31-581d-4e4b-9e31-a85592254754
01c86a92-7c9f-4df7-9d7b-52097e22b701<%|%>1b538e31-581d-4e4b-9e31-a85592254754
88791914-ee31-4ba0-bca9-bcd08555209f<%|%>1b538e31-581d-4e4b-9e31-a85592254754
76259b4a-0177-450c-9c8d-46a2fdebe2cb<%|%>1b538e31-581d-4e4b-9e31-a85592254754
c1a6d620-b759-4b5f-8ead-f02e758a17cb<%|%>1b538e31-581d-4e4b-9e31-a85592254754
a3d3ed8a-ad40-45fa-a082-c8aeb7cc5d6c<%|%>1b538e31-581d-4e4b-9e31-a85592254754
855ecba1-ab52-4327-9290-8782c3502830<%|%>1b538e31-581d-4e4b-9e31-a85592254754
82c4bfa6-5cbc-4eb3-bc6d-090d366aaaef<%|%>1b538e31-581d-4e4b-9e31-a85592254754
bd1796b3-c263-4add-88c1-2a2dc14cb159<%|%>1b538e31-581d-4e4b-9e31-a85592254754
d1782f7c-3bca-4939-9219-7f9a4b98e691<%|%>1b538e31-581d-4e4b-9e31-a85592254754
fdee0da4-1902-49e3-a6ea-bf6b216d5ae5<%|%>1b538e31-581d-4e4b-9e31-a85592254754
af252a24-e3fe-4598-aa97-762d2ea08925<%|%>1b538e31-581d-4e4b-9e31-a85592254754
4c033b7b-e4a0-4465-90b2-d8e22b449844<%|%>1b538e31-581d-4e4b-9e31-a85592254754
8fc68968-2664-45ac-9209-83c1ab38c30f<%|%>1b538e31-581d-4e4b-9e31-a85592254754
da9eea5c-8ae4-44f8-a291-36435839afee<%|%>1b538e31-581d-4e4b-9e31-a85592254754
f47f1ca7-1a96-4861-94f1-efbdf513367d<%|%>1b538e31-581d-4e4b-9e31-a85592254754
440a87b3-f9a1-47bf-aaf1-6d0280b49cd4<%|%>1b538e31-581d-4e4b-9e31-a85592254754
b2f0db2e-dcb9-4d74-b9f7-31897d32354a<%|%>1b538e31-581d-4e4b-9e31-a85592254754
3b9e332a-adee-4e37-aa80-789364301e64<%|%>1b538e31-581d-4e4b-9e31-a85592254754
6f331184-6651-4351-85da-9d8c9ca84a78<%|%>1b538e31-581d-4e4b-9e31-a85592254754
9859dd8a-605d-4701-be80-c5c287f53a53<%|%>1b538e31-581d-4e4b-9e31-a85592254754
a2a2b97b-7c4b-40a4-bc1a-780cbd2b8aa7<%|%>1b538e31-581d-4e4b-9e31-a85592254754
7f08ee92-4830-4e78-9282-11e1d738b1ae<%|%>1b538e31-581d-4e4b-9e31-a85592254754
43d9ff46-bbc8-487a-8fc7-0557c4a7d215<%|%>1b538e31-581d-4e4b-9e31-a85592254754
9e3f379c-a6ed-44fa-a228-87cf057f77f3<%|%>1b538e31-581d-4e4b-9e31-a85592254754
cb640ded-6361-4193-bafc-ccf63101d9a0<%|%>1b538e31-581d-4e4b-9e31-a85592254754
f11023af-35b7-42f6-9687-ec7f66c5d9fb<%|%>1b538e31-581d-4e4b-9e31-a85592254754
ac5bc9de-08f9-477a-bdb9-e4b1169252f8<%|%>1b538e31-581d-4e4b-9e31-a85592254754
41814b2f-de9a-43fe-b9f3-c224f33246e3<%|%>1b538e31-581d-4e4b-9e31-a85592254754
7244a16f-d2b1-438b-bcf6-8f7808c5a051<%|%>1b538e31-581d-4e4b-9e31-a85592254754
cc1ac8a1-25c1-49e1-b48a-50bc59200b6e<%|%>1b538e31-581d-4e4b-9e31-a85592254754
bc75b1d2-ac4b-40df-8e1e-b6f9b9d13c60<%|%>1b538e31-581d-4e4b-9e31-a85592254754
5d34db2d-5584-4b51-a9fe-1018577d14a8<%|%>1b538e31-581d-4e4b-9e31-a85592254754
9b2e637a-122e-4439-a403-ad00d2a71c9a<%|%>1b538e31-581d-4e4b-9e31-a85592254754
5bcc8c3a-4000-4496-a8b2-c5568daf6e67<%|%>1b538e31-581d-4e4b-9e31-a85592254754
ce9aaf31-d290-4bf8-9a17-23ecc635ed7f<%|%>1b538e31-581d-4e4b-9e31-a85592254754
1b6ee4f2-8578-44f0-92a3-eebed7ada44a<%|%>1b538e31-581d-4e4b-9e31-a85592254754
53fc50cd-a41c-4381-8e67-175f90b4cceb<%|%>1b538e31-581d-4e4b-9e31-a85592254754
0676c93d-8f96-4d2f-b57a-aef0d05c2da9<%|%>1b538e31-581d-4e4b-9e31-a85592254754
27e55508-fd1f-4ef8-8e14-73ba30f75de0<%|%>1b538e31-581d-4e4b-9e31-a85592254754
9ccc9e5a-cb7d-4f4c-a38e-5a176585983b<%|%>1b538e31-581d-4e4b-9e31-a85592254754
d6f48967-adf2-437b-9e6d-1b1a984ef956<%|%>1b538e31-581d-4e4b-9e31-a85592254754
945c10a0-3551-4fdd-981f-88721ef458ff<%|%>1b538e31-581d-4e4b-9e31-a85592254754
7267bcdc-947c-4fbb-a8b1-14fc9d7788fa<%|%>1b538e31-581d-4e4b-9e31-a85592254754
3661c0c1-6e70-4fd7-861f-ad37d5e93a7b<%|%>1b538e31-581d-4e4b-9e31-a85592254754
1aea6586-2008-4096-8f0d-f2f283a32635<%|%>1b538e31-581d-4e4b-9e31-a85592254754
9baeed90-e3bd-4554-aad5-15562d425f95<%|%>1b538e31-581d-4e4b-9e31-a85592254754
1f61b993-ccd5-4c11-a467-fab323a0e51a<%|%>1b538e31-581d-4e4b-9e31-a85592254754
4476eec6-5c3f-4455-a012-a4aab58b8dbc<%|%>1b538e31-581d-4e4b-9e31-a85592254754
21692018-bb8e-401a-87d1-12921389a364<%|%>1b538e31-581d-4e4b-9e31-a85592254754
20815f8f-d520-43cc-90e4-fd0eef045252<%|%>1b538e31-581d-4e4b-9e31-a85592254754
c8c674ae-debe-4108-9f46-84f3a18bbc9b<%|%>1b538e31-581d-4e4b-9e31-a85592254754
d4cb4d46-cfab-4589-b8dd-ddf5f6b31e1e<%|%>1b538e31-581d-4e4b-9e31-a85592254754
99c3569f-30fd-4c99-b0b1-8f3423fcc2be<%|%>1b538e31-581d-4e4b-9e31-a85592254754
b4e64858-fbcc-4901-b09a-8833e5e535e3<%|%>1b538e31-581d-4e4b-9e31-a85592254754
571562d0-77e7-476c-b396-f6d1212e0ea2<%|%>1b538e31-581d-4e4b-9e31-a85592254754
ca712d77-47ed-4d3b-b632-f61001822a03<%|%>1b538e31-581d-4e4b-9e31-a85592254754
0b7af297-ff6d-4b39-bebb-2c55e00a34ad<%|%>1b538e31-581d-4e4b-9e31-a85592254754
d078eec3-681d-4f13-89f6-42399f5de5a9<%|%>1b538e31-581d-4e4b-9e31-a85592254754
4825f7a5-d2f7-45db-a8a6-705131a2fc05<%|%>1b538e31-581d-4e4b-9e31-a85592254754
068cb829-79fc-49f8-82ce-4a2d41ccca0a<%|%>1b538e31-581d-4e4b-9e31-a85592254754
85509c1c-2f3d-499d-b83f-77da52e9794e<%|%>1b538e31-581d-4e4b-9e31-a85592254754
3563cdf6-81a8-4cf8-af08-5d26090f431a<%|%>1b538e31-581d-4e4b-9e31-a85592254754
396b5160-b72c-488f-a822-fefc373ca2a2<%|%>1b538e31-581d-4e4b-9e31-a85592254754
3159eb76-65c9-45ed-8b96-e57cbfffb553<%|%>1b538e31-581d-4e4b-9e31-a85592254754
9411dbf9-9dc6-4d8c-87bc-f6722ae199d9<%|%>1b538e31-581d-4e4b-9e31-a85592254754
a4f31061-7c32-42d3-8c04-6894e404e03e<%|%>1b538e31-581d-4e4b-9e31-a85592254754
8f5a6fa9-0f54-463e-9b3d-8e7e400162f5<%|%>1b538e31-581d-4e4b-9e31-a85592254754
293b9ccd-cebf-4050-8fb1-72dc7fdc63ce<%|%>1b538e31-581d-4e4b-9e31-a85592254754
021b400e-9414-4348-8f5c-fefc5a87b17a<%|%>1b538e31-581d-4e4b-9e31-a85592254754
5031ac52-d5ea-4ff1-903d-6394dd8880dd<%|%>1b538e31-581d-4e4b-9e31-a85592254754
976af05f-6bf0-4e4c-8580-7460f6f9055c<%|%>1b538e31-581d-4e4b-9e31-a85592254754
a104fe20-c078-4955-8996-a0cc3a653f79<%|%>1b538e31-581d-4e4b-9e31-a85592254754
143db8d3-a616-4270-aac7-c80c55021a22<%|%>1b538e31-581d-4e4b-9e31-a85592254754
17e0584e-02b0-4cb5-82c7-a68a4625f0da<%|%>1b538e31-581d-4e4b-9e31-a85592254754
d549977b-0b2e-4634-b246-dbbac674f933<%|%>1b538e31-581d-4e4b-9e31-a85592254754
2a7f01d0-0a5d-4377-a4cd-a8991a390668<%|%>1b538e31-581d-4e4b-9e31-a85592254754
c1e63ce6-b429-4a72-84ae-ba5c4c45a336<%|%>1b538e31-581d-4e4b-9e31-a85592254754
b1a38019-8f07-451b-9a04-ae734a6e162c<%|%>1b538e31-581d-4e4b-9e31-a85592254754
5cd6612f-4872-4574-b057-435224de562b<%|%>1b538e31-581d-4e4b-9e31-a85592254754
eb8209d7-d95b-4a2d-9984-0ced8a754ce9<%|%>1b538e31-581d-4e4b-9e31-a85592254754
05592e4d-7cfe-40db-9233-7bf8aad6597c<%|%>1b538e31-581d-4e4b-9e31-a85592254754
25926fe2-61e6-4e63-8d42-87dcadae8dbc<%|%>1b538e31-581d-4e4b-9e31-a85592254754
614d8833-55ad-4dfa-9241-fe47a8a7337c<%|%>1b538e31-581d-4e4b-9e31-a85592254754
3a68068a-a46b-4356-b61b-ee5e53b6060d<%|%>1b538e31-581d-4e4b-9e31-a85592254754
d74a2259-51e3-4a04-848a-c3c3af8c7cb9<%|%>1b538e31-581d-4e4b-9e31-a85592254754
bd198fc4-e393-48cb-8d61-f950d30ad9c0<%|%>1b538e31-581d-4e4b-9e31-a85592254754
2ad8e50f-3c83-4c69-87a6-c67f410da27a<%|%>1b538e31-581d-4e4b-9e31-a85592254754
e33640e3-cd28-496d-8df0-f4cba931161f<%|%>1b538e31-581d-4e4b-9e31-a85592254754
54cbe43a-e0cc-4ed0-8ad4-3ccef542e171<%|%>1b538e31-581d-4e4b-9e31-a85592254754
f3a1094c-1202-49f8-a19c-9fe5cfad848b<%|%>1b538e31-581d-4e4b-9e31-a85592254754
e3665fcb-686f-4989-a8b3-56681ba42f82<%|%>1b538e31-581d-4e4b-9e31-a85592254754
e9dea846-fc96-474f-9c29-1ade8072b03a<%|%>1b538e31-581d-4e4b-9e31-a85592254754
3f32bf8e-fc1c-4bd0-a369-27cd8f69037d<%|%>1b538e31-581d-4e4b-9e31-a85592254754
c7bfb863-5d9f-46c4-b814-f095be1ba2dd<%|%>1b538e31-581d-4e4b-9e31-a85592254754
0d84d19a-65b6-4cb8-8777-70819c983fdd<%|%>1b538e31-581d-4e4b-9e31-a85592254754
f5c10d60-0805-415c-bed3-c108ba35d6d1<%|%>1b538e31-581d-4e4b-9e31-a85592254754
0db0fce6-ad6e-4d83-abdb-71ed082360ab<%|%>1b538e31-581d-4e4b-9e31-a85592254754
f28a5d56-c161-4dc4-bfde-94e8c224e90e<%|%>1b538e31-581d-4e4b-9e31-a85592254754
c6203812-57a7-4cbe-b245-e5255bbc2116<%|%>1b538e31-581d-4e4b-9e31-a85592254754
295fda1e-f4b6-4218-9ba9-bc110071f9c3<%|%>1b538e31-581d-4e4b-9e31-a85592254754
405dd57e-c24b-455d-8290-34e163fa8bca<%|%>1b538e31-581d-4e4b-9e31-a85592254754
4b112d86-b41f-4c92-9ab1-93261c313274<%|%>1b538e31-581d-4e4b-9e31-a85592254754
8c006aa1-6824-4ba5-ac83-0f5080808617<%|%>1b538e31-581d-4e4b-9e31-a85592254754
39f7c3d8-62b7-4888-9f95-5e58549c9c95<%|%>1b538e31-581d-4e4b-9e31-a85592254754
f0b05111-378e-4161-ba03-4b2c6a2d83ec<%|%>1b538e31-581d-4e4b-9e31-a85592254754
4dfe7ef9-e67d-4673-a258-f96ef142db68<%|%>1b538e31-581d-4e4b-9e31-a85592254754
b0ecef67-79fa-45f0-8788-f4988554f68e<%|%>1b538e31-581d-4e4b-9e31-a85592254754
7a10b8d4-979f-49a0-a73b-bfed75738291<%|%>1b538e31-581d-4e4b-9e31-a85592254754
45b3c928-d672-44c3-8840-0c52aa8a800b<%|%>1b538e31-581d-4e4b-9e31-a85592254754
55ec8a5e-f254-406e-9d7c-54f8bc33fed7<%|%>1b538e31-581d-4e4b-9e31-a85592254754
67fe3f54-2346-4772-8026-ee22e0358a37<%|%>1b538e31-581d-4e4b-9e31-a85592254754
98d705c9-7a1a-443b-87f2-4174656be794<%|%>1b538e31-581d-4e4b-9e31-a85592254754
0331aeac-2faf-458c-aa50-2660c95a1642<%|%>1b538e31-581d-4e4b-9e31-a85592254754
98233567-f9f5-4e58-b0e9-34bfa567af0e<%|%>1b538e31-581d-4e4b-9e31-a85592254754
fae54406-870e-482d-beda-cb6484ef0e90<%|%>1b538e31-581d-4e4b-9e31-a85592254754
bf76317f-47a6-4926-8415-f14f7fa70bcb<%|%>1b538e31-581d-4e4b-9e31-a85592254754
966547f4-922d-4b26-bbaa-d28878f1a548<%|%>1b538e31-581d-4e4b-9e31-a85592254754
419566cb-7618-4e1a-a1d8-7cdb7dc1d4d0<%|%>1b538e31-581d-4e4b-9e31-a85592254754
c6111065-2623-4571-8ce8-4bf5c7e766db<%|%>1b538e31-581d-4e4b-9e31-a85592254754
edc94c89-446e-4734-b8bd-a3ffd6d08f18<%|%>1b538e31-581d-4e4b-9e31-a85592254754
129409b8-3c15-4f7c-ad97-c80c41052012<%|%>1b538e31-581d-4e4b-9e31-a85592254754
a1af2031-0f25-4caf-9d1c-c0fbb3ad5d90<%|%>1b538e31-581d-4e4b-9e31-a85592254754
f352ab5d-4195-4c31-9493-2181084afd3c<%|%>1b538e31-581d-4e4b-9e31-a85592254754
65ce22d5-a7cd-4029-b4c6-2a77c194e364<%|%>1b538e31-581d-4e4b-9e31-a85592254754
839421f7-5f49-4e9f-bfca-8f81981c7a22<%|%>1b538e31-581d-4e4b-9e31-a85592254754
6b75b28d-4bb5-44d4-af39-f6c83f077842<%|%>1b538e31-581d-4e4b-9e31-a85592254754
c2888754-b165-4923-ac27-184a4353d2b2<%|%>1b538e31-581d-4e4b-9e31-a85592254754
824cf19d-4376-4f49-8338-6caf68a1dc99<%|%>1b538e31-581d-4e4b-9e31-a85592254754
0a5e3936-270e-4c0b-ac00-54976401d633<%|%>1b538e31-581d-4e4b-9e31-a85592254754
0ca922c8-6c15-43c1-a5b9-1fb6f1b7cf14<%|%>1b538e31-581d-4e4b-9e31-a85592254754
2679662e-a95e-4534-98bc-bb8c36bcb2f8<%|%>1b538e31-581d-4e4b-9e31-a85592254754
6a12f7c9-673d-43e8-86fd-e664bf3492f9<%|%>1b538e31-581d-4e4b-9e31-a85592254754
64181968-44d6-4aa3-ba91-3179475fdeb0<%|%>1b538e31-581d-4e4b-9e31-a85592254754
c196d342-7e2d-418a-addb-01b7a981de4c<%|%>1b538e31-581d-4e4b-9e31-a85592254754
9100575f-0314-4ca0-a980-bfe2635228c2<%|%>1b538e31-581d-4e4b-9e31-a85592254754
5e82b6f0-a823-4ae5-92ed-b7f2d44dbbfb<%|%>1b538e31-581d-4e4b-9e31-a85592254754
d2243877-61c8-43b8-b19a-f1940c30afa7<%|%>1b538e31-581d-4e4b-9e31-a85592254754
2eac880c-aa7a-45d1-94dd-83274fe049c0<%|%>1b538e31-581d-4e4b-9e31-a85592254754
399bcb81-e662-4c2a-92af-1079a432cfd7<%|%>1b538e31-581d-4e4b-9e31-a85592254754
d2a19878-5929-43a2-b78e-e03e885eb080<%|%>1b538e31-581d-4e4b-9e31-a85592254754
2da20851-405e-4c2a-bed3-183f471b1ed4<%|%>1b538e31-581d-4e4b-9e31-a85592254754
e3c40c58-fdb8-4736-bf66-e325460d9954<%|%>1b538e31-581d-4e4b-9e31-a85592254754
05e21da8-bc5f-4d97-ba44-57bc61213d82<%|%>1b538e31-581d-4e4b-9e31-a85592254754
594f97fe-6e7f-4863-8fe6-5139df80eee7<%|%>1b538e31-581d-4e4b-9e31-a85592254754
7fde2f29-dc7b-42e5-9b78-83beff5beb3e<%|%>1b538e31-581d-4e4b-9e31-a85592254754
5d2515ad-3d17-4751-8204-05ee6a4cbc72<%|%>1b538e31-581d-4e4b-9e31-a85592254754
96f9d947-9d8b-4b4c-93d0-101710c74f6f<%|%>1b538e31-581d-4e4b-9e31-a85592254754
bb65f429-ff44-48e3-a473-8fba3c9b144d<%|%>1b538e31-581d-4e4b-9e31-a85592254754
1efa8953-f139-4ab5-9c0d-69af4b01533f<%|%>1b538e31-581d-4e4b-9e31-a85592254754
64e32988-4b9b-4dd4-8dc0-c45a1bf5f2f6<%|%>1b538e31-581d-4e4b-9e31-a85592254754
880da055-7fd3-4b80-8807-adbf212f37b3<%|%>1b538e31-581d-4e4b-9e31-a85592254754
68511be1-870c-44b4-8615-ef96edc7789f<%|%>1b538e31-581d-4e4b-9e31-a85592254754
12799566-ed81-4797-b253-43ac1560cf0c<%|%>1b538e31-581d-4e4b-9e31-a85592254754
9aa8805c-7bf9-429d-9e2b-5794c510c6e7<%|%>1b538e31-581d-4e4b-9e31-a85592254754
2b47f674-693f-46e6-b8ae-96064d4d5a25<%|%>1b538e31-581d-4e4b-9e31-a85592254754
ad47c5c3-3c43-4fd2-b63c-da491ffbf853<%|%>1b538e31-581d-4e4b-9e31-a85592254754
3b6a85db-c6f4-4c19-8350-ce5a68989eed<%|%>1b538e31-581d-4e4b-9e31-a85592254754
6a4d9ced-27fb-4c3d-85bc-ccf165e6c11c<%|%>1b538e31-581d-4e4b-9e31-a85592254754
bb85da8e-129f-4f99-bb2f-1bf1e9ed5321<%|%>1b538e31-581d-4e4b-9e31-a85592254754
37fbe4ed-0841-4faf-b98b-6bc31f34cc01<%|%>1b538e31-581d-4e4b-9e31-a85592254754
d2ce8540-812b-4c41-983e-b32be3ca12d2<%|%>1b538e31-581d-4e4b-9e31-a85592254754
94696494-0ec1-4afb-a695-c781c7fbe1b1<%|%>1b538e31-581d-4e4b-9e31-a85592254754
14b47ea7-88dd-4649-9474-d1747edd78c8<%|%>1b538e31-581d-4e4b-9e31-a85592254754
eb8955b0-10e5-4679-964d-6a14373d2d31<%|%>1b538e31-581d-4e4b-9e31-a85592254754
b0a4f23a-f806-4b57-bcce-5b8914e37a63<%|%>1b538e31-581d-4e4b-9e31-a85592254754
c895a7bc-a0a5-4130-aa3f-f754a7a85fba<%|%>1b538e31-581d-4e4b-9e31-a85592254754
ee59591e-6a77-4cae-b853-8fff8482b9dd<%|%>1b538e31-581d-4e4b-9e31-a85592254754
b334ab8f-0054-4c96-a3d0-011ac25c05a2<%|%>1b538e31-581d-4e4b-9e31-a85592254754
6d59b17a-2cfa-4c31-a5d6-1f3d147c052a<%|%>1b538e31-581d-4e4b-9e31-a85592254754
3a005bc0-79e2-4faa-91b9-291776eb1a1d<%|%>1b538e31-581d-4e4b-9e31-a85592254754
0cdb5f44-2cdf-4745-aa50-93835d4f3bd3<%|%>1b538e31-581d-4e4b-9e31-a85592254754
5512d742-8c73-494e-a7ed-97f93a62eb23<%|%>1b538e31-581d-4e4b-9e31-a85592254754
51544450-660c-4dfc-9116-d13bffe35762<%|%>1b538e31-581d-4e4b-9e31-a85592254754
7dfc0c2d-5ee7-4411-9f4a-2f6a8470a61a<%|%>1b538e31-581d-4e4b-9e31-a85592254754
018f2a00-7f92-4af7-847a-8ae059e701bc<%|%>1b538e31-581d-4e4b-9e31-a85592254754
8536c53d-f0fb-452e-b9d4-1202f692534b<%|%>1b538e31-581d-4e4b-9e31-a85592254754
42bc9c0c-343a-48da-9376-84bd17ff1f87<%|%>1b538e31-581d-4e4b-9e31-a85592254754
741cd468-c2c5-46c2-8a47-f68455c88931<%|%>1b538e31-581d-4e4b-9e31-a85592254754
3b802cf8-6b5e-4ec2-874f-662774f33e78<%|%>1b538e31-581d-4e4b-9e31-a85592254754
cb759553-646a-4e0e-b5de-e2c25c24147c<%|%>1b538e31-581d-4e4b-9e31-a85592254754
9de53e88-a634-4773-8dac-f425ab5ef6a7<%|%>1b538e31-581d-4e4b-9e31-a85592254754
6f198d9e-52de-446f-9337-c1e294dbb2ec<%|%>1b538e31-581d-4e4b-9e31-a85592254754
27f477dd-d032-491c-b733-74a6a314e69f<%|%>1b538e31-581d-4e4b-9e31-a85592254754
5c499bb8-4845-4021-b962-65edcf5617d8<%|%>1b538e31-581d-4e4b-9e31-a85592254754
36e31865-5c14-4636-960e-c1df2ec4733f<%|%>1b538e31-581d-4e4b-9e31-a85592254754
71598ca3-bc00-4174-aa93-909bee94e287<%|%>1b538e31-581d-4e4b-9e31-a85592254754
c1a456ed-4846-43e3-8d14-cdc445d3a8ca<%|%>1b538e31-581d-4e4b-9e31-a85592254754
03b6012d-3d3d-4c6d-b780-79e3f0b61ed4<%|%>1b538e31-581d-4e4b-9e31-a85592254754
3ba0ce80-6323-41d6-b4aa-91caed6f489f<%|%>1b538e31-581d-4e4b-9e31-a85592254754
cc84f171-09f5-447b-a289-1c4335c2289e<%|%>1b538e31-581d-4e4b-9e31-a85592254754
c394dbff-5324-4e43-9bb1-a78b4d7f3153<%|%>1b538e31-581d-4e4b-9e31-a85592254754
ce1c8140-373b-443b-83f0-da82dfdb1cc6<%|%>1b538e31-581d-4e4b-9e31-a85592254754
7e0f5cc0-e61e-422e-8d3a-bc9704cf1e1d<%|%>1b538e31-581d-4e4b-9e31-a85592254754
b188458c-98b2-4a95-bb33-314a6934e0cd<%|%>1b538e31-581d-4e4b-9e31-a85592254754
f3d9bcc1-da48-457b-9e12-454a898718f3<%|%>1b538e31-581d-4e4b-9e31-a85592254754
3db5e835-2974-47bb-b080-fa908fcbd41c<%|%>1b538e31-581d-4e4b-9e31-a85592254754
05700e8f-357d-4f54-baaf-7dae78cd1e51<%|%>1b538e31-581d-4e4b-9e31-a85592254754
501a1425-e257-44c7-b94d-b1cfb5e24af8<%|%>1b538e31-581d-4e4b-9e31-a85592254754
ddfcfcec-4d50-476b-9b8c-4e4815dc6882<%|%>1b538e31-581d-4e4b-9e31-a85592254754
ad2c10ee-dc70-491b-8b61-2134051a9b0f<%|%>1b538e31-581d-4e4b-9e31-a85592254754
ed701fba-4079-4a87-9b63-0e79efc9c721<%|%>1b538e31-581d-4e4b-9e31-a85592254754
ddde2802-84fa-41e7-88da-7e9d652e4212<%|%>1b538e31-581d-4e4b-9e31-a85592254754
4dc50906-8ab9-4ecf-a7a7-7e46cecbdee2<%|%>1b538e31-581d-4e4b-9e31-a85592254754
1195d571-0ded-4119-8967-7d426991f643<%|%>1b538e31-581d-4e4b-9e31-a85592254754
711982f7-8831-49e4-a94b-d30126d30fd2<%|%>1b538e31-581d-4e4b-9e31-a85592254754
3f64582a-2100-4401-a4bd-05545311d0dc<%|%>1b538e31-581d-4e4b-9e31-a85592254754
acbb8957-3346-4b59-8ea1-90f8b081aed4<%|%>1b538e31-581d-4e4b-9e31-a85592254754
cd361e53-6cc8-4758-9d6d-e651dfada106<%|%>1b538e31-581d-4e4b-9e31-a85592254754
11b7b655-d4f4-4b20-844d-1818efc5a32b<%|%>1b538e31-581d-4e4b-9e31-a85592254754
0baf9525-00a5-4f0f-ad5a-547210aa3b48<%|%>1b538e31-581d-4e4b-9e31-a85592254754
a5df16b1-e241-4932-b428-546694baba67<%|%>1b538e31-581d-4e4b-9e31-a85592254754
ce4708f8-d73b-43d0-bcef-82a1c10d47ed<%|%>1b538e31-581d-4e4b-9e31-a85592254754
e2d4aeae-a6fd-44a6-8904-6b55b38928a1<%|%>1b538e31-581d-4e4b-9e31-a85592254754
7ba076ab-49c3-4d10-b900-dd4264902cf3<%|%>1b538e31-581d-4e4b-9e31-a85592254754
83710d82-23b2-4376-9fc8-61eaa90cabda<%|%>1b538e31-581d-4e4b-9e31-a85592254754
ad764431-aeaf-4a00-b2a3-a27d4a95c9d3<%|%>1b538e31-581d-4e4b-9e31-a85592254754
3f1d28d1-4aa5-497a-a987-0eb6a4a77af1<%|%>1b538e31-581d-4e4b-9e31-a85592254754
2bee3d2d-8a23-4bf3-bddb-17bb67788302<%|%>1b538e31-581d-4e4b-9e31-a85592254754
695eccee-05c7-47c4-b02e-f804867e8c3d<%|%>1b538e31-581d-4e4b-9e31-a85592254754
5b0e215f-4cab-4050-939d-479631bfdeb4<%|%>1b538e31-581d-4e4b-9e31-a85592254754
3eecaf76-002b-44f0-9743-16b24a06a694<%|%>1b538e31-581d-4e4b-9e31-a85592254754
adce6c93-18f5-4993-967c-daf75f55d994<%|%>1b538e31-581d-4e4b-9e31-a85592254754
ee913879-5519-477f-bf5d-b432f21a0f62<%|%>1b538e31-581d-4e4b-9e31-a85592254754
98c0b679-2939-40e8-ae4e-a6ffd06c4cc2<%|%>1b538e31-581d-4e4b-9e31-a85592254754
73b0066d-2561-4a93-8ddc-5e6f5d707862<%|%>1b538e31-581d-4e4b-9e31-a85592254754
dc8159c2-71ef-45ae-9cee-3fd070fc6b74<%|%>1b538e31-581d-4e4b-9e31-a85592254754
6d2ecdcd-a7c2-42d0-a077-d3d2189a6004<%|%>1b538e31-581d-4e4b-9e31-a85592254754
f27c9939-52cd-46ef-a1dd-83d97c77a27b<%|%>1b538e31-581d-4e4b-9e31-a85592254754
635d1b40-e00e-45ac-895a-f99aaa422f1d<%|%>1b538e31-581d-4e4b-9e31-a85592254754
12e638ff-ff86-40b1-90e4-4b411244027d<%|%>1b538e31-581d-4e4b-9e31-a85592254754
c5337176-f7ff-4af6-80c7-f03ced6a45c3<%|%>1b538e31-581d-4e4b-9e31-a85592254754
d4e00abd-f767-4f65-b4c9-22e3551943f2<%|%>1b538e31-581d-4e4b-9e31-a85592254754
3ef191b2-3a74-4496-a81e-8c8befc29a6e<%|%>1b538e31-581d-4e4b-9e31-a85592254754
4e4c55ec-112f-4cd3-baa2-b6f68932bfbe<%|%>1b538e31-581d-4e4b-9e31-a85592254754
e225d303-3793-4e78-bdc7-d4501f2728fb<%|%>1b538e31-581d-4e4b-9e31-a85592254754
97c0e821-2c8f-468f-82aa-0d4284213cea<%|%>1b538e31-581d-4e4b-9e31-a85592254754
7433cc4a-0b55-465f-b935-e3110fa6c5e6<%|%>1b538e31-581d-4e4b-9e31-a85592254754
12ce1fd7-0f02-4702-8334-2852708a4a4b<%|%>1b538e31-581d-4e4b-9e31-a85592254754
c0f3a23f-15f7-4c63-b4b9-6793fc9eee75<%|%>1b538e31-581d-4e4b-9e31-a85592254754
a5c05bdd-bf93-47e1-be02-5e3891396ef2<%|%>1b538e31-581d-4e4b-9e31-a85592254754
8edbd7b2-6f93-4246-bca1-7bbc72e1fd3d<%|%>1b538e31-581d-4e4b-9e31-a85592254754
81ce80ca-e6dc-4860-85cd-186e565282b1<%|%>1b538e31-581d-4e4b-9e31-a85592254754
02a4aab5-8649-4fd7-a90c-6c610bfd24df<%|%>1b538e31-581d-4e4b-9e31-a85592254754
5465bb44-c570-4c02-bf1e-66408b0d4002<%|%>1b538e31-581d-4e4b-9e31-a85592254754
994bba71-d62a-42b7-9137-8de41775bc61<%|%>1b538e31-581d-4e4b-9e31-a85592254754
af153966-b748-417a-91e1-1bcbd6654707<%|%>1b538e31-581d-4e4b-9e31-a85592254754
807f75de-4463-4be3-8c2f-3d30856939c0<%|%>1b538e31-581d-4e4b-9e31-a85592254754
0497ba2a-425b-4169-a8e2-b1c4811a4e90<%|%>1b538e31-581d-4e4b-9e31-a85592254754
3d55cb36-1069-483e-b475-03dedcb0d9ff<%|%>1b538e31-581d-4e4b-9e31-a85592254754
872cfe4e-7fe4-4781-8d16-314d317e8c06<%|%>1b538e31-581d-4e4b-9e31-a85592254754
c82e6138-886e-47cd-815a-19d56b4177de<%|%>1b538e31-581d-4e4b-9e31-a85592254754
b127dbd7-5cb2-46b2-897a-0f3bfcf7c9ee<%|%>1b538e31-581d-4e4b-9e31-a85592254754
9d6a7834-cc2e-47d6-af1b-579fe314a93b<%|%>1b538e31-581d-4e4b-9e31-a85592254754
90c4cdcb-e9b0-480b-bf80-9bf89b552792<%|%>1b538e31-581d-4e4b-9e31-a85592254754
3ebf55a9-2b7f-4a45-bcf3-65c79fb79596<%|%>1b538e31-581d-4e4b-9e31-a85592254754
d92ac02b-a88f-4260-92b6-cc64303f2346<%|%>1b538e31-581d-4e4b-9e31-a85592254754
01276481-c8ec-441a-811b-ca716f562353<%|%>1b538e31-581d-4e4b-9e31-a85592254754
909512c8-cea7-4810-b8d4-cc0009cf4827<%|%>1b538e31-581d-4e4b-9e31-a85592254754
6272dc58-6301-4940-bf76-50a458570a0c<%|%>1b538e31-581d-4e4b-9e31-a85592254754
f90e6b54-49c5-4211-862d-01175107092b<%|%>1b538e31-581d-4e4b-9e31-a85592254754
110ad40a-9bf9-4b48-8ea2-abbefe911b8b<%|%>1b538e31-581d-4e4b-9e31-a85592254754
cc3b2256-c5e8-407b-95ea-8c20693ddf93<%|%>1b538e31-581d-4e4b-9e31-a85592254754
e8c948bf-a15a-4517-9ce6-61ac04741276<%|%>1b538e31-581d-4e4b-9e31-a85592254754
5f741521-c436-44dd-a194-bee70a823d1d<%|%>1b538e31-581d-4e4b-9e31-a85592254754
06b545b1-83f6-4087-910a-03ab96face63<%|%>1b538e31-581d-4e4b-9e31-a85592254754
74bb869d-fb9d-4378-abc8-1068583b4421<%|%>1b538e31-581d-4e4b-9e31-a85592254754
7501af23-089d-4673-a55f-ca133884eeb7<%|%>1b538e31-581d-4e4b-9e31-a85592254754
e8668b31-ce6c-4f80-828b-fdf8ee3669ed<%|%>1b538e31-581d-4e4b-9e31-a85592254754
1848174d-2ac6-41ca-8566-feb0fa476fbb<%|%>1b538e31-581d-4e4b-9e31-a85592254754
953fb6fa-88e6-49a1-bce1-6f552914eb3a<%|%>1b538e31-581d-4e4b-9e31-a85592254754
e1e03930-8e21-4bdc-b580-6e65640f55fb<%|%>1b538e31-581d-4e4b-9e31-a85592254754
78d39cea-f5e2-4f20-9dc9-7bc1f4f1414c<%|%>1b538e31-581d-4e4b-9e31-a85592254754
297c5f21-7866-4887-8a82-110bf0034c3f<%|%>1b538e31-581d-4e4b-9e31-a85592254754
d85ad08f-47d9-4866-987a-9b2c3f79d037<%|%>1b538e31-581d-4e4b-9e31-a85592254754
e381c214-b721-4665-9785-da232bbf98f5<%|%>1b538e31-581d-4e4b-9e31-a85592254754
01d27c80-e7f3-499f-bc7d-a2658490018b<%|%>1b538e31-581d-4e4b-9e31-a85592254754
f6c28203-4b42-4db0-8df7-c486eb152736<%|%>1b538e31-581d-4e4b-9e31-a85592254754
b097999d-ac39-457c-ae10-07962c4a0ed4<%|%>1b538e31-581d-4e4b-9e31-a85592254754
e6eef35f-2cf2-4caf-ac05-4defd380a85b<%|%>1b538e31-581d-4e4b-9e31-a85592254754
6f0f417c-932a-460f-98d0-363e8638ebb5<%|%>1b538e31-581d-4e4b-9e31-a85592254754
ebc07cf3-b9c4-4a01-b5e6-2cdffc0c5f0e<%|%>1b538e31-581d-4e4b-9e31-a85592254754
9a9c41e7-8271-4894-85af-1b52448b0cbf<%|%>1b538e31-581d-4e4b-9e31-a85592254754
db2d08bd-6620-4e4b-bc23-4c7faef4350a<%|%>1b579db1-3f95-46ef-8098-b816fceca798
e8ba1cea-a729-448c-a218-512728f1f458<%|%>1b579db1-3f95-46ef-8098-b816fceca798
8e959cd4-ac2a-4ad2-b314-0b5e1053535b<%|%>1b579db1-3f95-46ef-8098-b816fceca798
e0226dbe-80a6-4182-825d-659ae1bd9ef4<%|%>1b579db1-3f95-46ef-8098-b816fceca798
4ec8e0ff-b9a5-4238-ae78-cc6c5587ef9e<%|%>1b579db1-3f95-46ef-8098-b816fceca798
73fcd12c-14d5-4d64-9ea8-16a78b6d614f<%|%>1b538e31-581d-4e4b-9e31-a85592254754
e9e43854-191d-4064-99f6-31c7986085b4<%|%>1b538e31-581d-4e4b-9e31-a85592254754
88f4e305-95d5-4e29-8418-c917545dcc19<%|%>1b538e31-581d-4e4b-9e31-a85592254754
8771da8d-7931-4c86-ac1e-9e1b4b9d2f68<%|%>1b538e31-581d-4e4b-9e31-a85592254754
32b4ec76-9d62-48e3-996a-97816a56fd30<%|%>1b538e31-581d-4e4b-9e31-a85592254754
2e116446-ffcc-4b77-b9cc-5604214dcf40<%|%>1b538e31-581d-4e4b-9e31-a85592254754
435f9276-cd7c-4ee7-9741-4526cdfe9b54<%|%>1b538e31-581d-4e4b-9e31-a85592254754
d91f6739-a750-4397-9c2b-d7490cd1e809<%|%>1b538e31-581d-4e4b-9e31-a85592254754
481c621f-47db-4218-8b3a-dffb14aab97c<%|%>1b538e31-581d-4e4b-9e31-a85592254754
05d6d03e-4e08-4b8e-b05c-7cfdcc61307b<%|%>1b538e31-581d-4e4b-9e31-a85592254754
589d65e9-c05c-45b6-b0fa-b3757e173e47<%|%>1b538e31-581d-4e4b-9e31-a85592254754
3810ba19-58a0-4adf-ad25-00cb4b1ad32b<%|%>1b538e31-581d-4e4b-9e31-a85592254754
1a33fa2a-0aaa-450e-80a3-22283daf4bdd<%|%>1b538e31-581d-4e4b-9e31-a85592254754
7a163204-d869-4c18-8a81-1c57c3d4c36d<%|%>1b538e31-581d-4e4b-9e31-a85592254754
c2e18524-7f31-48d2-8b67-7501e8208a0a<%|%>1b538e31-581d-4e4b-9e31-a85592254754
1537b44e-a2a0-40e4-9dad-f0f28bb5ce52<%|%>1b538e31-581d-4e4b-9e31-a85592254754
44446c94-9de9-4b02-8576-5f60fe58b081<%|%>1b538e31-581d-4e4b-9e31-a85592254754
cc23386a-7fb0-4b0e-a593-ccc954a1025f<%|%>1b538e31-581d-4e4b-9e31-a85592254754
f752e9a2-117c-4f66-8eb7-abb6195db88d<%|%>1b538e31-581d-4e4b-9e31-a85592254754
61169d02-c388-4c49-9f12-95c2bc5b2b56<%|%>1b538e31-581d-4e4b-9e31-a85592254754
7fd15bc7-5cf8-4dd2-81b4-d2541edb1393<%|%>1b538e31-581d-4e4b-9e31-a85592254754
b9ce9444-f949-42b2-811c-f9d5c06b9827<%|%>1b579db1-3f95-46ef-8098-b816fceca798
2c0c5081-1bd6-4e05-86d4-ff5d3ee0dd92<%|%>1b579db1-3f95-46ef-8098-b816fceca798
5ec2888e-9115-4417-83a2-08770a58dc47<%|%>1b538e31-581d-4e4b-9e31-a85592254754
c5d12b77-5c9b-492a-8d38-88aa6055d484<%|%>1b538e31-581d-4e4b-9e31-a85592254754
b1d871a3-9bcf-4a98-9223-2172b31042d4<%|%>1b538e31-581d-4e4b-9e31-a85592254754
daa047e4-069b-415c-a367-a975bad7d7a4<%|%>1b538e31-581d-4e4b-9e31-a85592254754
80fbd1d4-23b5-4a67-bd67-972d4e5c5642<%|%>1b538e31-581d-4e4b-9e31-a85592254754
94735c3c-72e7-47eb-b32c-9c9f0845b52e<%|%>1b538e31-581d-4e4b-9e31-a85592254754
774c38cc-8978-402e-afb6-1e136aae75ca<%|%>1b538e31-581d-4e4b-9e31-a85592254754
46c3f26f-ba08-46f2-8747-0c5327ea61c9<%|%>1b579db1-3f95-46ef-8098-b816fceca798
a9775b1b-7e19-461b-a0c5-d30c367537ca<%|%>1b538e31-581d-4e4b-9e31-a85592254754
31fafb60-3666-4a75-8578-b71141677706<%|%>1b538e31-581d-4e4b-9e31-a85592254754
8207cea3-e4b9-4528-a1fb-3f867c5efabb<%|%>1b579db1-3f95-46ef-8098-b816fceca798
357018d7-383d-49be-a983-21abe9a4e8fa<%|%>1b579db1-3f95-46ef-8098-b816fceca798
dded7c86-998d-49a5-991e-a8f7b378fb26<%|%>1b579db1-3f95-46ef-8098-b816fceca798
b64a63e6-a2da-4444-885f-7ab976656ab9<%|%>1b579db1-3f95-46ef-8098-b816fceca798
96c09cdb-cb28-42ac-a95b-f71b2ae7b4b5<%|%>1b579db1-3f95-46ef-8098-b816fceca798
6fce21d6-cc58-4f6f-a953-7c4bf3e100eb<%|%>1b579db1-3f95-46ef-8098-b816fceca798
992bbe81-cd60-49bf-9df5-29008387d6cf<%|%>1b579db1-3f95-46ef-8098-b816fceca798
ba64e41f-e0f2-4692-bb76-1aaed3ad61ea<%|%>1b579db1-3f95-46ef-8098-b816fceca798
8e4ac3f1-682f-4cfa-927d-8b63e6f47378<%|%>1b538e31-581d-4e4b-9e31-a85592254754
a92a6f53-0dc7-4b62-99e1-b5310afc9a15<%|%>1b538e31-581d-4e4b-9e31-a85592254754
5a3f0042-ddd2-460e-9bd0-b2f8f1e48fca<%|%>1b538e31-581d-4e4b-9e31-a85592254754
714628b2-99d0-4a53-bde5-6a1e1fe05c73<%|%>1b538e31-581d-4e4b-9e31-a85592254754
d3b383e3-0ede-488e-9af4-b25f1c38d3ad<%|%>1b538e31-581d-4e4b-9e31-a85592254754
dce8379b-55e5-4559-8d28-4021da385a9b<%|%>1b538e31-581d-4e4b-9e31-a85592254754
3b774c76-a085-495c-bff8-d091afed8828<%|%>1b538e31-581d-4e4b-9e31-a85592254754
d47e46aa-1941-4279-9cde-fa248de3cbd7<%|%>1b538e31-581d-4e4b-9e31-a85592254754
4de81923-de4b-461f-8c7c-b89b39ae77e7<%|%>1b538e31-581d-4e4b-9e31-a85592254754
7284b870-e2ac-4ccd-95e7-4c3f5526f5bd<%|%>1b538e31-581d-4e4b-9e31-a85592254754
44fb7e7a-50d1-4b5e-828a-ca64b01477de<%|%>1b538e31-581d-4e4b-9e31-a85592254754
97226228-5d9f-4276-8918-f2dcf805291d<%|%>1b538e31-581d-4e4b-9e31-a85592254754
7f168201-0ec3-4cba-8cb0-30c7ee28dfc0<%|%>1b538e31-581d-4e4b-9e31-a85592254754
76678d1d-b472-47f0-aebc-7f312a679057<%|%>1b538e31-581d-4e4b-9e31-a85592254754
f61c8996-104f-4f1d-954a-2c5a26e31f1c<%|%>1b579db1-3f95-46ef-8098-b816fceca798
ee727e1e-45e9-4693-aa71-f593ebb16bc2<%|%>1b538e31-581d-4e4b-9e31-a85592254754
ceb654ad-3c18-4c73-9eee-69ab550cbe31<%|%>1b538e31-581d-4e4b-9e31-a85592254754
2a75af72-0c50-4953-99d5-f8a7bdc57596<%|%>1b538e31-581d-4e4b-9e31-a85592254754
525ff18b-7ac5-4c41-a6de-f4af7c85aa88<%|%>1b538e31-581d-4e4b-9e31-a85592254754
d92157c2-6711-45f5-a4d0-a3855832f1bd<%|%>1b538e31-581d-4e4b-9e31-a85592254754
56b4ffdd-5417-4f7c-a572-c528170e9ceb<%|%>1b538e31-581d-4e4b-9e31-a85592254754
63132b5f-2694-4b6a-ac64-17660fc04077<%|%>1b538e31-581d-4e4b-9e31-a85592254754
4cdf3bb2-979e-4f70-aaef-fadeb1a6f0cb<%|%>1b538e31-581d-4e4b-9e31-a85592254754
46c59317-53b4-484b-8ee0-5e81650c6a86<%|%>1b538e31-581d-4e4b-9e31-a85592254754
dc571ea5-6692-428e-89a7-05ad7ea34dbb<%|%>1b538e31-581d-4e4b-9e31-a85592254754
6da4759f-62ec-4131-ad35-e79bc846cd20<%|%>1b538e31-581d-4e4b-9e31-a85592254754
7988f729-9a99-42ff-88d5-4498054a2d32<%|%>1b538e31-581d-4e4b-9e31-a85592254754
20899bd9-df15-4d8d-aad5-be606e9062d5<%|%>1b538e31-581d-4e4b-9e31-a85592254754
905fd6eb-21c0-432c-97c1-a488098e9097<%|%>1b579db1-3f95-46ef-8098-b816fceca798
f1ddb0ca-2f04-40a5-b401-3c62fe8ef6e4<%|%>1b579db1-3f95-46ef-8098-b816fceca798
c2574bf8-03a5-4312-9a70-8879d02cfdc5<%|%>1b579db1-3f95-46ef-8098-b816fceca798
c7b8681e-9125-41f9-900d-07dc662cdd2b<%|%>1b579db1-3f95-46ef-8098-b816fceca798
b680d84e-e4b9-4821-bd26-d547cffe9b98<%|%>1b579db1-3f95-46ef-8098-b816fceca798
e8188f71-a49f-4871-938f-3968c8da5ae8<%|%>1b538e31-581d-4e4b-9e31-a85592254754
4bb6c9fb-b630-461b-a00b-c8a9ece91ca0<%|%>1b538e31-581d-4e4b-9e31-a85592254754
49e72d65-9785-4a12-b819-120ea2dc8636<%|%>1b538e31-581d-4e4b-9e31-a85592254754
fa912b5c-0c61-4361-a2dc-89a45b4d9abe<%|%>1b538e31-581d-4e4b-9e31-a85592254754
b61e604d-20b8-4088-a9b4-574e0dd01b5f<%|%>1b538e31-581d-4e4b-9e31-a85592254754
8f0fc624-bd1e-4c29-9649-0e860ae0f410<%|%>1b538e31-581d-4e4b-9e31-a85592254754
79f35981-23ce-4ccf-a18a-3da3698a6782<%|%>1b538e31-581d-4e4b-9e31-a85592254754
d8d400e6-2d36-4cce-aaad-a135a2ff0a72<%|%>1b538e31-581d-4e4b-9e31-a85592254754
13e1895e-f07b-4788-89ab-386af58cdf29<%|%>1b538e31-581d-4e4b-9e31-a85592254754
18967a31-44c8-46c9-b076-f570497571d6<%|%>1b538e31-581d-4e4b-9e31-a85592254754
a5268e1a-f550-4413-8dfc-bc8461ef531c<%|%>1b538e31-581d-4e4b-9e31-a85592254754
5486eec4-ef8b-4836-974c-9752acaa70dc<%|%>1b538e31-581d-4e4b-9e31-a85592254754
9d7af805-57ec-4b36-a54c-2ac7056ca9d9<%|%>1b538e31-581d-4e4b-9e31-a85592254754
fdc01971-eb43-4fb3-8e14-0d786c081e76<%|%>1b538e31-581d-4e4b-9e31-a85592254754
54fb1473-e22f-406f-a228-e1d6fc66233f<%|%>1b538e31-581d-4e4b-9e31-a85592254754
55848351-6496-46c4-915d-7d9eb49a3cb3<%|%>1b538e31-581d-4e4b-9e31-a85592254754
87b35c30-f57e-4eda-81b7-706a7e21c43c<%|%>1b538e31-581d-4e4b-9e31-a85592254754
e4540b21-f41d-4d97-a27c-2c37428ee954<%|%>1b579db1-3f95-46ef-8098-b816fceca798
e70180ea-1a7e-478d-bdc3-143adcbf29f8<%|%>1b579db1-3f95-46ef-8098-b816fceca798
d420eb5e-bcdd-4674-9f7a-1b976cce52bd<%|%>1b579db1-3f95-46ef-8098-b816fceca798
834a882e-8b1d-4fb5-9552-0799ba52db11<%|%>1b579db1-3f95-46ef-8098-b816fceca798
649cc36f-41a5-44e3-969c-1ef00eee6f11<%|%>1b579db1-3f95-46ef-8098-b816fceca798
d35b8f6a-af42-4186-b896-0e8e63acd08d<%|%>1b579db1-3f95-46ef-8098-b816fceca798
198ef692-59b9-43f4-8e2e-6cc565fd5a4b<%|%>1b538e31-581d-4e4b-9e31-a85592254754
58aabf2d-5e4f-46d5-a5e6-ec6bbaba8d8a<%|%>1b538e31-581d-4e4b-9e31-a85592254754
e7905f37-1b86-432f-ad0e-f99711534088<%|%>1b538e31-581d-4e4b-9e31-a85592254754
b43e9410-a861-4fca-be3b-bbe2cfc3520e<%|%>1b579db1-3f95-46ef-8098-b816fceca798
0810f06d-cefc-4e65-89f6-5d0638c0da6a<%|%>1b538e31-581d-4e4b-9e31-a85592254754
76fabcfd-67df-4dbd-b73d-63852d253daf<%|%>1b538e31-581d-4e4b-9e31-a85592254754
0dec3ff1-25ee-4128-90f1-92dc2dae5fce<%|%>1b538e31-581d-4e4b-9e31-a85592254754
0002f7eb-f9ad-4a98-bf87-8d8652d4c92a<%|%>1b579db1-3f95-46ef-8098-b816fceca798
9a36b8a2-dd87-4ce2-84a9-1e9e4b06a0d3<%|%>1b579db1-3f95-46ef-8098-b816fceca798
f558c08d-ae8d-4918-8608-c43e4584aa9a<%|%>1b579db1-3f95-46ef-8098-b816fceca798
9fee94fa-5a44-4797-acc9-f43c8af0c7ec<%|%>1b579db1-3f95-46ef-8098-b816fceca798
f661dd72-2d18-42e4-8cfa-89018d897fba<%|%>1b579db1-3f95-46ef-8098-b816fceca798
2fee6c95-645b-44cf-a0a2-50cf93216880<%|%>1b579db1-3f95-46ef-8098-b816fceca798
7dc37da0-d057-45d6-92cf-84e28fc29dca<%|%>1b579db1-3f95-46ef-8098-b816fceca798
c83d8375-b094-45e8-9cad-93240acf6378<%|%>1b538e31-581d-4e4b-9e31-a85592254754
ee6698a9-b77d-4249-9097-641308f77b44<%|%>1b538e31-581d-4e4b-9e31-a85592254754
05bcc7b7-0c0e-4931-aa46-199985343be2<%|%>1b538e31-581d-4e4b-9e31-a85592254754
343612d6-e79e-4db4-8486-0eca86029264<%|%>1b538e31-581d-4e4b-9e31-a85592254754
381db719-a28d-4943-aeb5-6ca9e58c1bee<%|%>1b538e31-581d-4e4b-9e31-a85592254754
112906ca-5b65-4743-b8b7-6c4dfac92d74<%|%>1b579db1-3f95-46ef-8098-b816fceca798
9dda1536-33c6-49d6-ab87-2e57136dac82<%|%>1b579db1-3f95-46ef-8098-b816fceca798
ccd93113-d57d-400f-b07d-263b1499f801<%|%>1b579db1-3f95-46ef-8098-b816fceca798
18cddd15-5676-4c18-8f4c-2d007b72a90f<%|%>1b579db1-3f95-46ef-8098-b816fceca798
bfca737c-f3cd-45dd-ac15-3a553c344b6f<%|%>1b538e31-581d-4e4b-9e31-a85592254754
86a330fc-047a-4068-92be-794ec7a57437<%|%>1b538e31-581d-4e4b-9e31-a85592254754
1b6ddd4f-6e7f-40b9-b2c5-a68edb0de297<%|%>1b538e31-581d-4e4b-9e31-a85592254754
a06f1bb6-1eec-409b-b343-94fc46331c88<%|%>1b538e31-581d-4e4b-9e31-a85592254754
ac0609d0-4a06-4a4e-aad9-60efeb8db0f6<%|%>1b538e31-581d-4e4b-9e31-a85592254754
b64b6414-caf8-42dc-be0c-37f9c8b45cd3<%|%>1b538e31-581d-4e4b-9e31-a85592254754
26315e42-2ce1-4b0f-990e-ce706355635e<%|%>1b538e31-581d-4e4b-9e31-a85592254754
e7f99221-e534-4b1b-87f8-5abd5712fc21<%|%>1b538e31-581d-4e4b-9e31-a85592254754
51e859a1-03b1-4309-8f5f-b772d0a2d881<%|%>1b538e31-581d-4e4b-9e31-a85592254754
76b3c32a-ce3e-4746-8cb0-891f7da23976<%|%>1b538e31-581d-4e4b-9e31-a85592254754
a1586f36-fa4d-4632-8a9f-994808198bea<%|%>1b538e31-581d-4e4b-9e31-a85592254754
1ae23416-2e03-4293-8f3f-ac4b68cd37c9<%|%>1b538e31-581d-4e4b-9e31-a85592254754
d47daace-8424-46fb-95cb-6f445e90d764<%|%>1b579db1-3f95-46ef-8098-b816fceca798
ae1e7f88-6f5f-4327-8137-d3bc32348d48<%|%>1b538e31-581d-4e4b-9e31-a85592254754
5d9458c8-42b3-4147-a172-3ff198c28a49<%|%>1b579db1-3f95-46ef-8098-b816fceca798
c8a7ee7c-a167-43d2-bc53-000553f4b707<%|%>1b579db1-3f95-46ef-8098-b816fceca798
80c57987-3f80-429a-a794-7bd7d9ba9e24<%|%>1b579db1-3f95-46ef-8098-b816fceca798
f87ec514-0597-4d1d-99e2-96c3c9df4a6a<%|%>1b579db1-3f95-46ef-8098-b816fceca798
ee7a44ee-6a9f-457e-b5bb-05eb3df98ad3<%|%>1b579db1-3f95-46ef-8098-b816fceca798
dd51fed7-8181-475d-b59a-98e47ae8d8dd<%|%>1b579db1-3f95-46ef-8098-b816fceca798
31d4ce9b-f42c-4a69-b36f-8f5cebf0a78d<%|%>1b538e31-581d-4e4b-9e31-a85592254754
97e76e31-cf35-4e5f-b159-074deb1e817a<%|%>1b538e31-581d-4e4b-9e31-a85592254754
5e9a94f5-8a4c-4245-8e29-e0152e340e9d<%|%>1b538e31-581d-4e4b-9e31-a85592254754
9a030520-a32e-44a9-9b7f-8ae61974266a<%|%>1b538e31-581d-4e4b-9e31-a85592254754
e7853a00-9e86-40b6-8c4a-0dff2a14d3cb<%|%>1b538e31-581d-4e4b-9e31-a85592254754
e6cf9a31-6475-444f-a23f-ae27a213f2f2<%|%>1b538e31-581d-4e4b-9e31-a85592254754
962f1835-cd05-4578-b447-94db6f9b124a<%|%>1b538e31-581d-4e4b-9e31-a85592254754
4aab3dfb-f1bd-4859-b322-1276fd5a0aea<%|%>1b538e31-581d-4e4b-9e31-a85592254754
ac128ce8-0e06-48f2-bbde-90ac1654fb68<%|%>1b538e31-581d-4e4b-9e31-a85592254754
29657a41-ba1f-42ed-b338-6fd30a4df776<%|%>1b579db1-3f95-46ef-8098-b816fceca798
bae55cf0-0bf8-4f44-9e9c-cbbb4afdd579<%|%>1b579db1-3f95-46ef-8098-b816fceca798
4c3ec6bc-6071-4ed9-bd3f-ca787e5ebe1c<%|%>1b579db1-3f95-46ef-8098-b816fceca798
c2296798-d34c-4170-aeea-a2d7bd73ab39<%|%>1b579db1-3f95-46ef-8098-b816fceca798
19272b48-3ec6-45c2-8e2b-6ec30484381f<%|%>1b538e31-581d-4e4b-9e31-a85592254754
fd6a7562-f29b-4c00-a3c3-f53f74d11fa1<%|%>1b538e31-581d-4e4b-9e31-a85592254754
8b968a47-9831-4128-b182-26716733feed<%|%>1b538e31-581d-4e4b-9e31-a85592254754
5417ff3b-c62b-4e4e-99d9-f411594fdecc<%|%>1b538e31-581d-4e4b-9e31-a85592254754
fd80a8b0-b4f4-4963-88eb-6e2481efab2c<%|%>1b538e31-581d-4e4b-9e31-a85592254754
977685e7-1902-413b-b5cc-a4f840ceeac9<%|%>1b538e31-581d-4e4b-9e31-a85592254754
f0af4bbd-2a3e-4a01-b20f-1fb7a9faef39<%|%>1b538e31-581d-4e4b-9e31-a85592254754
0f023366-3c58-450d-96dd-e99afc991495<%|%>1b538e31-581d-4e4b-9e31-a85592254754
5d0ec74b-1f73-4c46-86d7-4dc3b5fa2d10<%|%>1b579db1-3f95-46ef-8098-b816fceca798
542c2db3-587b-424d-9132-3d66f4c4eaf9<%|%>1b538e31-581d-4e4b-9e31-a85592254754
286b00c7-bc00-4a6c-b31d-fbe365e62ff5<%|%>1b579db1-3f95-46ef-8098-b816fceca798
47e3f0b1-54b5-4fef-b227-cb0ac4fcf766<%|%>1b538e31-581d-4e4b-9e31-a85592254754
0744855e-7378-4d1b-9185-2618f01c0100<%|%>1b538e31-581d-4e4b-9e31-a85592254754
87b4e46f-b91b-49b6-ba6b-757b7cf0006d<%|%>1b538e31-581d-4e4b-9e31-a85592254754
400233ab-5034-45ce-b48f-c3f27d354778<%|%>1b538e31-581d-4e4b-9e31-a85592254754
f4b9f68b-0427-4543-9733-c874580d5170<%|%>1b538e31-581d-4e4b-9e31-a85592254754
232ece34-ff8c-4796-95e6-c4d73ffb0a01<%|%>1b538e31-581d-4e4b-9e31-a85592254754
1c2e2c27-a1b6-4f7a-ab35-a748f5540d7f<%|%>1b538e31-581d-4e4b-9e31-a85592254754
8217e00f-596c-45fc-b897-f1f39ec2e12b<%|%>1b538e31-581d-4e4b-9e31-a85592254754
222d723c-58df-464b-a947-4c08138404e9<%|%>1b538e31-581d-4e4b-9e31-a85592254754
2992b800-2061-47bf-ac96-4cf1409e6ba5<%|%>1b538e31-581d-4e4b-9e31-a85592254754
90809f7d-7577-4a59-96ef-acdee6c99ef4<%|%>1b538e31-581d-4e4b-9e31-a85592254754
5115f0d9-e3ce-4b70-9e1d-24003ff04a88<%|%>1b538e31-581d-4e4b-9e31-a85592254754
961fb129-e03f-48b5-aa69-cea734852aeb<%|%>1b538e31-581d-4e4b-9e31-a85592254754
b3d11a91-765f-4b6a-8872-63f0eaf05511<%|%>1b538e31-581d-4e4b-9e31-a85592254754
457acd4a-6e5b-4236-9661-23248342c7bc<%|%>1b538e31-581d-4e4b-9e31-a85592254754
45987f53-bca3-449c-a9b1-19717a2eebfa<%|%>1b538e31-581d-4e4b-9e31-a85592254754
f102118f-d895-4cdd-ac4b-111d8b9f0c67<%|%>1b538e31-581d-4e4b-9e31-a85592254754
3f6b6274-6543-4883-98f8-10cdb4d353b1<%|%>1b538e31-581d-4e4b-9e31-a85592254754
6fceca5f-93cd-40e2-8d55-9fb9029d12dc<%|%>1b538e31-581d-4e4b-9e31-a85592254754
aa553689-5d62-46c0-a9ce-58e73a31b028<%|%>1b538e31-581d-4e4b-9e31-a85592254754
944c3281-8e12-4310-a74b-6de9119cbb6a<%|%>1b538e31-581d-4e4b-9e31-a85592254754
e9359750-cee1-4ff1-ade4-99fdbe7c9114<%|%>1b538e31-581d-4e4b-9e31-a85592254754
3060ba83-8a7d-46b7-be6d-1ef501cf2f42<%|%>1b538e31-581d-4e4b-9e31-a85592254754
cde5bc28-6822-4746-8a28-304fcad6ef92<%|%>1b538e31-581d-4e4b-9e31-a85592254754
563506e1-e7bf-4ad3-996d-29826e257c03<%|%>1b538e31-581d-4e4b-9e31-a85592254754
23995ed0-8acb-4c1b-8f80-fa241f8e2df9<%|%>1b538e31-581d-4e4b-9e31-a85592254754
56f242db-da1a-4c21-93fa-33766f487d57<%|%>1b538e31-581d-4e4b-9e31-a85592254754
f51bc427-5de0-4b0b-883b-d6f13f4b4b66<%|%>1b538e31-581d-4e4b-9e31-a85592254754
c4c77d17-dcf0-4051-8965-acfdaac7d8a5<%|%>1b538e31-581d-4e4b-9e31-a85592254754
c8c211ae-3c05-48e9-bf0c-b839c776d952<%|%>1b538e31-581d-4e4b-9e31-a85592254754
bbf4526e-588e-4d9d-91c4-0ecc0798dc58<%|%>1b538e31-581d-4e4b-9e31-a85592254754
c9766f25-eb95-40f9-867c-7c5d582e3348<%|%>1b538e31-581d-4e4b-9e31-a85592254754
a93feff1-acb4-4bda-92a1-6314cf75c203<%|%>1b538e31-581d-4e4b-9e31-a85592254754
e73ed570-0a95-4c55-a46e-f43ef494d949<%|%>1b538e31-581d-4e4b-9e31-a85592254754
87ea0f69-1e6c-4e28-83ae-474c9895b439<%|%>1b538e31-581d-4e4b-9e31-a85592254754
76ee938e-0f1e-4a3a-9e61-482ac2f177b4<%|%>1b538e31-581d-4e4b-9e31-a85592254754
f061e1f8-0e63-4ad7-aad3-925729d5a813<%|%>1b538e31-581d-4e4b-9e31-a85592254754
82639ee4-e9ad-4dcb-92a8-08b54e77d575<%|%>1b538e31-581d-4e4b-9e31-a85592254754
87d1114c-4463-4807-b382-bff31b29efcc<%|%>1b538e31-581d-4e4b-9e31-a85592254754
baea6203-2e15-48f6-845a-4c7b71e99a8d<%|%>1b538e31-581d-4e4b-9e31-a85592254754
e0e72a54-b2f7-459b-afc9-c308fc64059c<%|%>1b538e31-581d-4e4b-9e31-a85592254754
954035b5-f10e-40ac-adcf-2cc7e011c53f<%|%>1b538e31-581d-4e4b-9e31-a85592254754
e7d5e586-dc61-490c-b222-fec728cc7590<%|%>1b538e31-581d-4e4b-9e31-a85592254754
49587f45-5c23-4be3-b8e0-fd6bc3061411<%|%>1b538e31-581d-4e4b-9e31-a85592254754
9af7369e-ef31-4684-b1fb-82a526ec405a<%|%>1b538e31-581d-4e4b-9e31-a85592254754
9be6df41-d75a-47c3-b1e9-00f368390188<%|%>1b538e31-581d-4e4b-9e31-a85592254754
6b31e121-7c8e-4736-9dc1-be6093bb45aa<%|%>1b538e31-581d-4e4b-9e31-a85592254754
c7766955-4ea7-4303-8a6e-2a771245748c<%|%>1b538e31-581d-4e4b-9e31-a85592254754
615da791-7d45-4eb6-9533-ba0a693d9486<%|%>1b538e31-581d-4e4b-9e31-a85592254754
8c50f9dc-ff75-44c7-9f75-cb1cfb008efb<%|%>1b538e31-581d-4e4b-9e31-a85592254754
9a8ac9cb-60be-4d5f-89f4-b946f22c2394<%|%>1b538e31-581d-4e4b-9e31-a85592254754
3d3afc69-7712-46da-aaae-3f29551ddde6<%|%>1b538e31-581d-4e4b-9e31-a85592254754
7626ccd6-70a8-44ad-97cc-e1b3d9acb69c<%|%>1b538e31-581d-4e4b-9e31-a85592254754
1a474462-106b-46e9-b5d8-56ef8cfa6449<%|%>1b538e31-581d-4e4b-9e31-a85592254754
08243c48-6d88-4b2e-864a-8fc7022364f7<%|%>1b538e31-581d-4e4b-9e31-a85592254754
4b4a173e-20e7-4458-9382-ec721b301d40<%|%>1b538e31-581d-4e4b-9e31-a85592254754
d072d8da-be68-413f-9ef6-85c33738e624<%|%>1b538e31-581d-4e4b-9e31-a85592254754
0844df70-1d79-4ff6-b439-b29253cfb573<%|%>1b538e31-581d-4e4b-9e31-a85592254754
b8ed2510-98c6-4927-8505-2a7c42ac8972<%|%>1b538e31-581d-4e4b-9e31-a85592254754
0e6080f7-87b3-45d4-a8e3-86de23c5b402<%|%>1b538e31-581d-4e4b-9e31-a85592254754
7a4d8e18-bb65-43bc-9834-1a93389e1ab5<%|%>1b538e31-581d-4e4b-9e31-a85592254754
ef74fa62-f47d-4b7b-bd3e-7977ca18a8c3<%|%>1b538e31-581d-4e4b-9e31-a85592254754
d895ca08-13e2-45b4-ab5d-7c1fde20b544<%|%>1b538e31-581d-4e4b-9e31-a85592254754
89fdc540-5738-4392-8946-ed587b595fd0<%|%>1b538e31-581d-4e4b-9e31-a85592254754
dc192796-b495-4bdd-b69d-462db6e2f6af<%|%>1b538e31-581d-4e4b-9e31-a85592254754
bd749a37-9bb1-4410-884c-f5680b165d63<%|%>1b538e31-581d-4e4b-9e31-a85592254754
c35799dc-6c67-41c2-b8ff-8a73b482873c<%|%>1b538e31-581d-4e4b-9e31-a85592254754
8b6136d2-4ba2-4495-8b3b-866645d2f684<%|%>1b538e31-581d-4e4b-9e31-a85592254754
6ccffc86-656d-414b-a50b-fac87572d0c3<%|%>1b538e31-581d-4e4b-9e31-a85592254754
f1eb479c-7a4e-469d-8a0e-ea62e44846e7<%|%>1b538e31-581d-4e4b-9e31-a85592254754
c962a4e2-7fe5-4dba-a03b-1d0dc5adcd21<%|%>1b538e31-581d-4e4b-9e31-a85592254754
9e042bd2-a158-4406-b97f-a853664499e2<%|%>1b538e31-581d-4e4b-9e31-a85592254754
fad8f3c9-d7bf-455c-9386-b135f899e00f<%|%>1b538e31-581d-4e4b-9e31-a85592254754
c902f409-22dc-4992-b124-a7210632e7d5<%|%>1b538e31-581d-4e4b-9e31-a85592254754
957f31f2-6304-4ff4-abbe-d2820bf3d6b5<%|%>1b579db1-3f95-46ef-8098-b816fceca798
3cb2a234-c472-4c03-bf70-6d2dc851308e<%|%>1b538e31-581d-4e4b-9e31-a85592254754
3e09d706-8d5a-422f-991d-f2a550d9ae5f<%|%>1b538e31-581d-4e4b-9e31-a85592254754
0c2f763d-63c4-4549-8092-66839689cbc2<%|%>1b538e31-581d-4e4b-9e31-a85592254754
bcf98b75-e955-433a-b313-0a722957ecce<%|%>1b538e31-581d-4e4b-9e31-a85592254754
ee33c218-6975-43f1-b69b-2c79acec1924<%|%>1b538e31-581d-4e4b-9e31-a85592254754
fab18cbb-0e2c-4a86-af3d-1556746f0802<%|%>1b538e31-581d-4e4b-9e31-a85592254754
0957fe89-384d-4989-a6b5-6035f365dafc<%|%>1b538e31-581d-4e4b-9e31-a85592254754
4c8dd7df-0869-4b32-a427-c5545a383c1e<%|%>1b538e31-581d-4e4b-9e31-a85592254754
9adbab2e-366a-41f2-b746-0fef0e140de7<%|%>1b538e31-581d-4e4b-9e31-a85592254754
bb8aa9c8-23c9-4698-afde-02acaeb03b55<%|%>1b538e31-581d-4e4b-9e31-a85592254754
72891f1f-1e0d-4d2f-8007-864814aadd91<%|%>1b538e31-581d-4e4b-9e31-a85592254754
7c5d25fb-95c7-4d74-a3de-33f7a0fa0a62<%|%>1b538e31-581d-4e4b-9e31-a85592254754
2d8e1abd-77cc-440c-8999-6f170fbf10bc<%|%>1b538e31-581d-4e4b-9e31-a85592254754
ed13629c-ad31-4420-89d9-05c50261d6fb<%|%>1b538e31-581d-4e4b-9e31-a85592254754
5df82b59-4498-4b66-8cc9-11d8db5781b0<%|%>1b538e31-581d-4e4b-9e31-a85592254754
2ffc6436-184d-4a67-b9d2-5ccf49c45355<%|%>1b538e31-581d-4e4b-9e31-a85592254754
04d9a7fd-c398-4c00-a192-fec0d847a854<%|%>1b538e31-581d-4e4b-9e31-a85592254754
72921f52-620f-4e8d-8f74-b2d874c0d911<%|%>1b538e31-581d-4e4b-9e31-a85592254754
d00f02cc-2320-43a6-94e9-6b5f0d90b801<%|%>1b538e31-581d-4e4b-9e31-a85592254754
33b44a66-388c-4693-a732-2b5f55312dc6<%|%>1b538e31-581d-4e4b-9e31-a85592254754
2bacd019-89ab-4a12-80e8-9ff5935bc474<%|%>1b538e31-581d-4e4b-9e31-a85592254754
46ae25ff-0455-4a5b-82d2-4894e8158e45<%|%>1b538e31-581d-4e4b-9e31-a85592254754
c5c5e388-2e47-43d3-a271-7779359bf25d<%|%>1b538e31-581d-4e4b-9e31-a85592254754
ca1f96b2-e690-4a82-8d8f-e02dd4ba7d76<%|%>1b538e31-581d-4e4b-9e31-a85592254754
0d7bf4d7-bb72-4aef-aeba-727f56931c07<%|%>1b538e31-581d-4e4b-9e31-a85592254754
c5eda26d-81e1-4f09-a4d3-c3ff24b68000<%|%>1b538e31-581d-4e4b-9e31-a85592254754
ccb6496f-7a09-49a3-9171-7d3c472ff3b4<%|%>1b538e31-581d-4e4b-9e31-a85592254754
4d33f55c-2753-4ce9-86fc-e166891d0574<%|%>1b538e31-581d-4e4b-9e31-a85592254754
2a14f8f3-319f-4f7d-8433-2a404bff97f7<%|%>1b538e31-581d-4e4b-9e31-a85592254754
bba36885-c0b2-48e0-afbf-d33adfc7853c<%|%>1b538e31-581d-4e4b-9e31-a85592254754
886371f4-2da6-4817-b902-fefdd74dfbe1<%|%>1b538e31-581d-4e4b-9e31-a85592254754
8991a684-c559-4a80-8285-cc5ec9d8d371<%|%>1b538e31-581d-4e4b-9e31-a85592254754
32e7d753-7f94-4479-a972-f266deceb86f<%|%>1b538e31-581d-4e4b-9e31-a85592254754
430311d5-d0f1-4b31-a5ff-378504b34f6b<%|%>1b538e31-581d-4e4b-9e31-a85592254754
bb55d703-f0b8-498e-9299-20202c566882<%|%>1b538e31-581d-4e4b-9e31-a85592254754
ffab1b01-3141-4586-aeb4-1ca7a0da3ddd<%|%>1b538e31-581d-4e4b-9e31-a85592254754
72bbd775-dd7b-423b-b4f6-dc4f0717ef3b<%|%>1b538e31-581d-4e4b-9e31-a85592254754
3ffc774b-142d-4f18-8ed8-4649b1b8841b<%|%>1b538e31-581d-4e4b-9e31-a85592254754
dfd8f6fe-ba2b-4e8a-a297-3aa21a4b526a<%|%>1b538e31-581d-4e4b-9e31-a85592254754
6b64b605-77a0-408d-b342-1a61f3fb030b<%|%>1b538e31-581d-4e4b-9e31-a85592254754
8f700101-b157-45ac-839f-6c2485e6814a<%|%>1b538e31-581d-4e4b-9e31-a85592254754
92c20b0f-b58e-4912-9fa0-c20d3a2e96d1<%|%>1b538e31-581d-4e4b-9e31-a85592254754
b1f20720-2c77-4aee-9436-21afb47fe633<%|%>1b538e31-581d-4e4b-9e31-a85592254754
2bc3d151-823d-4b30-96c9-b29fbdc4adc2<%|%>1b538e31-581d-4e4b-9e31-a85592254754
53f97da5-802b-401c-bb01-c955ee0359cd<%|%>1b538e31-581d-4e4b-9e31-a85592254754
273cdbe3-4b68-454c-8e6e-3754f07403d9<%|%>1b538e31-581d-4e4b-9e31-a85592254754
80bf63cf-919d-4a47-8e05-176b4dd68433<%|%>1b538e31-581d-4e4b-9e31-a85592254754
fc7b2f21-f6e5-425b-88d6-2893a4812882<%|%>1b538e31-581d-4e4b-9e31-a85592254754
6074df59-f69c-47bb-aa4c-e95ef9e48edd<%|%>1b538e31-581d-4e4b-9e31-a85592254754
bf219c6c-7fee-434a-929c-fca03db0034d<%|%>1b538e31-581d-4e4b-9e31-a85592254754
46249ead-39fe-469a-bcfd-ffc01033c5e9<%|%>1b538e31-581d-4e4b-9e31-a85592254754
28eeb543-8718-4388-9e9a-763ba7ee4ab3<%|%>1b538e31-581d-4e4b-9e31-a85592254754
a04b8ccb-c8a1-470b-ba42-b555c0ebfc34<%|%>1b538e31-581d-4e4b-9e31-a85592254754
0760c011-1e36-437e-b806-731aeadbcb2f<%|%>1b538e31-581d-4e4b-9e31-a85592254754
04e391f1-b0b9-40c7-bf33-578a8c03bbfb<%|%>1b538e31-581d-4e4b-9e31-a85592254754
293fe08e-38f4-47e1-9c8e-7d269fcaaf0d<%|%>1b538e31-581d-4e4b-9e31-a85592254754
c07829d5-03ef-4b61-8963-9766529eca2e<%|%>1b538e31-581d-4e4b-9e31-a85592254754
4c4d34f0-af7b-470e-925f-100137c7a49b<%|%>1b538e31-581d-4e4b-9e31-a85592254754
9f0ef5b8-e14c-4237-a314-c502c43c9c5b<%|%>1b538e31-581d-4e4b-9e31-a85592254754
4ed0a0a0-962d-40fc-963f-5206f5120d0b<%|%>1b538e31-581d-4e4b-9e31-a85592254754
14ea6a64-d60d-462c-93a3-c302fbfb408d<%|%>1b538e31-581d-4e4b-9e31-a85592254754
caf089a3-32f0-4640-8c17-6785c83b80f4<%|%>1b538e31-581d-4e4b-9e31-a85592254754
f14e6153-80fc-47d4-8ebb-58af505a308a<%|%>1b538e31-581d-4e4b-9e31-a85592254754
e73790c7-ef3d-4228-8d24-1737064710f1<%|%>1b538e31-581d-4e4b-9e31-a85592254754
40f584a0-8012-443e-bb6a-a8922a4a0622<%|%>1b538e31-581d-4e4b-9e31-a85592254754
e2f83435-7a5a-4be2-b322-d0771a9687df<%|%>1b538e31-581d-4e4b-9e31-a85592254754
9b632a67-8ed5-450a-9958-b218cd86551a<%|%>1b538e31-581d-4e4b-9e31-a85592254754
a0bdf7b2-9e4d-4fbf-a2f9-a11d242d755d<%|%>1b538e31-581d-4e4b-9e31-a85592254754
ea5f5031-61d9-4745-9f4d-9c0420724882<%|%>1b538e31-581d-4e4b-9e31-a85592254754
1da63c80-359e-472e-a071-b7e468e63dd8<%|%>1b538e31-581d-4e4b-9e31-a85592254754
aa8bb007-72c8-4d5f-9904-fe27fa67e9c5<%|%>1b538e31-581d-4e4b-9e31-a85592254754
f195dfea-e96b-4ae3-adc6-96c8bed4b519<%|%>1b538e31-581d-4e4b-9e31-a85592254754
c4bc443a-7538-4284-a94d-616fc685c9f1<%|%>1b538e31-581d-4e4b-9e31-a85592254754
ce1ebd0e-ee27-464b-a210-3b358cc9b10b<%|%>1b538e31-581d-4e4b-9e31-a85592254754
ac29b1ce-81ad-4391-88fb-54766b452089<%|%>1b538e31-581d-4e4b-9e31-a85592254754
d032134e-a4dc-4c0a-8293-beec71f737da<%|%>1b538e31-581d-4e4b-9e31-a85592254754
68d2463b-aa9e-4e40-bedb-318aa163d7aa<%|%>1b538e31-581d-4e4b-9e31-a85592254754
6b811c4b-29b8-454c-9334-9f7c9bdaf908<%|%>1b538e31-581d-4e4b-9e31-a85592254754
fa182c8f-532f-46c7-9732-ac818e54d72b<%|%>1b538e31-581d-4e4b-9e31-a85592254754
c0c54edb-1897-40da-9e1d-1ddcc0cdf52c<%|%>1b538e31-581d-4e4b-9e31-a85592254754
8f1ff78a-897d-4886-bcdf-cd7bb333813c<%|%>1b538e31-581d-4e4b-9e31-a85592254754
25fe5226-d36f-4213-a347-d1e6e489f770<%|%>1b538e31-581d-4e4b-9e31-a85592254754
8f336e0e-a151-4f51-b4b5-73fe8e88aa7c<%|%>1b538e31-581d-4e4b-9e31-a85592254754
4f80f7f3-cf41-4757-9d8e-3fd63d94ffc6<%|%>1b538e31-581d-4e4b-9e31-a85592254754
6e6725b6-8511-41ef-9d52-e3209aceff02<%|%>1b538e31-581d-4e4b-9e31-a85592254754
8e1d89c5-375d-4810-b540-3e171a624dad<%|%>1b538e31-581d-4e4b-9e31-a85592254754
528d53ad-efe5-4e33-816f-a45d10bfa4b5<%|%>1b538e31-581d-4e4b-9e31-a85592254754
1a5ecbf7-3b13-44b0-8916-0901a3584009<%|%>1b538e31-581d-4e4b-9e31-a85592254754
edbbe836-d98a-4313-b38f-d62b3cf8e172<%|%>1b538e31-581d-4e4b-9e31-a85592254754
94f88439-797e-4871-8dec-2aa241860b4b<%|%>1b538e31-581d-4e4b-9e31-a85592254754
2d1bf953-47d6-4995-9d7f-74e2bab54db8<%|%>1b579db1-3f95-46ef-8098-b816fceca798
5a91f91e-d948-4a9a-97a7-2b62727f467d<%|%>1b579db1-3f95-46ef-8098-b816fceca798
cde5ca0d-8f7f-45ab-be74-4a9b3ddec832<%|%>1b538e31-581d-4e4b-9e31-a85592254754
7f33f4d1-96db-4781-a09c-a4a27af29a01<%|%>1b538e31-581d-4e4b-9e31-a85592254754
fcb87140-6ff3-4729-aaa9-fe83c288c0f2<%|%>1b538e31-581d-4e4b-9e31-a85592254754
58b78f20-acdb-40e1-992d-4e2925a98f5b<%|%>1b538e31-581d-4e4b-9e31-a85592254754
88476924-64f2-4586-a3a2-324258fd32a0<%|%>1b538e31-581d-4e4b-9e31-a85592254754
f65f9b8a-38b9-45dd-8eda-77848d6edabd<%|%>1b538e31-581d-4e4b-9e31-a85592254754
f98f046c-9b91-4b97-a031-c1d6f83b736c<%|%>1b538e31-581d-4e4b-9e31-a85592254754
fae64e8e-493d-4128-8aaa-9b23535792f3<%|%>1b538e31-581d-4e4b-9e31-a85592254754
2fd2e1bf-c352-42c7-bb1d-b0eb176d4d08<%|%>1b538e31-581d-4e4b-9e31-a85592254754
6e060592-5b4d-483c-8d17-c05beaab14cf<%|%>1b538e31-581d-4e4b-9e31-a85592254754
72b72561-1442-47ba-a91f-9ad8ad66d672<%|%>1b538e31-581d-4e4b-9e31-a85592254754
cb240e8d-5ed8-4c64-bc06-01dce5af1229<%|%>1b538e31-581d-4e4b-9e31-a85592254754
27608aac-ea98-4fec-bfb5-0adddb00dc54<%|%>1b538e31-581d-4e4b-9e31-a85592254754
ae674fc5-61c8-48cc-99f8-82652a75e8f9<%|%>1b538e31-581d-4e4b-9e31-a85592254754
6b470f25-4e3a-4b69-9572-453b8426dca9<%|%>1b538e31-581d-4e4b-9e31-a85592254754
21a84a23-7d6d-4609-9c2d-f0bf24ba6511<%|%>1b538e31-581d-4e4b-9e31-a85592254754
6005bbd4-5502-4793-86f1-2947cdfa3fd9<%|%>1b538e31-581d-4e4b-9e31-a85592254754
617561aa-4b43-4372-9084-ee649db24ce5<%|%>1b538e31-581d-4e4b-9e31-a85592254754
1c55aa97-dee5-4a59-8200-df1d1000e88e<%|%>1b538e31-581d-4e4b-9e31-a85592254754
0f6aeb08-0394-4bd2-809b-90b70c45d686<%|%>1b538e31-581d-4e4b-9e31-a85592254754
dd2b639d-44f0-430b-80d9-34ebfb62ade4<%|%>1b538e31-581d-4e4b-9e31-a85592254754
7f5b1d43-83a8-4b37-82af-bbb13e786bd0<%|%>1b538e31-581d-4e4b-9e31-a85592254754
f27814b1-d88c-4016-839f-840d7ae3faac<%|%>1b538e31-581d-4e4b-9e31-a85592254754
edcae794-2f2e-47c0-a2d3-e8a60fc1accc<%|%>1b538e31-581d-4e4b-9e31-a85592254754
9e17e915-ed51-4ac4-a0e3-8dabb21e871d<%|%>1b538e31-581d-4e4b-9e31-a85592254754
fa9df193-0009-417b-8678-7e1344d02322<%|%>1b538e31-581d-4e4b-9e31-a85592254754
d6c8e161-119d-4d6b-aef0-542211d09879<%|%>1b538e31-581d-4e4b-9e31-a85592254754
01c1d384-9863-49ea-a9f8-abe08f7ef892<%|%>1b538e31-581d-4e4b-9e31-a85592254754
8b38dac8-ec3c-4db3-b253-5930d153362d<%|%>1b538e31-581d-4e4b-9e31-a85592254754
286f12c6-d768-4f91-a92a-8ab34363068c<%|%>1b538e31-581d-4e4b-9e31-a85592254754
2d486a19-ae36-4db9-b92b-d346a73e0f96<%|%>1b538e31-581d-4e4b-9e31-a85592254754
9fa0a576-310b-4a8c-b4bf-ff3b5ead283e<%|%>1b538e31-581d-4e4b-9e31-a85592254754
c40648c3-f007-4fc2-9e0d-515808addfd8<%|%>1b538e31-581d-4e4b-9e31-a85592254754
c27aea3f-c34f-456c-8a81-2dee96ae1409<%|%>1b538e31-581d-4e4b-9e31-a85592254754
41daf98b-0d69-4050-896c-ca5521bd8d96<%|%>1b538e31-581d-4e4b-9e31-a85592254754
99c27e1d-0bc5-4a18-b7bc-c8ed55b1fa67<%|%>1b538e31-581d-4e4b-9e31-a85592254754
f4df1eb2-d653-4aa1-a878-9e099c99cc2e<%|%>1b538e31-581d-4e4b-9e31-a85592254754
99d9b197-8358-45ae-9a06-77af016b9142<%|%>1b538e31-581d-4e4b-9e31-a85592254754
310c0756-1273-4e46-83ad-6c14aee3b6d9<%|%>1b538e31-581d-4e4b-9e31-a85592254754
d356e46d-a124-4976-807e-36c336f0f089<%|%>1b538e31-581d-4e4b-9e31-a85592254754
417f2cfa-4277-4fd7-8fdf-ba0d9f6d9fcf<%|%>1b538e31-581d-4e4b-9e31-a85592254754
01cb23b1-e983-4e91-a1d4-f009f1e4c3cb<%|%>1b538e31-581d-4e4b-9e31-a85592254754
ba433d93-aed7-438d-8bdf-4b7d2edbf3c5<%|%>1b538e31-581d-4e4b-9e31-a85592254754
db547ccd-6cd4-476c-9f5c-d1b3b7d39d6d<%|%>1b538e31-581d-4e4b-9e31-a85592254754
0f89f649-7a18-49b6-b144-f6ed4873a206<%|%>1b538e31-581d-4e4b-9e31-a85592254754
99314874-b9a5-4a4b-8a92-3d2344504f9e<%|%>1b538e31-581d-4e4b-9e31-a85592254754
9df2f045-627c-491b-b3e3-3ea9b02ce266<%|%>1b538e31-581d-4e4b-9e31-a85592254754
8446e04b-14f8-4a5a-a81a-86c2a57efa7a<%|%>1b538e31-581d-4e4b-9e31-a85592254754
65cffdf4-5aeb-4cd6-a27c-95d3580c055c<%|%>1b538e31-581d-4e4b-9e31-a85592254754
eaaf26e2-7184-47d6-9d94-864c5de30b7f<%|%>1b538e31-581d-4e4b-9e31-a85592254754
c63d007e-3608-4645-b998-a58df17b902b<%|%>1b538e31-581d-4e4b-9e31-a85592254754
f8262b37-c9bd-4e97-8ec0-aa9e17d9faf4<%|%>1b538e31-581d-4e4b-9e31-a85592254754
accec4c4-6a4d-426d-b46a-cc43aba87236<%|%>1b538e31-581d-4e4b-9e31-a85592254754
183735f3-ebec-49bb-8a7c-572c753a3d5c<%|%>1b538e31-581d-4e4b-9e31-a85592254754
29d97445-0952-4e7e-a726-088cc4f113a3<%|%>1b538e31-581d-4e4b-9e31-a85592254754
6277b25e-7ab7-4221-ae14-4c1621dd260b<%|%>1b538e31-581d-4e4b-9e31-a85592254754
71ce11a9-f0ed-47a4-b925-22fca57b44cc<%|%>1b538e31-581d-4e4b-9e31-a85592254754
97be9e43-bf6d-4e37-be53-751a9f442f50<%|%>1b538e31-581d-4e4b-9e31-a85592254754
9db126e5-a142-456f-b6d4-c6ac27e8810a<%|%>1b579db1-3f95-46ef-8098-b816fceca798
7644ef3d-32b4-4b38-9f3f-43e88a01a176<%|%>1b579db1-3f95-46ef-8098-b816fceca798
d13015cf-1ba9-48c4-90d2-7b013998aada<%|%>1b538e31-581d-4e4b-9e31-a85592254754
989b7a95-89ed-48aa-b110-cd64b25761e1<%|%>1b579db1-3f95-46ef-8098-b816fceca798
cef4eb8e-a4a0-407f-8cd2-ef7935a4bbaf<%|%>1b579db1-3f95-46ef-8098-b816fceca798
259b51c2-15e7-471b-b266-40a7679fb47a<%|%>1b538e31-581d-4e4b-9e31-a85592254754
98b0f3b1-a665-455f-8d8a-25cbae1de51a<%|%>1b538e31-581d-4e4b-9e31-a85592254754
8deed67b-5415-4e1b-97bc-d0dc22d12cee<%|%>1b579db1-3f95-46ef-8098-b816fceca798
055fc6c9-d2b1-412c-a9e8-55b7526c8115<%|%>1b538e31-581d-4e4b-9e31-a85592254754
b53c3fd8-4c73-4c82-97a4-8f87e47c8c44<%|%>1b538e31-581d-4e4b-9e31-a85592254754
283c01f7-7e1f-4864-a4b5-bc9af3f667d9<%|%>1b538e31-581d-4e4b-9e31-a85592254754
0db8bfd0-a70f-4a9a-ab05-cd35309479ac<%|%>1b538e31-581d-4e4b-9e31-a85592254754
fd972e91-53b4-44ed-90e9-32000c6b78fd<%|%>1b538e31-581d-4e4b-9e31-a85592254754
1f190f2a-f829-4e8b-b41f-38e49040f58e<%|%>1b538e31-581d-4e4b-9e31-a85592254754
00b65f60-0eea-412b-993b-789ffc32a461<%|%>1b579db1-3f95-46ef-8098-b816fceca798
f994540a-3f89-4c06-b488-5cb6f5f80ba8<%|%>1b579db1-3f95-46ef-8098-b816fceca798
f78554ba-6d5d-4665-8483-e734b48a042b<%|%>1b538e31-581d-4e4b-9e31-a85592254754
b8f6cb70-e011-4b9b-b780-8c730e5c8f87<%|%>1b538e31-581d-4e4b-9e31-a85592254754
15fc3c6e-a74a-4740-8b55-1b089a7c5866<%|%>1b538e31-581d-4e4b-9e31-a85592254754
5d057901-b5dc-4e35-bb04-02cb018cef75<%|%>1b538e31-581d-4e4b-9e31-a85592254754
4b407746-9d92-4c0c-83da-f336393e12bf<%|%>1b538e31-581d-4e4b-9e31-a85592254754
f6c330d8-a7bb-4704-a67b-74cc842755ec<%|%>1b538e31-581d-4e4b-9e31-a85592254754
de619f24-0cc1-491f-ae9d-6b0221b906a0<%|%>1b538e31-581d-4e4b-9e31-a85592254754
95d96e9a-679a-4fbd-9386-f53ec4e8e5bb<%|%>1b538e31-581d-4e4b-9e31-a85592254754
e4f96c8f-c199-4db2-8601-3efabb31fba5<%|%>1b538e31-581d-4e4b-9e31-a85592254754
4b3ab49f-b2b4-4753-a88e-551676a4e4d2<%|%>1b538e31-581d-4e4b-9e31-a85592254754
32015c45-521a-41ff-b947-9b295430557e<%|%>1b538e31-581d-4e4b-9e31-a85592254754
e966c24c-ccc3-4fe6-986b-c534d65a9fed<%|%>1b538e31-581d-4e4b-9e31-a85592254754
2da4024d-740e-43d3-9aa1-ea9966002284<%|%>1b538e31-581d-4e4b-9e31-a85592254754
00deafa2-c93f-4e40-b37c-e3985624a952<%|%>1b538e31-581d-4e4b-9e31-a85592254754
99d66eb3-16d6-4963-a518-78a98c29c989<%|%>1b538e31-581d-4e4b-9e31-a85592254754
a33ade35-eb70-4b31-837b-ac1866c83f0b<%|%>1b538e31-581d-4e4b-9e31-a85592254754
f624a522-3b8d-4143-a62d-7a458dcf7a31<%|%>1b538e31-581d-4e4b-9e31-a85592254754
078ea13b-7ceb-4123-a333-88c33e2de814<%|%>1b538e31-581d-4e4b-9e31-a85592254754
08321a0b-1ec8-45a4-9473-92b51090c7fb<%|%>1b538e31-581d-4e4b-9e31-a85592254754
958396de-ae28-43a8-8e30-2cb516ea3a40<%|%>1b538e31-581d-4e4b-9e31-a85592254754
b1480c76-382b-4ab7-a20e-aa494ca1b6f9<%|%>1b538e31-581d-4e4b-9e31-a85592254754
0241d946-9a78-4308-9fe4-f0011335fce8<%|%>1b538e31-581d-4e4b-9e31-a85592254754
2cbad50d-b9c3-484f-8ad4-c631272e6ece<%|%>1b538e31-581d-4e4b-9e31-a85592254754
93199806-2a7d-4737-bff3-4347db206aa1<%|%>1b538e31-581d-4e4b-9e31-a85592254754
669f5e85-4949-4dc3-85d6-217c7f5cecf0<%|%>1b538e31-581d-4e4b-9e31-a85592254754
5e6891af-7393-444e-a052-01376384952f<%|%>1b538e31-581d-4e4b-9e31-a85592254754
598dffff-b1ba-4e7d-8626-41716b34e54e<%|%>1b538e31-581d-4e4b-9e31-a85592254754
b6b8c5e6-8483-49f8-b3fc-bb053afb838c<%|%>1b538e31-581d-4e4b-9e31-a85592254754
4da98e61-f3ef-4eb2-b9a1-0aae34cc0835<%|%>1b538e31-581d-4e4b-9e31-a85592254754
b1b01fea-5a84-4ab6-a072-1b962c299c24<%|%>1b538e31-581d-4e4b-9e31-a85592254754
d8314cfc-ed38-4238-90dc-c349c6061c66<%|%>1b538e31-581d-4e4b-9e31-a85592254754
eebf6f41-4b7d-4f3d-92a9-c9534244e671<%|%>1b538e31-581d-4e4b-9e31-a85592254754
e8ee3ac5-7085-436d-a0f2-dca993d0adde<%|%>1b538e31-581d-4e4b-9e31-a85592254754
d5b3e159-1f66-4790-bc71-08420038d8b9<%|%>1b538e31-581d-4e4b-9e31-a85592254754
0da784cd-2d96-43cd-b802-530860b471a9<%|%>1b538e31-581d-4e4b-9e31-a85592254754
4fe80ec7-44f0-4290-8bdf-5a62e5c98dc1<%|%>1b538e31-581d-4e4b-9e31-a85592254754
ba8975c4-015e-4234-aff0-50a11ae174b5<%|%>1b538e31-581d-4e4b-9e31-a85592254754
2410b4aa-3fa2-4ef0-a508-e3820f1a73e6<%|%>1b538e31-581d-4e4b-9e31-a85592254754
bf3ec9d9-c429-4181-a8fc-5e483874f2a4<%|%>1b538e31-581d-4e4b-9e31-a85592254754
e2fb72d3-43ef-4444-94f9-659485a3e148<%|%>1b538e31-581d-4e4b-9e31-a85592254754
c2ce72ef-fbd1-4f12-a73d-7be805d8d332<%|%>1b538e31-581d-4e4b-9e31-a85592254754
3c71a583-1e83-4edd-9343-2ac857aaab5d<%|%>1b538e31-581d-4e4b-9e31-a85592254754
79356897-489b-47aa-8e23-40dff0d7277b<%|%>1b538e31-581d-4e4b-9e31-a85592254754
51a692de-5169-4a31-bb5e-460e2b4e70b5<%|%>1b538e31-581d-4e4b-9e31-a85592254754
fcc8e6b3-fbae-4d3a-9b67-c018e75fae8e<%|%>1b538e31-581d-4e4b-9e31-a85592254754
8ad4bdd9-c068-45e1-89db-2fd25994f5ae<%|%>1b538e31-581d-4e4b-9e31-a85592254754
e53d47bf-eaa9-4717-bbbd-2da331f47c6d<%|%>1b538e31-581d-4e4b-9e31-a85592254754
baf02bfa-ba4a-4e44-8e9b-2338c46b9cc6<%|%>1b538e31-581d-4e4b-9e31-a85592254754
8d36805d-2571-43e8-ade7-a4464c229582<%|%>1b538e31-581d-4e4b-9e31-a85592254754
ff51efc5-ee93-4837-9d23-cced6fdf2ce2<%|%>1b538e31-581d-4e4b-9e31-a85592254754
d11c40e1-c6f0-4e2f-bb3a-2ca0f8f8bab9<%|%>1b538e31-581d-4e4b-9e31-a85592254754
a66bbfe1-9f0f-4456-9912-3f852b1e9f18<%|%>1b538e31-581d-4e4b-9e31-a85592254754
59151bc0-c5ff-48e7-8fbd-894533462b20<%|%>1b538e31-581d-4e4b-9e31-a85592254754
8bc2a6f4-0e9c-4578-8901-1d2a26fe671a<%|%>1b538e31-581d-4e4b-9e31-a85592254754
dd718521-d855-4885-adee-33ff9f845f95<%|%>1b538e31-581d-4e4b-9e31-a85592254754
dfe13359-eea4-415b-b26f-a1ce78431ac0<%|%>1b538e31-581d-4e4b-9e31-a85592254754
55e64ee3-69ef-4980-8919-35931b274ea4<%|%>1b538e31-581d-4e4b-9e31-a85592254754
087b2d9f-bdf9-4c19-8af9-1ca47648c288<%|%>1b538e31-581d-4e4b-9e31-a85592254754
9d28011a-438d-499b-a990-0c29347bbb96<%|%>1b538e31-581d-4e4b-9e31-a85592254754
c08ff645-eefe-4ef3-ba8f-14471b287168<%|%>1b538e31-581d-4e4b-9e31-a85592254754
5f3eb91f-cb5a-4de5-adc9-eae2f7ea03ce<%|%>1b538e31-581d-4e4b-9e31-a85592254754
14d819c4-16ca-4838-b495-ceb46a4ba256<%|%>1b538e31-581d-4e4b-9e31-a85592254754
daa035ab-8ec0-412c-ac34-6d40e3f5732c<%|%>1b538e31-581d-4e4b-9e31-a85592254754
016de4c6-442c-4128-8504-65c202b55441<%|%>1b538e31-581d-4e4b-9e31-a85592254754
1b9b59e8-7309-4494-b937-a73253719c93<%|%>1b538e31-581d-4e4b-9e31-a85592254754
ed540de6-ead0-46b1-8de6-7384ddbab2d0<%|%>1b538e31-581d-4e4b-9e31-a85592254754
872e947f-3c01-45b7-94f0-ac60e4fb2a7c<%|%>1b538e31-581d-4e4b-9e31-a85592254754
7a8075fa-acac-49a2-8b3f-16f22459e6af<%|%>1b538e31-581d-4e4b-9e31-a85592254754
73f267c3-ec72-4b81-88b8-026ddeb90c6e<%|%>1b538e31-581d-4e4b-9e31-a85592254754
614c7e9b-85f9-4b20-bcbb-7d0d3bd3dca6<%|%>1b538e31-581d-4e4b-9e31-a85592254754
aa89218a-b78c-4782-8847-1fd0c5d7490c<%|%>1b538e31-581d-4e4b-9e31-a85592254754
15c07a8f-6480-4f5a-b408-717e870d27d0<%|%>1b538e31-581d-4e4b-9e31-a85592254754
e3101dea-4910-49ad-82ea-7036e57a04ad<%|%>1b538e31-581d-4e4b-9e31-a85592254754
02fe870b-e4c9-4ab9-bca5-3d69b3e16b34<%|%>1b538e31-581d-4e4b-9e31-a85592254754
7854a395-9fd5-4cd9-b356-314eed6bd661<%|%>1b538e31-581d-4e4b-9e31-a85592254754
f6eed7f5-8a04-4a7d-9f31-bc0f1fb4a486<%|%>1b538e31-581d-4e4b-9e31-a85592254754
e94d2bb3-73c6-4301-a850-0f7346fb7bb9<%|%>1b538e31-581d-4e4b-9e31-a85592254754
d8353562-c0e7-4853-9fdc-87a2b253ddd2<%|%>1b538e31-581d-4e4b-9e31-a85592254754
50bb98a3-c8bc-4cfb-85f6-758082358272<%|%>1b538e31-581d-4e4b-9e31-a85592254754
e7c44d13-fd16-4203-aa21-5ca0ef2b34f2<%|%>1b538e31-581d-4e4b-9e31-a85592254754
998dc8d5-4702-4217-a018-07dee825d9a5<%|%>1b538e31-581d-4e4b-9e31-a85592254754
4eb167de-db82-4565-af6f-affa9333d73c<%|%>1b538e31-581d-4e4b-9e31-a85592254754
cef122bc-57ce-41f1-9a34-49096288ae69<%|%>1b538e31-581d-4e4b-9e31-a85592254754
a21c97de-035c-4873-96b8-cb703695aa47<%|%>1b538e31-581d-4e4b-9e31-a85592254754
ef55f0d6-a937-4107-9cfe-40a589195313<%|%>1b538e31-581d-4e4b-9e31-a85592254754
206acce5-371e-44e7-873a-a3df38e467ef<%|%>1b538e31-581d-4e4b-9e31-a85592254754
ebecc913-7e43-492b-8cb6-71db48c8fcfd<%|%>1b538e31-581d-4e4b-9e31-a85592254754
81ccffd7-3def-4e73-9664-8eba51653a42<%|%>1b538e31-581d-4e4b-9e31-a85592254754
e3803c75-88c8-4834-83b3-ee5f8296e884<%|%>1b538e31-581d-4e4b-9e31-a85592254754
24af9ce0-3bde-40dd-bee3-e7fa7dd120f9<%|%>1b538e31-581d-4e4b-9e31-a85592254754
6c08c19f-4ea3-4d37-ba1d-ba641aaa53f2<%|%>1b538e31-581d-4e4b-9e31-a85592254754
148bb427-413a-4f56-8fd2-36b538d1cd35<%|%>1b538e31-581d-4e4b-9e31-a85592254754
f60d0fb0-1cc9-466b-9d20-0a04992708e6<%|%>1b538e31-581d-4e4b-9e31-a85592254754
295a3298-a888-48a7-a54b-733242731e16<%|%>1b538e31-581d-4e4b-9e31-a85592254754
c796713d-4e39-4db8-ad67-5374d7b75cdf<%|%>1b538e31-581d-4e4b-9e31-a85592254754
6033c876-0fbc-4c9e-bfb0-8b5c90947148<%|%>1b538e31-581d-4e4b-9e31-a85592254754
54c8bf1c-ea49-4ded-ae63-364e5cd51ee5<%|%>1b538e31-581d-4e4b-9e31-a85592254754
be01df87-989f-4825-bdcc-15a4249e3b34<%|%>1b538e31-581d-4e4b-9e31-a85592254754
0bab9073-89e2-4d21-bc8c-15b5c28a31ba<%|%>1b538e31-581d-4e4b-9e31-a85592254754
7c65d90c-2206-4f62-a309-108eaae9cd35<%|%>1b538e31-581d-4e4b-9e31-a85592254754
926fc57d-8150-4f37-95ef-721cd8698237<%|%>1b538e31-581d-4e4b-9e31-a85592254754
9cb65196-bc8e-4d6a-a29c-2502cb829478<%|%>1b538e31-581d-4e4b-9e31-a85592254754
060c3e84-14ee-4a01-ad87-0e37877d051d<%|%>1b538e31-581d-4e4b-9e31-a85592254754
2b69382a-736c-4027-8f6a-044a816efa57<%|%>1b538e31-581d-4e4b-9e31-a85592254754
6fc89dd1-d021-45bb-b56c-c33f4c16717a<%|%>1b538e31-581d-4e4b-9e31-a85592254754
89a2d1d7-32db-4aea-a7a2-ec77050e48a4<%|%>1b538e31-581d-4e4b-9e31-a85592254754
f92c111f-c9a1-4348-aadf-5fbc25b35e20<%|%>1b538e31-581d-4e4b-9e31-a85592254754
c53a12e2-657f-437d-9ca5-d1bddbf1aeba<%|%>1b538e31-581d-4e4b-9e31-a85592254754
995a96f9-4cae-4b00-b7ac-30e8101ff822<%|%>1b538e31-581d-4e4b-9e31-a85592254754
5f3add75-1f99-40be-801a-1e7ce4fd0bcf<%|%>1b538e31-581d-4e4b-9e31-a85592254754
6cd4dc01-dc06-47d8-8bd7-3e26f1352008<%|%>1b538e31-581d-4e4b-9e31-a85592254754
8a530428-1d9a-43b7-be6f-cd2ebfaa7e40<%|%>1b538e31-581d-4e4b-9e31-a85592254754
51628f6b-e056-42b1-8c39-d330866b0809<%|%>1b538e31-581d-4e4b-9e31-a85592254754
43b7b5fd-9530-4683-b6df-44dbea8ec4a4<%|%>1b538e31-581d-4e4b-9e31-a85592254754
e0e66216-800d-4c25-87ee-f92f28611a73<%|%>1b538e31-581d-4e4b-9e31-a85592254754
87fbd855-9b82-43e5-aa18-a531bed11b6a<%|%>1b538e31-581d-4e4b-9e31-a85592254754
bd617d66-1a35-4464-a4c3-a20b2248b3f6<%|%>1b538e31-581d-4e4b-9e31-a85592254754
24dfd5a3-d5ba-49fd-b2cb-4161c82c003d<%|%>1b538e31-581d-4e4b-9e31-a85592254754
c48dcd00-dd55-43af-a6e6-755d0712e5f5<%|%>1b538e31-581d-4e4b-9e31-a85592254754
18748916-0cb1-4ddd-8500-a2fe30207b7c<%|%>1b538e31-581d-4e4b-9e31-a85592254754
08f659e3-7748-41fe-8be8-1121c1179f2f<%|%>1b538e31-581d-4e4b-9e31-a85592254754
20f2150c-df7e-4a17-a874-8a9ce568c60b<%|%>1b538e31-581d-4e4b-9e31-a85592254754
18d313da-92cf-4222-a1f6-ead76aa1ddd7<%|%>1b538e31-581d-4e4b-9e31-a85592254754
590f18cf-43be-47c4-beff-4bf5aab683f2<%|%>1b538e31-581d-4e4b-9e31-a85592254754
21439873-9c06-419d-89ac-9bf78686317b<%|%>1b538e31-581d-4e4b-9e31-a85592254754
9081e247-46d9-4736-8af9-6457e3c286e4<%|%>1b538e31-581d-4e4b-9e31-a85592254754
58bfd900-4d61-44ae-9a4a-e1de5c440c68<%|%>1b538e31-581d-4e4b-9e31-a85592254754
6e4450e9-647c-4372-8888-e8f330e9c310<%|%>1b538e31-581d-4e4b-9e31-a85592254754
3d266636-4f09-4e63-a820-9842687a66b0<%|%>1b538e31-581d-4e4b-9e31-a85592254754
322044db-2381-4937-972b-03c143ffd4ab<%|%>1b538e31-581d-4e4b-9e31-a85592254754
2899aa33-19e2-4ad0-9695-5da2b1d0129b<%|%>1b538e31-581d-4e4b-9e31-a85592254754
a0b26797-5968-4d44-80b2-43f2aee863f4<%|%>1b538e31-581d-4e4b-9e31-a85592254754
678a51e9-67bc-48c3-ab4e-b4ed7d94a4a5<%|%>1b538e31-581d-4e4b-9e31-a85592254754
25e282c5-7424-4a33-b765-da7839e4bb7d<%|%>1b538e31-581d-4e4b-9e31-a85592254754
126dd066-7594-4efd-82c8-a54c55e82174<%|%>1b538e31-581d-4e4b-9e31-a85592254754
a65e8594-8dba-465c-b91c-7b2fc82f451e<%|%>1b538e31-581d-4e4b-9e31-a85592254754
0a517634-f7eb-4329-8264-b1a55461584a<%|%>1b538e31-581d-4e4b-9e31-a85592254754
6d88a641-24bf-424f-af95-f393c3c00b0c<%|%>1b538e31-581d-4e4b-9e31-a85592254754
421a2ab5-accd-43c0-9174-ebe62703a4cf<%|%>1b538e31-581d-4e4b-9e31-a85592254754
98bcdfcf-d16b-43ef-b7e9-94c8a430187d<%|%>1b538e31-581d-4e4b-9e31-a85592254754
0d2af30d-f595-45c1-80c4-cb7dc95feffc<%|%>1b538e31-581d-4e4b-9e31-a85592254754
8a4d3ec3-b815-4a14-9e84-16fabd2800c7<%|%>1b538e31-581d-4e4b-9e31-a85592254754
c4076bad-99c1-4fec-b95b-29775b40a46a<%|%>1b538e31-581d-4e4b-9e31-a85592254754
63010341-662d-434a-ad1f-c845f59446bd<%|%>1b538e31-581d-4e4b-9e31-a85592254754
75c80f0f-c0d7-474d-99fc-2cde9ec32928<%|%>1b538e31-581d-4e4b-9e31-a85592254754
fa73ac8c-76d5-42c9-9545-38664647d346<%|%>1b538e31-581d-4e4b-9e31-a85592254754
61553c24-ca92-4e18-bc57-fc15ae4c47a1<%|%>1b538e31-581d-4e4b-9e31-a85592254754
37ce0d8b-e956-424a-a578-32770584c512<%|%>1b538e31-581d-4e4b-9e31-a85592254754
75fdf79c-3405-44cf-834a-82369bc583ee<%|%>1b538e31-581d-4e4b-9e31-a85592254754
91f0ff71-f8a7-4193-89ef-ff4558b8c5d8<%|%>1b538e31-581d-4e4b-9e31-a85592254754
ad634336-2caf-4609-ae11-7a8530f51cd7<%|%>1b538e31-581d-4e4b-9e31-a85592254754
737cdc36-6989-4155-b603-4edbaaf3f104<%|%>1b538e31-581d-4e4b-9e31-a85592254754
f2a0c6c6-128f-4ff2-b5a8-784caf20f1e4<%|%>1b538e31-581d-4e4b-9e31-a85592254754
b4f4ea0e-a286-47c9-87b2-634124dec202<%|%>1b538e31-581d-4e4b-9e31-a85592254754
40c8d5fe-bf05-4abd-bcbb-c56f685c4d14<%|%>1b538e31-581d-4e4b-9e31-a85592254754
e7832d1d-5be3-4bed-ad2a-c2a91a0712ac<%|%>1b538e31-581d-4e4b-9e31-a85592254754
ffd653c1-2c4a-4ffd-9384-81d99941dbc7<%|%>1b538e31-581d-4e4b-9e31-a85592254754
6915526f-745a-44ea-94c6-a684e5490d72<%|%>1b538e31-581d-4e4b-9e31-a85592254754
e80abac7-4363-4e25-b476-5d18394fe337<%|%>1b538e31-581d-4e4b-9e31-a85592254754
178b0092-dc7e-4ea5-88db-a6fc5d0e8ccb<%|%>1b538e31-581d-4e4b-9e31-a85592254754
6840945e-ba68-4b25-84dc-c69304b40532<%|%>1b538e31-581d-4e4b-9e31-a85592254754
6023fcf9-58ba-43d3-b163-41521ce1135b<%|%>1b538e31-581d-4e4b-9e31-a85592254754
5861618e-de40-4480-86dc-96f59e1f209e<%|%>1b538e31-581d-4e4b-9e31-a85592254754
36ce9d58-f0b1-45ab-b5f3-726fe43b47cc<%|%>1b538e31-581d-4e4b-9e31-a85592254754
40eada3d-e03e-4aa6-93c4-200b520901df<%|%>1b538e31-581d-4e4b-9e31-a85592254754
e08e6fee-e4a2-43cb-b430-228f48dbf62b<%|%>1b538e31-581d-4e4b-9e31-a85592254754
4b04486a-4f54-44b0-80d7-570224ce6b7b<%|%>1b538e31-581d-4e4b-9e31-a85592254754
a7fdd46d-d47e-4c9e-860c-3dea1fc98863<%|%>1b538e31-581d-4e4b-9e31-a85592254754
e4686e75-2003-4062-8ba1-597db4c36b5a<%|%>1b538e31-581d-4e4b-9e31-a85592254754
645aa8d8-1025-417e-a022-5c002f0b91c7<%|%>1b538e31-581d-4e4b-9e31-a85592254754
0b8edff6-9181-4fe9-aead-1cf5bc17ef72<%|%>1b538e31-581d-4e4b-9e31-a85592254754
4b023101-df44-496b-b074-d60aa6c0aceb<%|%>1b538e31-581d-4e4b-9e31-a85592254754
71f0cb9b-68d7-434a-8eaf-f1df62836df5<%|%>1b538e31-581d-4e4b-9e31-a85592254754
02a5d11e-404f-4aa0-8e07-cadf548f6dd3<%|%>1b538e31-581d-4e4b-9e31-a85592254754
8d128737-4ff6-480b-9797-9b6439e77ef4<%|%>1b538e31-581d-4e4b-9e31-a85592254754
e75e7f16-a2f4-4c30-8397-ee4f138caa16<%|%>1b538e31-581d-4e4b-9e31-a85592254754
2cab6774-a913-479b-a19c-038c1e5e4541<%|%>1b538e31-581d-4e4b-9e31-a85592254754
31359722-52d7-4dfb-ba77-3c3bf577f372<%|%>1b538e31-581d-4e4b-9e31-a85592254754
388b2aa4-eeae-471e-8030-62d1095bdd89<%|%>1b538e31-581d-4e4b-9e31-a85592254754
a6a6e635-1ab5-45ab-9ffd-7e160b32f7bc<%|%>1b538e31-581d-4e4b-9e31-a85592254754
53e51b86-2398-428d-8236-fca752ea1398<%|%>1b538e31-581d-4e4b-9e31-a85592254754
0b449bef-9da0-4ac3-aac7-d05f581f904a<%|%>1b538e31-581d-4e4b-9e31-a85592254754
d97ce611-2e34-4b10-83e8-b8120dc42f1e<%|%>1b538e31-581d-4e4b-9e31-a85592254754
8f749eed-4d1c-4452-82b8-2600b4d5748c<%|%>1b538e31-581d-4e4b-9e31-a85592254754
48c13f16-29b5-45f1-ada6-626b85603c4c<%|%>1b538e31-581d-4e4b-9e31-a85592254754
8eb88431-1f7a-4c75-bcd4-5e26a1b1b9c6<%|%>1b538e31-581d-4e4b-9e31-a85592254754
c9d963b9-80d4-4340-991f-9717688fa2f5<%|%>1b538e31-581d-4e4b-9e31-a85592254754
8bb8aff1-b097-4cbd-a919-9497d45bee97<%|%>1b538e31-581d-4e4b-9e31-a85592254754
1c5bbdbd-d9c8-4201-903f-86120a565e15<%|%>1b538e31-581d-4e4b-9e31-a85592254754
97bd4776-9e2b-4e32-a59c-e26b722cbc02<%|%>1b538e31-581d-4e4b-9e31-a85592254754
19d3351f-6089-46c8-b0b9-f1eac4d23bb6<%|%>1b538e31-581d-4e4b-9e31-a85592254754
b356154d-6197-4020-b8a2-d9b2bfadaf9a<%|%>1b538e31-581d-4e4b-9e31-a85592254754
a612d9fb-cc10-4191-babe-432a76d818cb<%|%>1b538e31-581d-4e4b-9e31-a85592254754
9c0c8174-f4cf-440f-89ef-415d07b0498a<%|%>1b538e31-581d-4e4b-9e31-a85592254754
dd18cc06-96d9-4aec-bf43-65eb90d6ccb5<%|%>1b538e31-581d-4e4b-9e31-a85592254754
6473968c-a386-4e5b-a865-8cf769c849ea<%|%>1b538e31-581d-4e4b-9e31-a85592254754
36d6b579-7a89-4de6-bed3-655455518a55<%|%>1b538e31-581d-4e4b-9e31-a85592254754
4d1588ec-0413-4588-b964-fd89ac920011<%|%>1b538e31-581d-4e4b-9e31-a85592254754
de4b8f55-7376-454c-bd1f-da00cb9ba6eb<%|%>1b538e31-581d-4e4b-9e31-a85592254754
2e4d89ba-a593-4533-b786-5277bb2dccde<%|%>1b538e31-581d-4e4b-9e31-a85592254754
0c2317cf-cc15-47e5-9a2e-c02c5cf801bd<%|%>1b538e31-581d-4e4b-9e31-a85592254754
e613e6a0-d649-4c1a-8f24-67a7e697213c<%|%>1b538e31-581d-4e4b-9e31-a85592254754
2d35c5f6-9c95-48d2-a4d6-81554bb0adb0<%|%>1b538e31-581d-4e4b-9e31-a85592254754
0132c4fe-c9c6-4d79-bdfb-02204cd4d8dd<%|%>1b538e31-581d-4e4b-9e31-a85592254754
da8ea2b7-2953-419f-96c7-0487ac738a1e<%|%>1b538e31-581d-4e4b-9e31-a85592254754
c2d93dfc-8ccd-4c23-ba08-75a0ce35a3a6<%|%>1b538e31-581d-4e4b-9e31-a85592254754
97cc8be5-4f41-4655-8a04-cb9cfb7ba64b<%|%>1b538e31-581d-4e4b-9e31-a85592254754
89dae813-f80d-4fe4-b555-1cb1f2d398b4<%|%>1b538e31-581d-4e4b-9e31-a85592254754
c8aefc4f-7331-4355-b2d0-1ff3766a4a1b<%|%>1b538e31-581d-4e4b-9e31-a85592254754
2aaed36e-cd64-4663-bef8-d540b26ec2fb<%|%>1b538e31-581d-4e4b-9e31-a85592254754
50bfc30c-061b-4791-b653-cd984a75eeb2<%|%>1b538e31-581d-4e4b-9e31-a85592254754
4b39db99-55a3-4872-90ff-36a810838c3b<%|%>1b538e31-581d-4e4b-9e31-a85592254754
84cd0d3d-f608-4bde-95d4-b13821bea9e6<%|%>1b538e31-581d-4e4b-9e31-a85592254754
2311a67e-f659-45f9-a4bd-df2600943b0d<%|%>1b538e31-581d-4e4b-9e31-a85592254754
9af7dec0-3382-4776-b87f-14b59ee58b0e<%|%>1b538e31-581d-4e4b-9e31-a85592254754
fa463e14-fbe5-416a-9e20-f94c473242c1<%|%>1b538e31-581d-4e4b-9e31-a85592254754
358d8bda-110a-4aa1-9490-3f6f6b87ed80<%|%>1b538e31-581d-4e4b-9e31-a85592254754
16d49d4d-dc0e-40bd-95e0-a8135cc12827<%|%>1b538e31-581d-4e4b-9e31-a85592254754
52fb39ce-d19e-4db6-b33f-c26f127cff7f<%|%>1b538e31-581d-4e4b-9e31-a85592254754
6d3d36f9-69cf-4b17-93ec-2d3cc19fd125<%|%>1b538e31-581d-4e4b-9e31-a85592254754
bfc99063-9f68-47d6-b5ba-a14cf33bfbc0<%|%>1b538e31-581d-4e4b-9e31-a85592254754
df3e44a1-58ab-4f10-bdc4-1c0ba1298024<%|%>1b538e31-581d-4e4b-9e31-a85592254754
531b78f4-6b9e-426b-8cbd-b25780dd669c<%|%>1b538e31-581d-4e4b-9e31-a85592254754
6d72e854-adfe-4369-acf3-569f5887c8e6<%|%>1b538e31-581d-4e4b-9e31-a85592254754
7ee201c9-96f4-4937-98c9-df64d921b21f<%|%>1b538e31-581d-4e4b-9e31-a85592254754
55a3755c-939c-4110-a045-94e701b0dfc2<%|%>1b538e31-581d-4e4b-9e31-a85592254754
de6c62bb-2766-401f-86cd-6d49410789ae<%|%>1b538e31-581d-4e4b-9e31-a85592254754
cedbf4b3-0450-48d6-9f56-5d755ed21195<%|%>1b538e31-581d-4e4b-9e31-a85592254754
003acd03-06b9-41ae-b322-5ad85d0e31dd<%|%>1b538e31-581d-4e4b-9e31-a85592254754
1be1dc2c-013e-4169-9b47-a1ab5221800d<%|%>1b538e31-581d-4e4b-9e31-a85592254754
a478a67b-ed75-480f-894f-ab9cab8a3fd3<%|%>1b538e31-581d-4e4b-9e31-a85592254754
d3ff3f2b-d803-4162-8370-060bfe98c3a6<%|%>1b538e31-581d-4e4b-9e31-a85592254754
c585aa4a-2be4-4f84-9902-63dd118062ce<%|%>1b538e31-581d-4e4b-9e31-a85592254754
f7e26dc9-8ae6-4565-afd1-5c25da11e37a<%|%>1b538e31-581d-4e4b-9e31-a85592254754
96f963a5-5ddf-4f5f-9396-0dcd86301b3a<%|%>1b538e31-581d-4e4b-9e31-a85592254754
50474114-002b-41f2-937c-88a143417cfb<%|%>1b538e31-581d-4e4b-9e31-a85592254754
602ba07c-5b9a-4971-ac9d-4838badd4f4e<%|%>1b538e31-581d-4e4b-9e31-a85592254754
2174182c-729c-48f2-ad18-1627b19dbe3f<%|%>1b538e31-581d-4e4b-9e31-a85592254754
930a0132-d40a-4b7a-9056-e42cb2ad714f<%|%>1b538e31-581d-4e4b-9e31-a85592254754
3d97a639-9eee-4772-a358-5ba1790f15da<%|%>1b538e31-581d-4e4b-9e31-a85592254754
ddd672eb-b2f3-4c4d-b328-49e7abbb041b<%|%>1b538e31-581d-4e4b-9e31-a85592254754
f1aad78e-2220-4719-9c64-b9dc7a47f643<%|%>1b538e31-581d-4e4b-9e31-a85592254754
738dc0bf-8fe3-4fcf-ae92-3cf623c56470<%|%>1b538e31-581d-4e4b-9e31-a85592254754
185186f6-f9db-42d6-8bcf-d9b3f62c7760<%|%>1b538e31-581d-4e4b-9e31-a85592254754
1f890b16-0f5f-44dc-9d30-62fd84b26df9<%|%>1b538e31-581d-4e4b-9e31-a85592254754
00889f70-1c44-4554-89f9-e1f135593370<%|%>1b538e31-581d-4e4b-9e31-a85592254754
fa10acca-dff6-4f02-95e8-2a2a704f3d12<%|%>1b538e31-581d-4e4b-9e31-a85592254754
9b445c51-7c51-467f-9224-07442bf764c9<%|%>1b538e31-581d-4e4b-9e31-a85592254754
dcc030a0-bebf-4c38-b92c-913277f4bb58<%|%>1b538e31-581d-4e4b-9e31-a85592254754
bd615804-f0d3-4266-9aae-a72dda1eff7a<%|%>1b538e31-581d-4e4b-9e31-a85592254754
df722b4c-16a0-4fec-90fb-95de1b38cfdd<%|%>1b538e31-581d-4e4b-9e31-a85592254754
ca58d779-6cb0-44e8-8b20-8808d352f061<%|%>1b538e31-581d-4e4b-9e31-a85592254754
795e5126-68bb-4633-9d02-d6a37446b2c8<%|%>1b538e31-581d-4e4b-9e31-a85592254754
fa84accb-f186-4601-be31-f3319544a56b<%|%>1b538e31-581d-4e4b-9e31-a85592254754
f98a0d28-92be-4f48-94b7-536012160a9d<%|%>1b538e31-581d-4e4b-9e31-a85592254754
f350a1af-9da1-41e0-928b-1eeb2ea6d897<%|%>1b538e31-581d-4e4b-9e31-a85592254754
ce3d5770-c999-4e87-a9f3-75484b8f8045<%|%>1b538e31-581d-4e4b-9e31-a85592254754
478f3ef9-51ef-47f2-9ad9-7b8f06228f2e<%|%>1b538e31-581d-4e4b-9e31-a85592254754
860eaf2b-75c5-4dec-99a0-a1f28602f1b8<%|%>1b538e31-581d-4e4b-9e31-a85592254754
a8b25474-2ae3-47a4-af95-3091bca8abb0<%|%>1b538e31-581d-4e4b-9e31-a85592254754
acaa8154-392b-4d44-b652-ee88a02272ef<%|%>1b538e31-581d-4e4b-9e31-a85592254754
53d46a0a-2f01-4560-8859-81204b8acce8<%|%>1b538e31-581d-4e4b-9e31-a85592254754
1723ee88-03bf-4c7d-9ea8-e366852423b1<%|%>1b538e31-581d-4e4b-9e31-a85592254754
856337b9-9369-44b1-b4f9-ab004fc4fc77<%|%>1b538e31-581d-4e4b-9e31-a85592254754
91db1e0c-c37c-45d8-9459-dfc09332f7ff<%|%>1b538e31-581d-4e4b-9e31-a85592254754
5ac708cf-3846-404a-bf26-756e806197e3<%|%>1b538e31-581d-4e4b-9e31-a85592254754
e48ec91e-4746-43ce-8501-dbc10672cbdd<%|%>1b538e31-581d-4e4b-9e31-a85592254754
88f88925-ab4e-4d3a-a089-cec5c69bde1b<%|%>1b538e31-581d-4e4b-9e31-a85592254754
431259e8-0b7a-48a0-8439-c8ecdeab7686<%|%>1b538e31-581d-4e4b-9e31-a85592254754
e30f481e-fff2-4f52-bb51-c0ddbd2bcfda<%|%>1b538e31-581d-4e4b-9e31-a85592254754
2c848737-4e25-40b4-95b6-e9d3b99a3669<%|%>1b538e31-581d-4e4b-9e31-a85592254754
2ae02065-557f-474c-a37c-962e17da9ef8<%|%>1b538e31-581d-4e4b-9e31-a85592254754
0165d05e-a245-4af9-8064-85e1c55cee22<%|%>1b538e31-581d-4e4b-9e31-a85592254754
28791bac-4232-4a05-a484-d3c684ef739d<%|%>1b538e31-581d-4e4b-9e31-a85592254754
b5eb21f8-0ff3-4992-992c-2b445af59975<%|%>1b538e31-581d-4e4b-9e31-a85592254754
1f01be12-e76d-4bae-b5fb-12f1fcebb90c<%|%>1b538e31-581d-4e4b-9e31-a85592254754
7008aebb-3c9a-4fb9-a9c8-9172522f74cb<%|%>1b538e31-581d-4e4b-9e31-a85592254754
2b20996d-5bef-4303-859a-7d4c7f1ab729<%|%>1b538e31-581d-4e4b-9e31-a85592254754
b8da8fd4-e672-43dc-8320-f8b6862a5158<%|%>1b538e31-581d-4e4b-9e31-a85592254754
20743dd0-b0d1-48df-96e2-4e76ad87a514<%|%>1b538e31-581d-4e4b-9e31-a85592254754
17e8cdad-411b-457b-afdc-bdd06b519feb<%|%>1b538e31-581d-4e4b-9e31-a85592254754
8bf44fab-b7d5-4de4-8c09-b4b2d8c241ef<%|%>1b538e31-581d-4e4b-9e31-a85592254754
cb275f3c-2298-48f0-8532-ec9a2353b424<%|%>1b538e31-581d-4e4b-9e31-a85592254754
8dc43b68-9523-4167-beb1-4d456338ffd0<%|%>1b538e31-581d-4e4b-9e31-a85592254754
d39d0ffc-9057-4672-9de1-958b746b3cea<%|%>1b538e31-581d-4e4b-9e31-a85592254754
11a738e1-1bf2-4340-86c3-baa19ede89f1<%|%>1b538e31-581d-4e4b-9e31-a85592254754
ac3f03f5-cef2-489a-9551-ba884406961a<%|%>1b538e31-581d-4e4b-9e31-a85592254754
00fae3ac-624c-4c67-9f11-e5864e9b63d4<%|%>1b538e31-581d-4e4b-9e31-a85592254754
6989d98c-9986-4eeb-9f87-e2949b7d656f<%|%>1b538e31-581d-4e4b-9e31-a85592254754
67e90e64-7211-411a-aed2-9c1e38fdfd73<%|%>1b538e31-581d-4e4b-9e31-a85592254754
bf4f151f-4f3e-412b-b905-baa5f3880f51<%|%>1b538e31-581d-4e4b-9e31-a85592254754
7e29b041-022c-4556-9447-1fe30c2c4d68<%|%>1b538e31-581d-4e4b-9e31-a85592254754
d3cf2fda-e5a8-44b6-9ac4-fcfb952dea69<%|%>1b538e31-581d-4e4b-9e31-a85592254754
7f2f6860-94ef-4a1e-9433-688d0bc8f1c1<%|%>1b538e31-581d-4e4b-9e31-a85592254754
78864ca6-0062-4d6f-b3c8-9afcf1c01b2a<%|%>1b538e31-581d-4e4b-9e31-a85592254754
c9169204-e915-47d3-8aae-378763ab5cdf<%|%>1b538e31-581d-4e4b-9e31-a85592254754
5f5a40ac-73a7-4144-ab62-bfc22b612df5<%|%>1b538e31-581d-4e4b-9e31-a85592254754
3ec82263-2413-4a22-a405-b11941e5fb2c<%|%>1b538e31-581d-4e4b-9e31-a85592254754
7c585f69-1710-4292-9017-33d34fa96b07<%|%>1b538e31-581d-4e4b-9e31-a85592254754
45fc9318-1f01-4c53-858e-06f3697ab8ac<%|%>1b538e31-581d-4e4b-9e31-a85592254754
4ce98de1-387f-4f99-b8a7-79799c564c49<%|%>1b538e31-581d-4e4b-9e31-a85592254754
2c3bd1b5-c9e7-42df-a7bb-ada61b53da63<%|%>1b538e31-581d-4e4b-9e31-a85592254754
3d305266-a6ac-4d1c-8ba3-c8c39e0e754d<%|%>1b538e31-581d-4e4b-9e31-a85592254754
f7ce1729-b6e5-4b8c-ba5b-a1ec3dcf60f2<%|%>1b538e31-581d-4e4b-9e31-a85592254754
c1abfac8-0af2-4589-9526-5d0b8a988131<%|%>1b538e31-581d-4e4b-9e31-a85592254754
bc89cd84-0c75-4181-9912-be6c22c2576d<%|%>1b538e31-581d-4e4b-9e31-a85592254754
72259373-30d2-4a63-802f-7c4ea3b3f9a9<%|%>1b538e31-581d-4e4b-9e31-a85592254754
298e70e6-2666-4b6d-af7c-a05d2954dff7<%|%>1b538e31-581d-4e4b-9e31-a85592254754
8a52bd9d-ba78-46bc-8932-5b6d1d42f162<%|%>1b538e31-581d-4e4b-9e31-a85592254754
6a29b7ef-b90c-4245-bed4-f97bfc5deb3e<%|%>1b538e31-581d-4e4b-9e31-a85592254754
64b8f571-8c89-4a43-aeee-b1f559331878<%|%>1b538e31-581d-4e4b-9e31-a85592254754
db3c878b-608f-494d-af4f-cf4e2a8de594<%|%>1b538e31-581d-4e4b-9e31-a85592254754
9b9d6a92-6199-4870-b28c-4366bedb511f<%|%>1b538e31-581d-4e4b-9e31-a85592254754
a9373f6a-92de-4a02-b337-e8b4dfb61178<%|%>1b538e31-581d-4e4b-9e31-a85592254754
8d913be5-4aeb-4730-b100-9b10e860a9ce<%|%>1b538e31-581d-4e4b-9e31-a85592254754
56222939-8023-4f9a-9261-15f0f1163f43<%|%>1b538e31-581d-4e4b-9e31-a85592254754
2ff85ea9-4021-4367-b837-e2dacb3e4cfc<%|%>1b538e31-581d-4e4b-9e31-a85592254754
bec0af46-95b0-427d-9217-81a8c124acd4<%|%>1b538e31-581d-4e4b-9e31-a85592254754
71765e3e-5307-411c-9678-3bd6c5d720ca<%|%>1b538e31-581d-4e4b-9e31-a85592254754
11acfaea-1b7a-4fc8-adcf-f344015695ea<%|%>1b538e31-581d-4e4b-9e31-a85592254754
e351f75e-b717-46e3-b0b2-cf3a31af299b<%|%>1b538e31-581d-4e4b-9e31-a85592254754
a86011a4-bcad-4cb4-bab1-83d4ec5b386d<%|%>1b538e31-581d-4e4b-9e31-a85592254754
daf32df1-ab07-4e9f-80ac-c53c7da1d434<%|%>1b538e31-581d-4e4b-9e31-a85592254754
6cc5e3a8-9531-45ba-ab7a-be9193049d5f<%|%>1b538e31-581d-4e4b-9e31-a85592254754
0612e708-ae4a-475d-bad6-7b22befb94e0<%|%>1b538e31-581d-4e4b-9e31-a85592254754
bdc316dd-8a38-4f7b-9d27-7f2ccd441994<%|%>1b538e31-581d-4e4b-9e31-a85592254754
2f5dd62f-7155-45cd-83c9-8b81fc12bbec<%|%>1b538e31-581d-4e4b-9e31-a85592254754
7d54e7c5-3398-4b8c-884d-3c87bed96515<%|%>1b538e31-581d-4e4b-9e31-a85592254754
31d97c56-a53a-4cd1-9a9f-2901f4456281<%|%>1b538e31-581d-4e4b-9e31-a85592254754
831c9046-b0aa-4f68-8318-7836c0611c19<%|%>1b538e31-581d-4e4b-9e31-a85592254754
162cf814-7203-43cc-8c6b-98177d4b3998<%|%>1b538e31-581d-4e4b-9e31-a85592254754
6b694598-c10e-4b58-9bcf-d6de5e35cc8b<%|%>1b538e31-581d-4e4b-9e31-a85592254754
f20e7965-161f-41d6-ad3b-4117a66addf3<%|%>1b538e31-581d-4e4b-9e31-a85592254754
2609a85f-4ca5-4b1a-857d-04ca39de0035<%|%>1b538e31-581d-4e4b-9e31-a85592254754
07a9c921-3762-456b-8369-f154edd133cc<%|%>1b538e31-581d-4e4b-9e31-a85592254754
3ddc49dc-2c16-4032-8ca0-5dc892360dd8<%|%>1b538e31-581d-4e4b-9e31-a85592254754
90c603a2-812c-4da1-b43b-5ea9e00354c9<%|%>1b538e31-581d-4e4b-9e31-a85592254754
548a9298-53f4-4c22-9e08-47c2b68d8caa<%|%>1b538e31-581d-4e4b-9e31-a85592254754
7489b061-7621-4dfe-b7b7-f8283f994f31<%|%>1b538e31-581d-4e4b-9e31-a85592254754
4aa71ba0-28da-4f4d-9b8d-0f003d717765<%|%>1b538e31-581d-4e4b-9e31-a85592254754
70e542d6-ea53-4f07-969e-037daedd6a97<%|%>1b538e31-581d-4e4b-9e31-a85592254754
822ab78c-dbcc-4098-bd48-e0a08ff6f7db<%|%>1b538e31-581d-4e4b-9e31-a85592254754
04fd41ae-f566-478c-a889-b411bb99c867<%|%>1b538e31-581d-4e4b-9e31-a85592254754
a14e7fa6-b624-4735-b5b8-1a57caa681fa<%|%>1b538e31-581d-4e4b-9e31-a85592254754
1388a517-7efb-4e55-9d8f-68af815b46ae<%|%>1b538e31-581d-4e4b-9e31-a85592254754
d976e864-66ee-49aa-888e-3d234c2eda39<%|%>1b538e31-581d-4e4b-9e31-a85592254754
4f7abbad-26ed-4093-94e6-595477e84bbd<%|%>1b538e31-581d-4e4b-9e31-a85592254754
0d3f55a2-3a93-460c-9053-a24f7c70a295<%|%>1b538e31-581d-4e4b-9e31-a85592254754
f4b50739-3f08-454d-a39b-bf7a8d1d14d8<%|%>1b538e31-581d-4e4b-9e31-a85592254754
6720b84a-8902-4d93-b900-88261cbb6900<%|%>1b538e31-581d-4e4b-9e31-a85592254754
595cb366-e8d7-43db-aa1c-b6cee16199da<%|%>1b538e31-581d-4e4b-9e31-a85592254754
6752cc76-f985-4d0c-9291-29d60e1230fb<%|%>1b538e31-581d-4e4b-9e31-a85592254754
dc5cb0e8-1b52-4ed6-b6ea-84bc6f308b32<%|%>1b538e31-581d-4e4b-9e31-a85592254754
a20b1c3f-c9fb-4fae-b085-321c8b40fc71<%|%>1b538e31-581d-4e4b-9e31-a85592254754
5ebed92b-9ac6-4d4e-9947-176a14bfa6b6<%|%>1b538e31-581d-4e4b-9e31-a85592254754
3bae75cc-c653-4bc6-b1b7-afe6781840f1<%|%>1b538e31-581d-4e4b-9e31-a85592254754
ec2115ef-55fd-423e-8823-38cea277ee22<%|%>1b538e31-581d-4e4b-9e31-a85592254754
16dde89c-5225-45e9-a7d1-6547a9217325<%|%>1b538e31-581d-4e4b-9e31-a85592254754
9b4f9273-e6c3-41a1-ac8e-2d9bf479f9ca<%|%>1b538e31-581d-4e4b-9e31-a85592254754
c75bc4b8-b180-42cf-952d-1eb7f59868d0<%|%>1b538e31-581d-4e4b-9e31-a85592254754
0f98c19f-5a22-44bb-8be1-6e91e0eb4453<%|%>1b538e31-581d-4e4b-9e31-a85592254754
46f68cf6-af5f-4ac7-8032-ea61adcb96a9<%|%>1b538e31-581d-4e4b-9e31-a85592254754
bb434660-862c-4617-9f77-366e3f0d0e85<%|%>1b538e31-581d-4e4b-9e31-a85592254754
332d0987-bda9-402a-8ee1-4df5dcb8e183<%|%>1b538e31-581d-4e4b-9e31-a85592254754
f54512a0-2e2a-4735-a873-dd547ba5731b<%|%>1b538e31-581d-4e4b-9e31-a85592254754
f2320ab3-febe-4429-a9f0-1a200e6d8c65<%|%>1b538e31-581d-4e4b-9e31-a85592254754
25bc31e3-96fd-4094-a399-a255e39346c3<%|%>1b538e31-581d-4e4b-9e31-a85592254754
c2ebbf3a-f524-49eb-97a0-fc0d5f97f8d8<%|%>1b538e31-581d-4e4b-9e31-a85592254754
d6055af2-c814-4964-9d5b-6f77fb53bc56<%|%>1b538e31-581d-4e4b-9e31-a85592254754
17a2686b-a091-4654-a725-a9a5730358af<%|%>1b538e31-581d-4e4b-9e31-a85592254754
8d30b6cf-e7ca-490a-b62e-651fdfc7cec1<%|%>1b538e31-581d-4e4b-9e31-a85592254754
ffdc8087-6075-4739-8a92-3cfebaa95537<%|%>1b538e31-581d-4e4b-9e31-a85592254754
3e51ec05-38f5-4c39-95e5-529e8202cc7d<%|%>1b538e31-581d-4e4b-9e31-a85592254754
835260bc-438f-404a-9308-dfa9a8bf269b<%|%>1b538e31-581d-4e4b-9e31-a85592254754
a7218011-a684-4c5e-bd33-0b3ecf8b4a58<%|%>1b538e31-581d-4e4b-9e31-a85592254754
5d3ccbd2-6a34-461e-aa9e-a64a7b74db1d<%|%>1b538e31-581d-4e4b-9e31-a85592254754
766724ee-154f-417b-ab10-548a19d5b39c<%|%>1b538e31-581d-4e4b-9e31-a85592254754
4cfd6780-06c3-4896-9fed-00214f79e67e<%|%>1b538e31-581d-4e4b-9e31-a85592254754
59d2e7cd-3e87-471f-ba99-ed0d4d7d9d2f<%|%>1b538e31-581d-4e4b-9e31-a85592254754
f28da86c-6f15-4e1c-98b2-ec5e170143b7<%|%>1b538e31-581d-4e4b-9e31-a85592254754
823435d7-1977-4205-b729-6c926be1548b<%|%>1b538e31-581d-4e4b-9e31-a85592254754
46d13f0b-b658-4952-8692-c7c8e1c5b4f3<%|%>1b538e31-581d-4e4b-9e31-a85592254754
69a5082f-b4c1-4f25-b5a5-b1c930970634<%|%>1b538e31-581d-4e4b-9e31-a85592254754
51137125-021a-4258-887a-b6b4a1355a6d<%|%>1b538e31-581d-4e4b-9e31-a85592254754
72b63e53-c4a1-45c2-8ed6-7f5e57c4e8ce<%|%>1b538e31-581d-4e4b-9e31-a85592254754
cab62bba-71f4-421d-a2c9-88a35681586c<%|%>1b538e31-581d-4e4b-9e31-a85592254754
b33799e4-4b8f-479a-90ed-c4de7385a4e3<%|%>1b538e31-581d-4e4b-9e31-a85592254754
4cdfe8df-0cfd-42b5-b9f9-785e7cc4a332<%|%>1b538e31-581d-4e4b-9e31-a85592254754
77d1065b-a437-4b0c-8fa4-0dbe3766eedd<%|%>1b538e31-581d-4e4b-9e31-a85592254754
9bf8e5fa-d6e2-4eb2-a7e3-2197597601a9<%|%>1b538e31-581d-4e4b-9e31-a85592254754
a7c841aa-9615-4c3d-b51f-17a54523e2bd<%|%>1b538e31-581d-4e4b-9e31-a85592254754
1844c7a4-cd88-416a-9ee9-0618f61b9464<%|%>1b538e31-581d-4e4b-9e31-a85592254754
0a4fea23-f88c-4718-9f72-f6948d26dd5b<%|%>1b538e31-581d-4e4b-9e31-a85592254754
9c2612a4-6f17-44e5-8d09-27dd0cbd75fa<%|%>1b538e31-581d-4e4b-9e31-a85592254754
28b9e73b-f0f7-49a6-8689-b4ca50370d1c<%|%>1b538e31-581d-4e4b-9e31-a85592254754
8f52c9ea-64ca-4659-9fe8-38af88a1fa43<%|%>1b538e31-581d-4e4b-9e31-a85592254754
f1987b5e-75d3-4198-8604-5ac8abcc62d9<%|%>1b538e31-581d-4e4b-9e31-a85592254754
591827c8-7716-4acd-991b-df4f4c384a23<%|%>1b538e31-581d-4e4b-9e31-a85592254754
4cf5c3e9-6548-48ad-abcf-d7fb9905da2a<%|%>1b538e31-581d-4e4b-9e31-a85592254754
1e3fb39a-2704-4c14-812d-2ec2ba573a43<%|%>1b538e31-581d-4e4b-9e31-a85592254754
76add3dd-1e5b-4be7-8104-44647dc150ee<%|%>1b538e31-581d-4e4b-9e31-a85592254754
20404562-143d-445a-a1df-c30ce5b827f5<%|%>1b538e31-581d-4e4b-9e31-a85592254754
404fe4b9-35cb-4fd5-a252-9754f06bfbca<%|%>1b538e31-581d-4e4b-9e31-a85592254754
556ab7ac-bad1-4f53-93a7-eafdac44141f<%|%>1b538e31-581d-4e4b-9e31-a85592254754
cf353a3f-91a1-4db0-a9e6-8e946e344efe<%|%>1b538e31-581d-4e4b-9e31-a85592254754
1a9a3650-64fb-4220-a0ae-ee774400ab51<%|%>1b538e31-581d-4e4b-9e31-a85592254754
590cc8a6-5082-4f9f-b40e-f02c34bfbcce<%|%>1b538e31-581d-4e4b-9e31-a85592254754
b17bf895-1d91-401f-9440-bc4a8afb86bb<%|%>1b538e31-581d-4e4b-9e31-a85592254754
2e5218b5-0202-4c04-8fd4-45d673bf6e47<%|%>1b538e31-581d-4e4b-9e31-a85592254754
ff90ede3-9b85-4401-896a-726402bcf3aa<%|%>1b538e31-581d-4e4b-9e31-a85592254754
c0e0be5e-9dd7-4452-90c5-2b03bca6efd2<%|%>1b538e31-581d-4e4b-9e31-a85592254754
9aa2417a-73d3-4f70-a988-9949b11a7292<%|%>1b538e31-581d-4e4b-9e31-a85592254754
9303dc21-aa19-477c-90d8-2658eb341883<%|%>1b538e31-581d-4e4b-9e31-a85592254754
4a86a99e-6996-4fd3-bf2f-5c7603e43bf0<%|%>1b538e31-581d-4e4b-9e31-a85592254754
0ebbb789-d430-4e82-8e48-9956ff7d45f0<%|%>1b538e31-581d-4e4b-9e31-a85592254754
123ea934-4599-43ac-a735-d1b110f14f0f<%|%>1b538e31-581d-4e4b-9e31-a85592254754
ce48cae7-9ce9-49bb-b333-40ce2129f4f7<%|%>1b538e31-581d-4e4b-9e31-a85592254754
78117fca-28b6-42ca-8fff-3a2092eab011<%|%>1b538e31-581d-4e4b-9e31-a85592254754
32836b76-1645-441e-b80d-5050516974df<%|%>1b538e31-581d-4e4b-9e31-a85592254754
86b4e0be-ded1-4c2a-a79e-78f2a8bcf2eb<%|%>1b538e31-581d-4e4b-9e31-a85592254754
7bccdfb3-bf55-42f8-a2dd-f9b98b7810aa<%|%>1b538e31-581d-4e4b-9e31-a85592254754
1174c27a-0951-4df6-a7d2-d1b8cdfa4d46<%|%>1b538e31-581d-4e4b-9e31-a85592254754
cde198f1-2f5b-42f7-8a97-f0a51a7176c1<%|%>1b538e31-581d-4e4b-9e31-a85592254754
9831f7ac-9a0d-4a9e-9603-928e7d798929<%|%>1b538e31-581d-4e4b-9e31-a85592254754
e93a47df-17b4-453f-9805-749df39d07be<%|%>1b538e31-581d-4e4b-9e31-a85592254754
243db375-0273-4a5d-a565-3f53b44bd012<%|%>1b538e31-581d-4e4b-9e31-a85592254754
c2e6c556-6534-4d2e-8792-d2f6f918a714<%|%>1b538e31-581d-4e4b-9e31-a85592254754
72d4f843-9459-48e0-9efc-e36d9cfadc5b<%|%>1b538e31-581d-4e4b-9e31-a85592254754
5230e37f-f036-4cc7-9533-1006e7fc9903<%|%>1b538e31-581d-4e4b-9e31-a85592254754
2846d02b-af4d-467d-a47f-99e68d794e99<%|%>1b538e31-581d-4e4b-9e31-a85592254754
889343ac-d181-4cd5-8232-be15b2001690<%|%>1b538e31-581d-4e4b-9e31-a85592254754
c4d3a2ed-c491-40fc-9e85-db467658687b<%|%>1b538e31-581d-4e4b-9e31-a85592254754
a1dd50db-f38c-4457-bc4b-168de127257e<%|%>1b538e31-581d-4e4b-9e31-a85592254754
e6b41147-c64d-4cce-98cb-6b09bde83975<%|%>1b538e31-581d-4e4b-9e31-a85592254754
0f096daa-60e7-4a5c-961f-338fcef9b351<%|%>1b538e31-581d-4e4b-9e31-a85592254754
cfa880d4-3e3e-4e47-92f1-4c9621bae955<%|%>1b538e31-581d-4e4b-9e31-a85592254754
2639f820-3b5b-4cae-aabb-6bc39952e6bf<%|%>1b538e31-581d-4e4b-9e31-a85592254754
398e1173-e8ec-4a7a-876c-905b772bd2f3<%|%>1b538e31-581d-4e4b-9e31-a85592254754
868380b3-5986-4023-8eee-d8d3df721dae<%|%>1b538e31-581d-4e4b-9e31-a85592254754
516a1ed2-5451-4bba-bfe1-83aa22e2ee86<%|%>1b538e31-581d-4e4b-9e31-a85592254754
448b743e-bead-49a4-afbc-d3d7b2eba716<%|%>1b538e31-581d-4e4b-9e31-a85592254754
ded03aaf-4e4d-4c20-a2c1-a94883489208<%|%>1b538e31-581d-4e4b-9e31-a85592254754
2704ecf4-0784-4179-a8df-80b47c03d5f6<%|%>1b538e31-581d-4e4b-9e31-a85592254754
239b24da-aa72-4811-a911-2ca28c2c21a3<%|%>1b538e31-581d-4e4b-9e31-a85592254754
3632c20e-eb3f-4986-a6d0-cd69800c6dd1<%|%>1b538e31-581d-4e4b-9e31-a85592254754
b84e9665-90bd-488d-b4ed-9a6966cee6e4<%|%>1b538e31-581d-4e4b-9e31-a85592254754
6d39f8fb-406a-4c1e-91a7-2dda8c4efbff<%|%>1b538e31-581d-4e4b-9e31-a85592254754
e5ec7b79-33e1-48d7-bf0b-7b09f41c63f9<%|%>1b538e31-581d-4e4b-9e31-a85592254754
93cbd7c2-6970-4d46-82e9-de7cdf924649<%|%>1b538e31-581d-4e4b-9e31-a85592254754
3f8566c3-3199-488e-9111-002de33145f8<%|%>1b538e31-581d-4e4b-9e31-a85592254754
885765b1-6bad-4002-a44f-48068e2beadd<%|%>1b538e31-581d-4e4b-9e31-a85592254754
31e14860-6aee-444a-b07d-7e342ac8e785<%|%>1b538e31-581d-4e4b-9e31-a85592254754
a8a21c8d-78ad-4fec-9ffd-f8889dc291e9<%|%>1b538e31-581d-4e4b-9e31-a85592254754
3306ceed-2a41-4fa2-803d-8a86d3ea3ede<%|%>1b538e31-581d-4e4b-9e31-a85592254754
437621c7-0426-4d0c-bffe-b78e4c5af01e<%|%>1b538e31-581d-4e4b-9e31-a85592254754
ec7dd761-6751-454d-a5a2-e44d3cfae048<%|%>1b538e31-581d-4e4b-9e31-a85592254754
3034e991-aab6-4c82-a43e-aa15d0632b66<%|%>1b538e31-581d-4e4b-9e31-a85592254754
91582382-882b-4881-91ea-44217bcc4071<%|%>1b538e31-581d-4e4b-9e31-a85592254754
561cc22d-46a4-4808-bcab-829aba0e83d6<%|%>1b538e31-581d-4e4b-9e31-a85592254754
58946b76-59fe-4fab-9dca-ccc9a7c75efe<%|%>1b538e31-581d-4e4b-9e31-a85592254754
d512cbea-364a-4059-a30a-002694550435<%|%>1b538e31-581d-4e4b-9e31-a85592254754
fef7c5e4-74ec-4251-892f-8aa251370348<%|%>1b538e31-581d-4e4b-9e31-a85592254754
2c42867a-0a96-4387-9050-75cf1acb2de2<%|%>1b538e31-581d-4e4b-9e31-a85592254754
ec5a81a9-da83-4acb-97ab-e1377e4e5fe0<%|%>1b538e31-581d-4e4b-9e31-a85592254754
0a9ddea0-c008-4a14-a5af-e46603eb5440<%|%>1b538e31-581d-4e4b-9e31-a85592254754
6cab90c5-c70c-4965-9b62-b6d18a5cd415<%|%>1b538e31-581d-4e4b-9e31-a85592254754
8bd33dca-2277-4701-8ca9-5dca5f33c8d7<%|%>1b538e31-581d-4e4b-9e31-a85592254754
98312515-8383-4efa-a4dc-fcbb06c8a568<%|%>1b538e31-581d-4e4b-9e31-a85592254754
ac701897-6c80-44b6-b247-ea025382203d<%|%>1b538e31-581d-4e4b-9e31-a85592254754
865e8db4-f048-483f-a2f8-6d4372c6152c<%|%>1b538e31-581d-4e4b-9e31-a85592254754
3f3c0f0e-cda8-41c4-9b31-b86923080584<%|%>1b538e31-581d-4e4b-9e31-a85592254754
93064dcb-2a84-4de7-87f7-e337ba79be23<%|%>1b538e31-581d-4e4b-9e31-a85592254754
468af352-d841-4470-b062-587303373457<%|%>1b538e31-581d-4e4b-9e31-a85592254754
b631e83f-21a8-4e75-90b7-6524e1687e66<%|%>1b538e31-581d-4e4b-9e31-a85592254754
0325be58-3951-4352-b240-7b6831ae53d8<%|%>1b538e31-581d-4e4b-9e31-a85592254754
faca5926-3a8e-44ab-b98c-80a52d69deac<%|%>1b538e31-581d-4e4b-9e31-a85592254754
e3e570e3-fe92-4b8b-8705-0acec56a1086<%|%>1b538e31-581d-4e4b-9e31-a85592254754
54b85f8a-a82f-4a26-8540-f108ebd90a26<%|%>1b538e31-581d-4e4b-9e31-a85592254754
c0c7ebb0-d2d6-4305-bb66-b44bc7ab38f7<%|%>1b538e31-581d-4e4b-9e31-a85592254754
43656361-ea42-4025-8a96-00419a121a51<%|%>1b538e31-581d-4e4b-9e31-a85592254754
5f89aaa6-2367-48aa-ac38-cb2882f30732<%|%>1b538e31-581d-4e4b-9e31-a85592254754
96edca94-8793-4671-b90a-67bc633d5063<%|%>1b538e31-581d-4e4b-9e31-a85592254754
af76f338-672a-4620-aab7-f1b46eafcbc1<%|%>1b538e31-581d-4e4b-9e31-a85592254754
8dd1214c-44c6-405b-8e21-6c8d5061a038<%|%>1b538e31-581d-4e4b-9e31-a85592254754
4a623372-8003-4504-b6cc-59487fe0edb7<%|%>1b538e31-581d-4e4b-9e31-a85592254754
862a9d71-1555-4841-b5e6-89268c3d2091<%|%>1b538e31-581d-4e4b-9e31-a85592254754
ac3a7e88-222d-4db7-8a1a-de5c77da3761<%|%>1b538e31-581d-4e4b-9e31-a85592254754
b65edc71-7f1f-4a7f-8fa8-0adca97d8c6f<%|%>1b538e31-581d-4e4b-9e31-a85592254754
a588cf0a-d89c-4503-afb6-5d06fbd2e95f<%|%>1b538e31-581d-4e4b-9e31-a85592254754
d27b93ed-09b4-4ab9-b9f9-fb810105b3d5<%|%>1b538e31-581d-4e4b-9e31-a85592254754
de7a7895-a7e3-4e7f-948d-b13f3814d4cf<%|%>1b538e31-581d-4e4b-9e31-a85592254754
5406c771-db4c-4e23-a3b1-32e44ad27f69<%|%>1b538e31-581d-4e4b-9e31-a85592254754
b09a9ec9-e2b2-491d-82b0-ce3971481200<%|%>1b538e31-581d-4e4b-9e31-a85592254754
1e5a9f24-f7a6-4663-8fe4-502224343deb<%|%>1b538e31-581d-4e4b-9e31-a85592254754
0bf00c8c-5ff3-48ee-9c9e-909e39ab77a4<%|%>1b538e31-581d-4e4b-9e31-a85592254754
f4f70e3a-9c85-439a-95a1-e46895a7ee93<%|%>1b538e31-581d-4e4b-9e31-a85592254754
caaa6307-f4d5-49fe-9211-66a199f598f7<%|%>1b538e31-581d-4e4b-9e31-a85592254754
820cb384-f5b8-405c-bc63-d04ffebb3c7a<%|%>1b538e31-581d-4e4b-9e31-a85592254754
56c72951-3a83-4385-8ff1-0f7d2d71e13d<%|%>1b538e31-581d-4e4b-9e31-a85592254754
01f22f40-92de-4933-a78f-f82a866265b0<%|%>1b538e31-581d-4e4b-9e31-a85592254754
1238cfc3-d1ff-415e-bd9a-4fc8e6c8763e<%|%>1b538e31-581d-4e4b-9e31-a85592254754
19fce78b-3136-4da3-86d3-53f12f69b62e<%|%>1b538e31-581d-4e4b-9e31-a85592254754
3f1508f0-5a75-49d6-bb16-44305080f2c5<%|%>1b538e31-581d-4e4b-9e31-a85592254754
1b9cadb0-6fa5-429e-b846-df2b5a16d976<%|%>1b538e31-581d-4e4b-9e31-a85592254754
a64159bd-e5bf-4397-91fa-6595ef9aaaf0<%|%>1b538e31-581d-4e4b-9e31-a85592254754
dc1ea677-e5e9-4117-910d-de9fb3a66727<%|%>1b538e31-581d-4e4b-9e31-a85592254754
dab9274d-48f1-4367-a993-9564457351cd<%|%>1b538e31-581d-4e4b-9e31-a85592254754
e05daa72-0ea5-4000-b1c1-727dd0844095<%|%>1b538e31-581d-4e4b-9e31-a85592254754
f41bfdcb-e7e0-44fa-9295-f5b5999bdc1b<%|%>1b538e31-581d-4e4b-9e31-a85592254754
d26860b9-dcd4-4a79-833e-32444e5d27d8<%|%>1b538e31-581d-4e4b-9e31-a85592254754
7a241164-924f-4dca-820c-c5c5e23e5567<%|%>1b538e31-581d-4e4b-9e31-a85592254754
0614a19d-1ff7-4aa1-a22a-7e67a50c7757<%|%>1b538e31-581d-4e4b-9e31-a85592254754
43d44a29-dd61-4722-9dfc-760df1139e13<%|%>1b538e31-581d-4e4b-9e31-a85592254754
1e409d3c-cd1f-4c8c-a086-a8cf9273d0fc<%|%>1b538e31-581d-4e4b-9e31-a85592254754
f80dc64b-e810-4342-8d08-5d531ec183c9<%|%>1b538e31-581d-4e4b-9e31-a85592254754
170ebfb2-613e-4f9e-9392-aabac3d17aa5<%|%>1b538e31-581d-4e4b-9e31-a85592254754
a17dd17a-93a3-484b-9ccc-6bedcf143331<%|%>1b538e31-581d-4e4b-9e31-a85592254754
a57168d8-b4c0-42ad-8cb7-b9a41786391d<%|%>1b538e31-581d-4e4b-9e31-a85592254754
41db1a43-d8a9-483e-8313-edd06f8be2e7<%|%>1b538e31-581d-4e4b-9e31-a85592254754
991b2803-0e98-422d-ae67-e6957788d929<%|%>1b538e31-581d-4e4b-9e31-a85592254754
f97919c7-aa69-42c2-9716-d856d6cefcbf<%|%>1b538e31-581d-4e4b-9e31-a85592254754
056242db-3cdc-40ce-8432-3459085b9a53<%|%>1b538e31-581d-4e4b-9e31-a85592254754
f40cdad3-d0b6-43b7-aa4d-282f8c6c29fb<%|%>1b538e31-581d-4e4b-9e31-a85592254754
3d09c700-023c-41cb-8bb4-8be8ea2634a0<%|%>1b538e31-581d-4e4b-9e31-a85592254754
72d7fa74-15d3-4467-8039-c857283ec54e<%|%>1b538e31-581d-4e4b-9e31-a85592254754
40ee3dcf-22bc-4685-828d-647c896dc0ee<%|%>1b538e31-581d-4e4b-9e31-a85592254754
01d4f7dc-561b-453b-8c87-9f220dc6cb67<%|%>1b538e31-581d-4e4b-9e31-a85592254754
cc48a50a-be1b-4208-b8b3-fa758698b703<%|%>1b538e31-581d-4e4b-9e31-a85592254754
262f2626-be73-4aaf-85a5-bbe427a34fa4<%|%>1b538e31-581d-4e4b-9e31-a85592254754
72085f5c-067a-4bb9-b125-93e5e672a6ab<%|%>1b538e31-581d-4e4b-9e31-a85592254754
e68a537d-3e36-43d7-ab41-207068a89125<%|%>1b538e31-581d-4e4b-9e31-a85592254754
b9b0779d-2e68-4d38-abd0-55a4b0bd7e96<%|%>1b538e31-581d-4e4b-9e31-a85592254754
33c294e3-cf9f-4092-8aaa-0b7ba5031e5b<%|%>1b538e31-581d-4e4b-9e31-a85592254754
3909776b-520f-4262-b0e1-fbce97be3b46<%|%>1b538e31-581d-4e4b-9e31-a85592254754
cc49f981-184c-44ff-827b-c9afa2f880cc<%|%>1b538e31-581d-4e4b-9e31-a85592254754
0af08535-33fc-4d7f-a26f-60f3f0cc9305<%|%>1b538e31-581d-4e4b-9e31-a85592254754
979b614a-3301-4cd7-834b-eda462db424d<%|%>1b538e31-581d-4e4b-9e31-a85592254754
921402e1-a7f8-425f-abc9-eba6c971b525<%|%>1b538e31-581d-4e4b-9e31-a85592254754
c4ca8884-c387-4b3a-8e26-b563572e802a<%|%>1b538e31-581d-4e4b-9e31-a85592254754
0bfc9496-c966-4ab2-88bb-8f92ff3c5f65<%|%>1b538e31-581d-4e4b-9e31-a85592254754
52a78168-6462-40af-9ac2-9f89530df9ed<%|%>1b538e31-581d-4e4b-9e31-a85592254754
a33c331e-d4c6-4fc1-8f13-5d0555c6cf90<%|%>1b538e31-581d-4e4b-9e31-a85592254754
9a47da3d-27fd-4a78-b96d-aaf446b700de<%|%>1b538e31-581d-4e4b-9e31-a85592254754
db2f1e0b-23b3-42b5-9924-263b2cc8612f<%|%>1b538e31-581d-4e4b-9e31-a85592254754
595502d1-81fc-4018-82e7-2e2c2a32ecf6<%|%>1b538e31-581d-4e4b-9e31-a85592254754
856b4af7-f354-410c-b1ab-95ffe8942436<%|%>1b538e31-581d-4e4b-9e31-a85592254754
abc61a21-9548-45fa-8965-764ee2106a81<%|%>1b538e31-581d-4e4b-9e31-a85592254754
244ac70b-0149-47c5-9e5f-3d3184fac931<%|%>1b538e31-581d-4e4b-9e31-a85592254754
f63ade83-28ec-4c7e-9ae7-b95a72ccb3bf<%|%>1b538e31-581d-4e4b-9e31-a85592254754
40bc0146-55b0-4b45-a66f-e83594ba0172<%|%>1b538e31-581d-4e4b-9e31-a85592254754
eb288f46-9ea5-4173-8736-eb3e659a85d4<%|%>1b538e31-581d-4e4b-9e31-a85592254754
93b46f9a-7ff8-4f65-a66e-1085f41b6e48<%|%>1b538e31-581d-4e4b-9e31-a85592254754
e067f672-900a-4a2b-bb1b-56e3213df3fc<%|%>1b538e31-581d-4e4b-9e31-a85592254754
d71f5079-585a-490e-a9de-84446ae7503b<%|%>1b538e31-581d-4e4b-9e31-a85592254754
cc141483-8bc0-42df-ad6a-0d368572cc96<%|%>1b538e31-581d-4e4b-9e31-a85592254754
a0fcf4a9-1051-4679-aaf1-e7164e9c3592<%|%>1b538e31-581d-4e4b-9e31-a85592254754
3f7ffc0e-21b8-4957-8a5b-85d112b80893<%|%>1b538e31-581d-4e4b-9e31-a85592254754
0ed37840-4db9-41a7-ba55-38c8508421ec<%|%>1b538e31-581d-4e4b-9e31-a85592254754
f3f371c2-91e9-4f45-ad31-47f02efb7801<%|%>1b538e31-581d-4e4b-9e31-a85592254754
d7364b37-7bea-440a-9d71-575a7289be6b<%|%>1b538e31-581d-4e4b-9e31-a85592254754
e7cc3006-305b-4c0c-9e58-2033fa07c043<%|%>1b538e31-581d-4e4b-9e31-a85592254754
a626adf0-a47d-46d5-989c-ab695bc0f6a6<%|%>1b538e31-581d-4e4b-9e31-a85592254754
8cb1c338-af81-4d46-bbe9-84d3c7e2c1de<%|%>1b538e31-581d-4e4b-9e31-a85592254754
795c256f-a60e-4092-b4fe-6d4e0aba4a79<%|%>1b538e31-581d-4e4b-9e31-a85592254754
a425bb32-e7b4-467e-9701-eb34758a9321<%|%>1b538e31-581d-4e4b-9e31-a85592254754
aa8ba670-d935-46cc-80f6-96517eecbb95<%|%>1b538e31-581d-4e4b-9e31-a85592254754
2de112bd-515e-4b1e-83b8-d59e0ad97b44<%|%>1b538e31-581d-4e4b-9e31-a85592254754
b0f95c6c-b3e2-4774-b50d-b56eb0f5fa4e<%|%>1b538e31-581d-4e4b-9e31-a85592254754
b0646511-571c-4567-87dc-e54625326c8a<%|%>1b538e31-581d-4e4b-9e31-a85592254754
34df27f9-fabd-4241-a2e6-c4ed49fe281c<%|%>1b538e31-581d-4e4b-9e31-a85592254754
03943e0b-d683-4d56-aa2e-4b207feceb5e<%|%>1b538e31-581d-4e4b-9e31-a85592254754
602fbc01-5d77-4999-9808-6ee221740185<%|%>1b538e31-581d-4e4b-9e31-a85592254754
3fe10b98-d3bb-4e20-ab19-0d4ff5c70b1d<%|%>1b538e31-581d-4e4b-9e31-a85592254754
641e61ff-87fa-4815-8f7c-2d360ef37e10<%|%>1b538e31-581d-4e4b-9e31-a85592254754
1fde9b4c-2754-4254-97e1-75b3100e54c9<%|%>1b538e31-581d-4e4b-9e31-a85592254754
86ef9327-9e3f-4d0b-bbe9-151de26dcda1<%|%>1b538e31-581d-4e4b-9e31-a85592254754
a5b30fb3-0f02-4ba8-ac4a-65dd4a4e8066<%|%>1b538e31-581d-4e4b-9e31-a85592254754
d9db6cfc-accd-403b-a26a-979d1d98982c<%|%>1b538e31-581d-4e4b-9e31-a85592254754
4d98eafb-a700-418b-8a58-e711ec648d5e<%|%>1b538e31-581d-4e4b-9e31-a85592254754
71caacce-2db3-4a3d-a23b-b1acbb589f01<%|%>1b538e31-581d-4e4b-9e31-a85592254754
d5183eac-fd1e-427d-aa61-d9ea6b4a27d1<%|%>1b538e31-581d-4e4b-9e31-a85592254754
ac1535df-9de8-468c-9056-b273c92f07ff<%|%>1b538e31-581d-4e4b-9e31-a85592254754
465808e3-9c35-4c59-9836-a1566ba38f9d<%|%>1b538e31-581d-4e4b-9e31-a85592254754
ce1698db-761a-4224-9117-17f9e7006b58<%|%>1b538e31-581d-4e4b-9e31-a85592254754
f580a689-5321-4269-812d-cb121c0eb696<%|%>1b538e31-581d-4e4b-9e31-a85592254754
75dc2110-4be4-40de-b18b-d91e34751cf6<%|%>1b538e31-581d-4e4b-9e31-a85592254754
066a14aa-b4af-4649-b8b1-7b1d2b871fa0<%|%>1b538e31-581d-4e4b-9e31-a85592254754
82158730-5b86-403f-9212-f9e6913a072e<%|%>1b538e31-581d-4e4b-9e31-a85592254754
ddc84724-b4d1-42ab-a61b-0a9be28bd785<%|%>1b538e31-581d-4e4b-9e31-a85592254754
dc83eb7b-5bc7-4984-962c-a969ab777508<%|%>1b538e31-581d-4e4b-9e31-a85592254754
e9370047-d1b2-4f0a-afd2-5907a0ace8bb<%|%>1b538e31-581d-4e4b-9e31-a85592254754
b8f89692-3a65-43e8-b4da-468cffe08d49<%|%>1b538e31-581d-4e4b-9e31-a85592254754
7b192fde-1e15-46e1-b1e0-4aedace42cdd<%|%>1b538e31-581d-4e4b-9e31-a85592254754
c144904e-984a-4401-aaf7-1ed8a78a213e<%|%>1b538e31-581d-4e4b-9e31-a85592254754
cae8de6d-7ae5-45f4-b9f6-d42068271408<%|%>1b538e31-581d-4e4b-9e31-a85592254754
c0c8321e-7506-4f39-a38e-61f14d6e5eaf<%|%>1b538e31-581d-4e4b-9e31-a85592254754
2c2a7bfb-da93-4041-a2bc-3dea5fb87bc2<%|%>1b538e31-581d-4e4b-9e31-a85592254754
4fc5c959-71e7-425a-95fe-3dea44170cd4<%|%>1b538e31-581d-4e4b-9e31-a85592254754
e293c4a9-efab-47c0-aad7-9d8c3aad415f<%|%>1b538e31-581d-4e4b-9e31-a85592254754
dbcc0d7b-8feb-4963-bdf4-80f973eea038<%|%>1b538e31-581d-4e4b-9e31-a85592254754
d0411045-b67f-4d5b-8a9c-6c11e3cd30c9<%|%>1b538e31-581d-4e4b-9e31-a85592254754
ecddab85-11b3-4472-be22-077715f98c92<%|%>1b538e31-581d-4e4b-9e31-a85592254754
b9fd071b-9f95-4143-a0c1-d73643d3f0a7<%|%>1b538e31-581d-4e4b-9e31-a85592254754
359b70ff-9fcd-4674-9c19-e0ab61ed9886<%|%>1b538e31-581d-4e4b-9e31-a85592254754
b8d9dc93-09c9-4a68-a5ab-35f1fab4acd6<%|%>1b538e31-581d-4e4b-9e31-a85592254754
0657acb7-c670-4409-a31b-78c65303457d<%|%>1b538e31-581d-4e4b-9e31-a85592254754
471b50c8-488f-4924-a2a2-7ee7c15c90ee<%|%>1b538e31-581d-4e4b-9e31-a85592254754
bb34573f-02ad-4eb7-9ceb-217e76cdcfee<%|%>1b538e31-581d-4e4b-9e31-a85592254754
442c8955-5543-4799-95be-6d05832a91d2<%|%>1b538e31-581d-4e4b-9e31-a85592254754
b476af40-83bd-4824-9f34-04b875f5ca03<%|%>1b538e31-581d-4e4b-9e31-a85592254754
24d4dd46-dc93-4447-b962-acaf67bd5c95<%|%>1b538e31-581d-4e4b-9e31-a85592254754
3db82491-93bf-4b67-8e92-3d2691be7630<%|%>1b538e31-581d-4e4b-9e31-a85592254754
fde3b6d2-254e-4075-8a38-6ea487398291<%|%>1b538e31-581d-4e4b-9e31-a85592254754
f98cdd36-d7f1-491f-a85f-8e6520ff412b<%|%>1b538e31-581d-4e4b-9e31-a85592254754
b638f81e-dafc-44ba-8b56-6bc47c7a35a9<%|%>1b538e31-581d-4e4b-9e31-a85592254754
c556403b-de32-4dfd-8c33-3b4e92b114db<%|%>1b538e31-581d-4e4b-9e31-a85592254754
1c3069f0-0bc2-4f1b-8d65-0a51aa2e38b3<%|%>1b538e31-581d-4e4b-9e31-a85592254754
b8aaa57b-dd9f-407b-b998-0eb3f8ed0b16<%|%>1b538e31-581d-4e4b-9e31-a85592254754
a5dde5d0-ff9a-44e9-b3b3-c7930b0d8d3f<%|%>1b538e31-581d-4e4b-9e31-a85592254754
4557444c-f2c4-413c-9f93-c1a5d43b4a8e<%|%>1b538e31-581d-4e4b-9e31-a85592254754
0de8796c-8030-4830-b96d-952f1ac9471b<%|%>1b538e31-581d-4e4b-9e31-a85592254754
dddd034c-36ed-4606-bc13-3fbbdd25f38b<%|%>1b538e31-581d-4e4b-9e31-a85592254754
fa87da74-92d7-4150-88ea-7d2f6423988a<%|%>1b538e31-581d-4e4b-9e31-a85592254754
a974346f-5d9c-40df-bf33-9e3b9a7b9d31<%|%>1b538e31-581d-4e4b-9e31-a85592254754
ac97b1e5-d30d-4315-ad60-f91a7ef30a9d<%|%>1b538e31-581d-4e4b-9e31-a85592254754
de704835-b4f2-4069-afaf-8ff3276511fb<%|%>1b538e31-581d-4e4b-9e31-a85592254754
c3a1889b-c006-49ec-b187-473ff72c72d6<%|%>1b538e31-581d-4e4b-9e31-a85592254754
b32b245e-7012-4e83-8dcb-67d7cadb57b3<%|%>1b538e31-581d-4e4b-9e31-a85592254754
532fba9c-4dd2-49f4-8ba1-59533e54b524<%|%>1b538e31-581d-4e4b-9e31-a85592254754
b9261faa-2c05-4382-af0b-e2d13b49b1d4<%|%>1b538e31-581d-4e4b-9e31-a85592254754
1ad57205-4d3e-4297-904d-ae2c1f4b815b<%|%>1b538e31-581d-4e4b-9e31-a85592254754
39124750-af01-46ae-9998-d6d671d5f0bb<%|%>1b538e31-581d-4e4b-9e31-a85592254754
7a8cbea9-bc2a-49cf-8058-c4b8aa45b392<%|%>1b538e31-581d-4e4b-9e31-a85592254754
20d50090-9257-49a3-a1e2-8365465f4edd<%|%>1b538e31-581d-4e4b-9e31-a85592254754
bc9bac11-5023-4ba7-b40d-09f39f7b7464<%|%>1b538e31-581d-4e4b-9e31-a85592254754
3926e67e-ecaa-46e3-823f-49fe8567c14f<%|%>1b538e31-581d-4e4b-9e31-a85592254754
4021a74a-3f96-4421-83d3-0a25b6a0f09e<%|%>1b538e31-581d-4e4b-9e31-a85592254754
c37838bd-e284-45ed-91c6-14bf58da9a75<%|%>1b538e31-581d-4e4b-9e31-a85592254754
c9fbde9e-98f9-405a-acc9-1bfdd66a96bd<%|%>1b538e31-581d-4e4b-9e31-a85592254754
18de282e-3f36-4079-962c-ab5217368c2b<%|%>1b538e31-581d-4e4b-9e31-a85592254754
5a31aa1e-dc96-43be-877c-0fe99c500eb3<%|%>1b538e31-581d-4e4b-9e31-a85592254754
c1f4bf4d-1c53-43f3-9e58-97e76fbc2b75<%|%>1b538e31-581d-4e4b-9e31-a85592254754
73e2aa5e-a000-4e66-a485-e7255681b6de<%|%>1b538e31-581d-4e4b-9e31-a85592254754
e15c74f9-f9b5-4948-acb7-c40f41cd1cf2<%|%>1b538e31-581d-4e4b-9e31-a85592254754
7e7f9858-fb2e-4851-8c58-d57d3b1b751a<%|%>1b538e31-581d-4e4b-9e31-a85592254754
0e916129-323f-46f8-bfb7-116478862d26<%|%>1b538e31-581d-4e4b-9e31-a85592254754
dd10d1da-d778-4e64-bf4b-dcd78169075e<%|%>1b538e31-581d-4e4b-9e31-a85592254754
fbb58035-ca75-438d-b4e1-e92fb8f7578f<%|%>1b538e31-581d-4e4b-9e31-a85592254754
16035fd7-1369-4d8f-b87f-55d4c4a70b15<%|%>1b538e31-581d-4e4b-9e31-a85592254754
882f8cb4-541c-45e0-a54c-ac076c1c5e85<%|%>1b538e31-581d-4e4b-9e31-a85592254754
2fd7e783-613a-4d0f-a3ba-20534e83a899<%|%>1b538e31-581d-4e4b-9e31-a85592254754
4e7a08db-bead-4c30-a0de-eef0eff4eeb4<%|%>1b538e31-581d-4e4b-9e31-a85592254754
b2a979f8-0226-45fe-9c14-faabad609e73<%|%>1b538e31-581d-4e4b-9e31-a85592254754
adbefb83-ffbe-43ff-8e58-05aabd772a12<%|%>1b538e31-581d-4e4b-9e31-a85592254754
18fe6735-fbb8-4f50-bb1b-babcfd280e54<%|%>1b538e31-581d-4e4b-9e31-a85592254754
df9e5aad-d7f9-4c67-b572-c696a8954f53<%|%>1b538e31-581d-4e4b-9e31-a85592254754
180a1384-07ad-4871-935e-50854cd8e9f5<%|%>1b538e31-581d-4e4b-9e31-a85592254754
f102a13d-7a4a-4044-8e63-fd988d8f4679<%|%>1b538e31-581d-4e4b-9e31-a85592254754
6b0cf39f-5add-4aa0-883c-ff892fad834d<%|%>1b538e31-581d-4e4b-9e31-a85592254754
69c39340-3099-4de0-ac61-aa231438715f<%|%>1b538e31-581d-4e4b-9e31-a85592254754
59527245-2b91-4634-a907-a04e4d6888c3<%|%>1b538e31-581d-4e4b-9e31-a85592254754
e8dbd6e0-f995-4792-8394-e13954b1d217<%|%>1b538e31-581d-4e4b-9e31-a85592254754
66ad94c3-15d4-44e1-8778-5789e95e09f8<%|%>1b538e31-581d-4e4b-9e31-a85592254754
9958bc3d-25d0-48ad-ad87-eb6f5dcabd4a<%|%>1b538e31-581d-4e4b-9e31-a85592254754
909cdb55-8a87-4ec0-a0da-f9c1dfffd337<%|%>1b538e31-581d-4e4b-9e31-a85592254754
e629e7bf-7fb5-4eba-a7aa-d2a4daa44a4b<%|%>1b538e31-581d-4e4b-9e31-a85592254754
d4ac5a86-6201-4acc-9eab-a619de426ce2<%|%>1b538e31-581d-4e4b-9e31-a85592254754
94b5bc73-a2fd-43fd-bb4d-a8fa4fa956a2<%|%>1b538e31-581d-4e4b-9e31-a85592254754
16e7afc7-e265-4df1-bb91-aa8eb9351125<%|%>1b538e31-581d-4e4b-9e31-a85592254754
b724abac-f136-40af-bc06-b203cefe6c40<%|%>1b538e31-581d-4e4b-9e31-a85592254754
fabd6f6c-0523-44c9-ab9e-8f68a509ea82<%|%>1b538e31-581d-4e4b-9e31-a85592254754
24a4bc6f-1f2c-43d2-9701-82815ae8b729<%|%>1b538e31-581d-4e4b-9e31-a85592254754
864f1190-e8f8-42cf-9157-3e2668cdffc3<%|%>1b538e31-581d-4e4b-9e31-a85592254754
dfb9d7c3-e184-49a3-a5d8-f3f24457de54<%|%>1b538e31-581d-4e4b-9e31-a85592254754
e7a195d4-2358-4efc-9252-e82658446bf4<%|%>1b538e31-581d-4e4b-9e31-a85592254754
2d56566b-a4c9-4cfb-9306-d7a234d12667<%|%>1b538e31-581d-4e4b-9e31-a85592254754
96188042-a293-4eb4-b66c-daafae091937<%|%>1b538e31-581d-4e4b-9e31-a85592254754
afa05f3e-d938-46be-9440-d393fa4389a5<%|%>1b538e31-581d-4e4b-9e31-a85592254754
3053ca79-d9a8-4f74-bf58-cfbca9b30174<%|%>1b538e31-581d-4e4b-9e31-a85592254754
3e152503-e1c3-49c2-a2d7-6de0bb661afa<%|%>1b538e31-581d-4e4b-9e31-a85592254754
c2857896-5ed7-43d3-9e4e-4bf0923e04bb<%|%>1b538e31-581d-4e4b-9e31-a85592254754
38c60dba-a1bb-4ca4-a657-eae6e90ea972<%|%>1b538e31-581d-4e4b-9e31-a85592254754
6bba1f13-25f3-4718-9373-f7aebb3167d2<%|%>1b538e31-581d-4e4b-9e31-a85592254754
77d83c0c-fda0-4f7a-ad4d-8016bbfa00b3<%|%>1b538e31-581d-4e4b-9e31-a85592254754
bbd4bcbc-9ebc-45fd-aa37-f12c7c9060fb<%|%>1b538e31-581d-4e4b-9e31-a85592254754
f4a21cf8-305d-4715-be12-8410609b4f10<%|%>1b538e31-581d-4e4b-9e31-a85592254754
65e90081-688e-4206-92e0-027fe89f3fb2<%|%>1b538e31-581d-4e4b-9e31-a85592254754
2f87a143-c89d-4b31-a00b-4b395da40369<%|%>1b538e31-581d-4e4b-9e31-a85592254754
d9d7a9b9-2c70-491e-9f9d-e5dcc366c1e4<%|%>1b538e31-581d-4e4b-9e31-a85592254754
c28282a6-4a78-4b87-a825-189baae2cf25<%|%>1b538e31-581d-4e4b-9e31-a85592254754
45a9f3e8-a3fd-4474-b6ee-5ff030f79eb5<%|%>1b538e31-581d-4e4b-9e31-a85592254754
c422ff09-0d08-45f5-929c-573206aa7be2<%|%>1b538e31-581d-4e4b-9e31-a85592254754
7b3debd7-d8cc-4595-856e-564c08372ef4<%|%>1b538e31-581d-4e4b-9e31-a85592254754
cfa6287d-ebff-445f-b6b3-dfad3e356109<%|%>1b538e31-581d-4e4b-9e31-a85592254754
6af3c869-05e0-400b-aeb4-6d5f157d65a9<%|%>1b538e31-581d-4e4b-9e31-a85592254754
d0d35ea3-0835-46e8-b446-6865ca96428b<%|%>1b538e31-581d-4e4b-9e31-a85592254754
44ac7357-63f5-4150-a259-dcf22ee1f3ee<%|%>1b538e31-581d-4e4b-9e31-a85592254754
89863655-6f43-4f72-88c5-6a32f3870958<%|%>1b538e31-581d-4e4b-9e31-a85592254754
7fc84b91-1c44-4af4-9fd3-4c326631bfbe<%|%>1b538e31-581d-4e4b-9e31-a85592254754
833f492d-0866-46a7-b8ea-93d49d09727c<%|%>1b538e31-581d-4e4b-9e31-a85592254754
d8f8bd84-7ea9-45c5-9140-022d13253797<%|%>1b538e31-581d-4e4b-9e31-a85592254754
07b11d3c-fd87-41b3-83a7-4ed620244b08<%|%>1b538e31-581d-4e4b-9e31-a85592254754
1f15d41d-7a23-497f-b5a0-2c5559b575c7<%|%>1b538e31-581d-4e4b-9e31-a85592254754
b86e0128-8c9f-41ff-a762-e804e20787ee<%|%>1b538e31-581d-4e4b-9e31-a85592254754
53d06eec-9401-49eb-aa01-904f8bd44a88<%|%>1b538e31-581d-4e4b-9e31-a85592254754
0be2257a-262c-4272-b0a5-86e32d3034e5<%|%>1b538e31-581d-4e4b-9e31-a85592254754
ed3fdc0c-7c4b-41b8-a3e1-569370c8f083<%|%>1b538e31-581d-4e4b-9e31-a85592254754
b81392f0-7446-4c0d-9afb-5417214eb473<%|%>1b538e31-581d-4e4b-9e31-a85592254754
7dd125dd-14b1-45a1-8519-f8d1cd86f263<%|%>1b538e31-581d-4e4b-9e31-a85592254754
d50bf45a-2c95-4306-a55e-7f7b807f3095<%|%>1b538e31-581d-4e4b-9e31-a85592254754
42ed77c6-7024-472b-b00c-f372c19b8bcf<%|%>1b538e31-581d-4e4b-9e31-a85592254754
5fa9d491-5ecc-458f-b9c2-37f8432b19fa<%|%>1b538e31-581d-4e4b-9e31-a85592254754
18411847-b15e-4a50-a3f0-c367aee1ae45<%|%>1b538e31-581d-4e4b-9e31-a85592254754
ef62d5f7-ed51-4af4-b02e-2eb678d00cbb<%|%>1b538e31-581d-4e4b-9e31-a85592254754
c7dad9d2-5826-444b-952d-adef76fdd2e7<%|%>1b538e31-581d-4e4b-9e31-a85592254754
067afc1d-681c-4c5e-84f1-606130651171<%|%>1b538e31-581d-4e4b-9e31-a85592254754
942725f8-d84a-462a-8be5-200b160815c1<%|%>1b538e31-581d-4e4b-9e31-a85592254754
db57dbef-4319-4394-8d23-95b276847277<%|%>1b538e31-581d-4e4b-9e31-a85592254754
56e97540-a0cb-459c-bd3c-cf92adc7faa1<%|%>1b538e31-581d-4e4b-9e31-a85592254754
3aed5ff7-1e30-447b-84d9-964e044cf193<%|%>1b538e31-581d-4e4b-9e31-a85592254754
721ef810-a5c8-4f63-bd2f-a416a3b522f3<%|%>1b538e31-581d-4e4b-9e31-a85592254754
ee58e941-6c3d-4f2f-857b-69554e80d944<%|%>1b538e31-581d-4e4b-9e31-a85592254754
6ead8fd7-376c-499d-b088-b9dbefd73521<%|%>1b538e31-581d-4e4b-9e31-a85592254754
b60c2e6f-ba37-4e05-a3c6-7d7ca1e55367<%|%>1b538e31-581d-4e4b-9e31-a85592254754
c0ed36c0-0222-4f95-b678-c705d99baf78<%|%>1b538e31-581d-4e4b-9e31-a85592254754
6e4d87cd-ad63-4957-ba1e-7e4b96dfbec2<%|%>1b538e31-581d-4e4b-9e31-a85592254754
e58bb127-35d3-4c2e-ad89-4e245009933a<%|%>1b538e31-581d-4e4b-9e31-a85592254754
86c85e9b-2349-4092-bd7c-0b7653c12138<%|%>1b538e31-581d-4e4b-9e31-a85592254754
aeaf9304-aa5f-42b3-a315-1a1a44f3b82d<%|%>1b538e31-581d-4e4b-9e31-a85592254754
61cd7e39-d497-4524-8773-f88ec5d1b4c0<%|%>1b538e31-581d-4e4b-9e31-a85592254754
bc6e0a95-4900-4700-aa98-77cf9c91a528<%|%>1b538e31-581d-4e4b-9e31-a85592254754
6f1c1303-817b-43d3-9a54-5d7a12797477<%|%>1b538e31-581d-4e4b-9e31-a85592254754
ba41946d-4c45-4a8f-936f-43e8667766c3<%|%>1b538e31-581d-4e4b-9e31-a85592254754
de46ec4c-8f2d-4fb5-8d7a-0321d7e47ac2<%|%>1b538e31-581d-4e4b-9e31-a85592254754
527af124-803f-48cb-9395-1ca0b8258a9c<%|%>1b538e31-581d-4e4b-9e31-a85592254754
7911e6db-81cd-4cf1-8e36-84b0f778f1cf<%|%>1b538e31-581d-4e4b-9e31-a85592254754
3a93d3cd-5d07-4716-8ccd-21182edc57f1<%|%>1b538e31-581d-4e4b-9e31-a85592254754
f00fc133-a1fd-4169-99e9-bce0940f60b0<%|%>1b538e31-581d-4e4b-9e31-a85592254754
467d6510-aa91-4c70-b61c-dadea5717f97<%|%>1b538e31-581d-4e4b-9e31-a85592254754
95d8fadb-70c1-4030-af65-eacb16e6f2f6<%|%>1b538e31-581d-4e4b-9e31-a85592254754
efe3597c-886f-4aab-859d-2bf94945e872<%|%>1b538e31-581d-4e4b-9e31-a85592254754
9bda3b34-6dd8-4d7b-b4a3-a5f729ad43bd<%|%>1b538e31-581d-4e4b-9e31-a85592254754
8aed269c-2128-4b88-8856-2797d226ea9f<%|%>1b538e31-581d-4e4b-9e31-a85592254754
5716c76f-9306-4f7b-857a-0c827034d107<%|%>1b538e31-581d-4e4b-9e31-a85592254754
18d896ee-b0d3-46c5-8d9b-045f035d529b<%|%>1b538e31-581d-4e4b-9e31-a85592254754
0df2cd37-d59d-4ed0-b4c2-e7c176a61971<%|%>1b538e31-581d-4e4b-9e31-a85592254754
121edafc-0744-46ff-b4d2-0cf492cd8b83<%|%>1b538e31-581d-4e4b-9e31-a85592254754
a21b1e39-7149-414e-98e0-cbeb57275941<%|%>1b538e31-581d-4e4b-9e31-a85592254754
942cb71b-3c13-4305-9005-f89530f12a4c<%|%>1b538e31-581d-4e4b-9e31-a85592254754
64e0fce2-94da-42b7-be29-9e88a505b16e<%|%>1b538e31-581d-4e4b-9e31-a85592254754
d06d5db6-3810-4b42-9d19-c5b75e3b6015<%|%>1b538e31-581d-4e4b-9e31-a85592254754
f7559f8a-10b5-42e9-813f-a50fa03d73a7<%|%>1b538e31-581d-4e4b-9e31-a85592254754
08c5807a-93b6-43d1-aaf8-fa0fba642857<%|%>1b538e31-581d-4e4b-9e31-a85592254754
134a0b83-9e82-41f9-87c2-50e47ac86152<%|%>1b538e31-581d-4e4b-9e31-a85592254754
c3d8e61a-a6de-4803-b172-abc50a913a4a<%|%>1b538e31-581d-4e4b-9e31-a85592254754
e9b106c4-e6aa-4e6e-9da0-12d97e0b5706<%|%>1b538e31-581d-4e4b-9e31-a85592254754
5295d658-529c-40d4-89c1-301a60f500a3<%|%>1b538e31-581d-4e4b-9e31-a85592254754
07a402c0-c217-4b04-b709-ca2a896428ba<%|%>1b538e31-581d-4e4b-9e31-a85592254754
7c7eabe8-392a-4ae9-be5e-6f5c3bc8c486<%|%>1b538e31-581d-4e4b-9e31-a85592254754
5168ccfb-bb72-42bf-86a4-825df5f33588<%|%>1b538e31-581d-4e4b-9e31-a85592254754
c464cacb-68d5-4bb7-b1be-3d311c0f8f41<%|%>1b538e31-581d-4e4b-9e31-a85592254754
d1d3af46-4dbf-47f9-9d42-92e9869ed93d<%|%>1b538e31-581d-4e4b-9e31-a85592254754
6257e7b3-ea79-450a-b1fc-ccddb003f87a<%|%>1b538e31-581d-4e4b-9e31-a85592254754
4950dcdd-086d-4d72-8aa5-b4ade3a1a391<%|%>1b538e31-581d-4e4b-9e31-a85592254754
131191cb-2b5b-4419-8af1-cd1a674d8e8b<%|%>1b538e31-581d-4e4b-9e31-a85592254754
c563db60-a187-40a0-af6b-91b9e317174a<%|%>1b538e31-581d-4e4b-9e31-a85592254754
2bec68a9-ac96-4807-809d-f6d829b4b06b<%|%>1b538e31-581d-4e4b-9e31-a85592254754
6f4c02d0-8d5e-4964-9cc2-56521bb1343d<%|%>1b538e31-581d-4e4b-9e31-a85592254754
6f7c776f-86d9-4f63-a367-bc051a6417c7<%|%>1b538e31-581d-4e4b-9e31-a85592254754
8dc4e2e5-b07f-4214-9538-89f15ede1f6e<%|%>1b538e31-581d-4e4b-9e31-a85592254754
e364853b-af12-4c91-b04f-ed7f2a5657dc<%|%>1b538e31-581d-4e4b-9e31-a85592254754
a9b17ce9-b529-4302-a044-fe1ff447dbbc<%|%>1b538e31-581d-4e4b-9e31-a85592254754
e8abdf01-8b65-4c7a-beea-aa319d2c7e59<%|%>1b538e31-581d-4e4b-9e31-a85592254754
d724e71a-a7d3-408e-a00a-e6ab7c70daec<%|%>1b538e31-581d-4e4b-9e31-a85592254754
5b446aa4-c0f2-4572-834a-a0728f5e77a4<%|%>1b538e31-581d-4e4b-9e31-a85592254754
ebac0cd5-d4f1-4a3f-84ac-c9456087510d<%|%>1b538e31-581d-4e4b-9e31-a85592254754
d3dde5cc-9480-448d-a98a-faf3ebc91e74<%|%>1b538e31-581d-4e4b-9e31-a85592254754
10b8e4db-1dee-466f-a544-f7e3c8011f32<%|%>1b538e31-581d-4e4b-9e31-a85592254754
bd4abec2-b99b-4c9a-b504-cbed48a1ef17<%|%>1b538e31-581d-4e4b-9e31-a85592254754
43dfc78a-249f-4c96-b488-6ac2abc45268<%|%>1b538e31-581d-4e4b-9e31-a85592254754
7705057d-df39-411d-9246-7a5ccf20703a<%|%>1b538e31-581d-4e4b-9e31-a85592254754
76cd1469-19ad-43fc-83df-40f2d686759c<%|%>1b538e31-581d-4e4b-9e31-a85592254754
464a2ada-f37f-4b04-b023-8595d4f918fa<%|%>1b538e31-581d-4e4b-9e31-a85592254754
686e329c-26e0-44bb-a9ee-5322a4053ed3<%|%>1b538e31-581d-4e4b-9e31-a85592254754
9f3922ec-158d-4bb2-9275-4270b236a3bf<%|%>1b538e31-581d-4e4b-9e31-a85592254754
828b9bfb-bc22-43c5-9732-3541a001838b<%|%>1b538e31-581d-4e4b-9e31-a85592254754
ff6aedee-430a-47b2-952b-6c2464757086<%|%>1b538e31-581d-4e4b-9e31-a85592254754
e8d31528-ae53-462a-80f4-0ea14ee59ac3<%|%>1b538e31-581d-4e4b-9e31-a85592254754
10e43d73-1727-4114-8c9e-a7aebde10952<%|%>1b538e31-581d-4e4b-9e31-a85592254754
027a8d09-77c2-430e-8d26-23c004ab9d6f<%|%>1b538e31-581d-4e4b-9e31-a85592254754
7218a7c9-16da-49d3-a8d6-77ca6333c714<%|%>1b538e31-581d-4e4b-9e31-a85592254754
184c07c3-e368-4d7e-9abb-e639e3b29411<%|%>1b538e31-581d-4e4b-9e31-a85592254754
d367e5b3-d9b3-41ce-824b-ca1d762fdc34<%|%>1b538e31-581d-4e4b-9e31-a85592254754
e5cbf694-7149-45ea-8349-959151bef6e5<%|%>1b538e31-581d-4e4b-9e31-a85592254754
e98fad05-0c25-46ed-96c9-f8144f6c7c82<%|%>1b538e31-581d-4e4b-9e31-a85592254754
9ac36504-53af-4b69-aa40-707100d55367<%|%>1b538e31-581d-4e4b-9e31-a85592254754
23160c5d-7309-4749-ab00-1159ee272933<%|%>1b538e31-581d-4e4b-9e31-a85592254754
6a9c3950-378a-47a4-8f77-01f38c138288<%|%>1b538e31-581d-4e4b-9e31-a85592254754
c12e846d-43dc-49ca-9aad-eebddad4a2bc<%|%>1b538e31-581d-4e4b-9e31-a85592254754
01edd61f-2ed6-4849-b0e7-0ed8fbf90588<%|%>1b538e31-581d-4e4b-9e31-a85592254754
de44da4f-29b2-4ccf-9f32-13371af635a2<%|%>1b538e31-581d-4e4b-9e31-a85592254754
6d33fc42-c571-4d93-8692-4b41a35dee03<%|%>1b538e31-581d-4e4b-9e31-a85592254754
3e545c1b-23d3-4b73-8f74-49fa3e421657<%|%>1b538e31-581d-4e4b-9e31-a85592254754
f3b8bd94-76aa-4466-a0ab-358df36e6aec<%|%>1b538e31-581d-4e4b-9e31-a85592254754
51f49b3d-84e6-4b9a-ac45-d768abe37cc4<%|%>1b538e31-581d-4e4b-9e31-a85592254754
c7ca4d12-c1d8-4c1c-ae08-2de8c0d5a6d4<%|%>1b538e31-581d-4e4b-9e31-a85592254754
03a92e85-eb8a-47dc-9e33-36938cb9bce9<%|%>1b538e31-581d-4e4b-9e31-a85592254754
0744f258-18d3-4e36-9be4-5096028a3bf7<%|%>1b538e31-581d-4e4b-9e31-a85592254754
9a1259f7-a313-461a-b3e1-05fcc5f4d095<%|%>1b538e31-581d-4e4b-9e31-a85592254754
936957a9-c1e4-40dc-b180-1f10f694b658<%|%>1b538e31-581d-4e4b-9e31-a85592254754
e4f7ff7c-e075-4197-99c6-89c96c4af368<%|%>1b538e31-581d-4e4b-9e31-a85592254754
f1c61639-6f97-444b-9bdf-6ce27298269a<%|%>1b538e31-581d-4e4b-9e31-a85592254754
a835bb10-b1c5-4c9f-9c0d-6993e1ae2e38<%|%>1b538e31-581d-4e4b-9e31-a85592254754
a540458b-a62b-4934-a9ba-f0effa276791<%|%>1b538e31-581d-4e4b-9e31-a85592254754
c43c72c8-41aa-4839-87ca-f94af0fab796<%|%>1b538e31-581d-4e4b-9e31-a85592254754
216b0453-92f5-4f5c-a5b5-abe89697a30f<%|%>1b538e31-581d-4e4b-9e31-a85592254754
595382f0-8a81-47a8-a4ae-2e8f1c6cd68c<%|%>1b538e31-581d-4e4b-9e31-a85592254754
5b40822f-0dea-4ec9-900c-759465b43950<%|%>1b538e31-581d-4e4b-9e31-a85592254754
3898c952-14a6-4b24-9477-91154cad46b4<%|%>1b538e31-581d-4e4b-9e31-a85592254754
03e642aa-bb93-49d3-87f8-fbc418753f4d<%|%>1b538e31-581d-4e4b-9e31-a85592254754
9797170b-017e-4e2b-81d1-a499c5203c0c<%|%>1b538e31-581d-4e4b-9e31-a85592254754
ab803474-e79b-41dd-9631-f5731bfcdd6a<%|%>1b538e31-581d-4e4b-9e31-a85592254754
8ccb0996-f83d-4342-b2fb-15b4d840ffc2<%|%>1b538e31-581d-4e4b-9e31-a85592254754
bf169722-0537-4c1b-9bef-7703ed9d2e1b<%|%>1b538e31-581d-4e4b-9e31-a85592254754
c5320463-d557-4edb-bfa2-5a9810115bc2<%|%>1b538e31-581d-4e4b-9e31-a85592254754
55f9ee8a-c439-4cd8-a6f6-0883ed2fd43b<%|%>1b538e31-581d-4e4b-9e31-a85592254754
61a938f6-9819-42f4-8ee5-5306f4322303<%|%>1b538e31-581d-4e4b-9e31-a85592254754
61697e96-cf06-4eaa-85e2-4a80d90af0c1<%|%>1b538e31-581d-4e4b-9e31-a85592254754
5e9c2c7b-b2fa-47e2-a1a2-f932c4075b95<%|%>1b538e31-581d-4e4b-9e31-a85592254754
f854cad1-1cd8-4719-a0f1-3a31393ad8de<%|%>1b538e31-581d-4e4b-9e31-a85592254754
2a3b5691-0064-47c6-b8e6-1dcdcbe439aa<%|%>1b538e31-581d-4e4b-9e31-a85592254754
c8a02b01-886b-446c-869e-c0c25bf3cb52<%|%>1b538e31-581d-4e4b-9e31-a85592254754
3d9875a5-ee17-4c19-bd3f-aa6608c00d77<%|%>1b538e31-581d-4e4b-9e31-a85592254754
9ae28612-a6d9-49b0-91cd-695e48b36496<%|%>1b538e31-581d-4e4b-9e31-a85592254754
db5ac676-1626-42ac-8da6-addf25ba8fc9<%|%>1b538e31-581d-4e4b-9e31-a85592254754
0cb4a2e5-e916-4e70-bdef-db2364e29368<%|%>1b538e31-581d-4e4b-9e31-a85592254754
32b5d545-289b-4362-8842-45d6a8b45a00<%|%>1b538e31-581d-4e4b-9e31-a85592254754
28fe4353-bb26-4356-b82e-4818d4428b6f<%|%>1b538e31-581d-4e4b-9e31-a85592254754
41ca12c9-dd8b-4fa9-b101-ef35cdca68cf<%|%>1b538e31-581d-4e4b-9e31-a85592254754
68dfbf66-8615-405f-a7c0-ffeca48d707c<%|%>1b538e31-581d-4e4b-9e31-a85592254754
d4e7f22d-a5c7-4beb-9e54-ce5ed6cf1d90<%|%>1b538e31-581d-4e4b-9e31-a85592254754
2b70dd04-7b58-4b6b-845b-f9f2f08c9807<%|%>1b538e31-581d-4e4b-9e31-a85592254754
2fa0d130-35c1-4af8-9585-dc7cade73be3<%|%>1b538e31-581d-4e4b-9e31-a85592254754
5c6397b9-5272-41c3-855d-058ed3ecbd11<%|%>1b538e31-581d-4e4b-9e31-a85592254754
6ee02632-b4a7-46b7-904d-fa3ccf13c3a7<%|%>1b538e31-581d-4e4b-9e31-a85592254754
e340bc4e-a350-4ea9-9086-9f810497811e<%|%>1b538e31-581d-4e4b-9e31-a85592254754
5a73517c-6391-4f20-a6d7-aa748524fe78<%|%>1b538e31-581d-4e4b-9e31-a85592254754
44a8b32c-96b8-4c85-919c-08d231c6517f<%|%>1b538e31-581d-4e4b-9e31-a85592254754
e4fe4944-61cc-47ae-bac3-c41b02feae6d<%|%>1b538e31-581d-4e4b-9e31-a85592254754
329ee07b-f7d1-440a-9d87-fdc1e86eb61e<%|%>1b538e31-581d-4e4b-9e31-a85592254754
50560767-a640-4663-9417-ae84df717bea<%|%>1b538e31-581d-4e4b-9e31-a85592254754
e3604f65-bd12-4ba7-81ca-df1307bf9cdd<%|%>1b538e31-581d-4e4b-9e31-a85592254754
6d55afb9-11ed-41ab-803c-27cacf0c3409<%|%>1b538e31-581d-4e4b-9e31-a85592254754
bf7d4d8b-be4e-4e4c-9ccf-ab4449060380<%|%>1b538e31-581d-4e4b-9e31-a85592254754
09dd3e11-27cd-4397-b5b7-7d45de35ae03<%|%>1b538e31-581d-4e4b-9e31-a85592254754
8f5b68ac-1704-4d75-b97b-e793687e1eb2<%|%>1b538e31-581d-4e4b-9e31-a85592254754
b53cc289-e18d-46f0-9aef-17088c5e14b5<%|%>1b538e31-581d-4e4b-9e31-a85592254754
39ad5c3d-68f6-4419-98da-746fd9ae6616<%|%>1b538e31-581d-4e4b-9e31-a85592254754
61703d28-fcce-4436-99ec-37c73eea0686<%|%>1b538e31-581d-4e4b-9e31-a85592254754
caf1ee95-77b4-47c7-827b-7bba7ca8c1a0<%|%>1b538e31-581d-4e4b-9e31-a85592254754
691eb0d0-a5d1-4b63-9ecc-8104c69ae259<%|%>1b538e31-581d-4e4b-9e31-a85592254754
bc2e18f2-b789-4988-ac8e-d6df5f3f6ab3<%|%>1b538e31-581d-4e4b-9e31-a85592254754
7da203f8-f8ff-40a0-97a7-937fcd507d29<%|%>1b538e31-581d-4e4b-9e31-a85592254754
5e4f72f7-fc94-4c73-a279-7670377c20ae<%|%>1b538e31-581d-4e4b-9e31-a85592254754
a8572447-bc7c-4ab1-b577-6e299db4a67a<%|%>1b538e31-581d-4e4b-9e31-a85592254754
1b6c2a9f-9295-478f-a184-955e84592eee<%|%>1b538e31-581d-4e4b-9e31-a85592254754
41780d12-bd71-4fc5-b0ed-2791f76fe947<%|%>1b538e31-581d-4e4b-9e31-a85592254754
0400d010-68a3-4024-adc4-237a418e08d5<%|%>1b538e31-581d-4e4b-9e31-a85592254754
ab04bd10-984b-4a96-b640-8fca6ac4a189<%|%>1b538e31-581d-4e4b-9e31-a85592254754
dad9146f-042d-4655-90a8-ef91bba79270<%|%>1b538e31-581d-4e4b-9e31-a85592254754
ca95b631-2865-4778-933b-04b0a29caa50<%|%>1b538e31-581d-4e4b-9e31-a85592254754
29b0d5d8-8491-47b4-8efc-5b31f356342c<%|%>1b538e31-581d-4e4b-9e31-a85592254754
8250b8b5-90d2-4ef9-a6bd-daa4a804949a<%|%>1b538e31-581d-4e4b-9e31-a85592254754
f7570f1d-4ed3-4e09-8db2-d4da086f8c7a<%|%>1b538e31-581d-4e4b-9e31-a85592254754
4e3dd9bc-fd11-4598-affb-47358f8e29de<%|%>1b538e31-581d-4e4b-9e31-a85592254754
cfd9a8ad-efc2-4ae7-b58f-4e517e30c711<%|%>1b538e31-581d-4e4b-9e31-a85592254754
b87ecb88-f6e3-422d-8b6a-53c20f6cafc5<%|%>1b538e31-581d-4e4b-9e31-a85592254754
e7762b30-e318-40c7-987d-1ddf886d16fd<%|%>1b538e31-581d-4e4b-9e31-a85592254754
391f79b4-f2db-46bc-b0cc-974ee842a77e<%|%>1b538e31-581d-4e4b-9e31-a85592254754
12c1bd77-8783-4416-a584-79badbf66009<%|%>1b538e31-581d-4e4b-9e31-a85592254754
c5824a9f-4d60-4e79-b16b-e77e561bbc3b<%|%>1b538e31-581d-4e4b-9e31-a85592254754
1cca46d5-0d55-4a6e-9c9d-d508cdb59c19<%|%>1b538e31-581d-4e4b-9e31-a85592254754
40c3b4c2-7571-4cd0-921f-5036b108ff79<%|%>1b538e31-581d-4e4b-9e31-a85592254754
2da18f12-e6ad-4510-82af-c5d722f64490<%|%>1b538e31-581d-4e4b-9e31-a85592254754
f8426510-1e97-40c3-a741-2508874e62a2<%|%>1b538e31-581d-4e4b-9e31-a85592254754
9ab69c7c-2ed3-4062-b0d7-141dc46a0251<%|%>1b538e31-581d-4e4b-9e31-a85592254754
c089fa27-94f1-4f99-933c-7544fb5189a4<%|%>1b538e31-581d-4e4b-9e31-a85592254754
5c878c1c-7a27-4cd8-9455-d3f4b1b3d036<%|%>1b538e31-581d-4e4b-9e31-a85592254754
4598f635-1e96-4b74-aced-464c0822b59c<%|%>1b538e31-581d-4e4b-9e31-a85592254754
8125beff-b1f6-4d3e-a3bd-bfc00cda20ec<%|%>1b538e31-581d-4e4b-9e31-a85592254754
402d0935-3c75-435b-af58-7a31e8befa36<%|%>1b538e31-581d-4e4b-9e31-a85592254754
dc63600e-4736-4478-a704-a05b90e3593d<%|%>1b538e31-581d-4e4b-9e31-a85592254754
17945177-520f-48a0-baa6-913103a6977b<%|%>1b538e31-581d-4e4b-9e31-a85592254754
fa6e9a29-76d7-4f1e-bfcf-aafd3ddbcaa7<%|%>1b538e31-581d-4e4b-9e31-a85592254754
9de7c01c-583f-465c-97ed-378395f6a2b0<%|%>1b538e31-581d-4e4b-9e31-a85592254754
ffe573f5-8d8a-41c4-a856-d5aedd19ebdf<%|%>1b538e31-581d-4e4b-9e31-a85592254754
32306e62-f49b-4cad-ac36-e1108689fdac<%|%>1b538e31-581d-4e4b-9e31-a85592254754
9a19f33a-3594-4aae-8fe9-f5d8a3612918<%|%>1b538e31-581d-4e4b-9e31-a85592254754
a2343761-163b-4679-9188-28efd2abeee3<%|%>1b538e31-581d-4e4b-9e31-a85592254754
b9c80e74-d09e-47fa-bd02-93b22e734382<%|%>1b538e31-581d-4e4b-9e31-a85592254754
29b17ae0-b2e0-41e6-a2be-912f58dd7093<%|%>1b538e31-581d-4e4b-9e31-a85592254754
d89b49d9-d565-4342-99d3-5a941d453bab<%|%>1b538e31-581d-4e4b-9e31-a85592254754
6f077a2d-4f03-4726-9ef5-7a824593b869<%|%>1b538e31-581d-4e4b-9e31-a85592254754
e2335fd4-76d3-4318-bf4f-aea458605a4f<%|%>1b538e31-581d-4e4b-9e31-a85592254754
685393f4-d604-4cf6-b546-e80907864e29<%|%>1b538e31-581d-4e4b-9e31-a85592254754
1372d0d7-bb96-41a3-b87f-fdcb6c1e1184<%|%>1b538e31-581d-4e4b-9e31-a85592254754
ed1a9463-e0a2-4fd6-b64f-36df879ab55e<%|%>1b538e31-581d-4e4b-9e31-a85592254754
ef36f6d6-707f-49b6-ab39-3a819778b9d3<%|%>1b538e31-581d-4e4b-9e31-a85592254754
ee169399-dfad-4a39-9e46-16e00fd53d7b<%|%>1b538e31-581d-4e4b-9e31-a85592254754
4fe606cb-9f04-4d22-b85c-bf85e5c8b405<%|%>1b538e31-581d-4e4b-9e31-a85592254754
d8717df1-cc88-469b-adc4-f118ed35cf2e<%|%>1b538e31-581d-4e4b-9e31-a85592254754
c6d31131-e62d-4a62-a03c-d1a525bcfae6<%|%>1b538e31-581d-4e4b-9e31-a85592254754
fbe79f1d-3e3e-4c88-88ad-ce85c4174d03<%|%>1b538e31-581d-4e4b-9e31-a85592254754
1709db93-2968-4447-9102-4d7e8a476482<%|%>1b538e31-581d-4e4b-9e31-a85592254754
d25ecbd5-cd67-49f0-9ce3-277ad1c7204e<%|%>1b538e31-581d-4e4b-9e31-a85592254754
04e5737b-02cf-48a2-bf95-919ae9daf41c<%|%>1b538e31-581d-4e4b-9e31-a85592254754
624bfa05-611e-4e2a-9877-908b9f42e5e5<%|%>1b538e31-581d-4e4b-9e31-a85592254754
5b1ac846-8c37-4dfb-b005-33a4bc516431<%|%>1b538e31-581d-4e4b-9e31-a85592254754
0b5757eb-b5a8-4c86-996d-a935a50e9b09<%|%>1b538e31-581d-4e4b-9e31-a85592254754
7aeb8f30-69f9-4ad4-a8ec-de6f740dff40<%|%>1b538e31-581d-4e4b-9e31-a85592254754
052f3468-8a91-42e7-a9ad-f06273c91f72<%|%>1b538e31-581d-4e4b-9e31-a85592254754
0b5498a5-94d4-4f1e-99a2-3e388ddbf5f3<%|%>1b538e31-581d-4e4b-9e31-a85592254754
576ade26-4e34-4afd-9a59-623f00134887<%|%>1b538e31-581d-4e4b-9e31-a85592254754
dd3cce3c-5fc3-4ac5-8538-0321d5095b0c<%|%>1b538e31-581d-4e4b-9e31-a85592254754
8d532a1f-ca95-449e-814f-5d0a2f593722<%|%>1b538e31-581d-4e4b-9e31-a85592254754
56675027-4a68-4b9d-affb-825cd67cd18e<%|%>1b538e31-581d-4e4b-9e31-a85592254754
1e84450d-a1ba-4200-a1bc-004eda7fcd57<%|%>1b538e31-581d-4e4b-9e31-a85592254754
6b1c6e4b-f530-4fdd-bf11-f7c379c0c88e<%|%>1b538e31-581d-4e4b-9e31-a85592254754
7d9d2c12-fd5b-4dd3-9d8d-a5f47dc6d304<%|%>1b538e31-581d-4e4b-9e31-a85592254754
90044132-b0c2-41a5-ae54-9b321e43f032<%|%>1b538e31-581d-4e4b-9e31-a85592254754
461f9983-aad0-4bb6-8e05-edea42c6f77d<%|%>1b538e31-581d-4e4b-9e31-a85592254754
848e78e8-88f5-424f-a842-4bc95a55bb9b<%|%>1b538e31-581d-4e4b-9e31-a85592254754
92b1fa31-3986-4c24-8ab1-f12b181e395c<%|%>1b538e31-581d-4e4b-9e31-a85592254754
c17f3711-5e00-4e83-8e18-e6c32fcdc2de<%|%>1b538e31-581d-4e4b-9e31-a85592254754
986028a0-121d-4a38-badf-5e303ba18d4a<%|%>1b538e31-581d-4e4b-9e31-a85592254754
6a53fcac-e8d1-46a9-8c6a-37353143753c<%|%>1b538e31-581d-4e4b-9e31-a85592254754
760f72f6-b289-467f-9f42-df30261f8df9<%|%>1b538e31-581d-4e4b-9e31-a85592254754
e56d6b7e-ef5a-4672-9966-690c36f1fed9<%|%>1b538e31-581d-4e4b-9e31-a85592254754
4eaaf653-8661-4758-a7f2-bb2513e3baf3<%|%>1b538e31-581d-4e4b-9e31-a85592254754
1acca226-2b91-47e5-b861-6b9285d117ae<%|%>1b538e31-581d-4e4b-9e31-a85592254754
f9838738-6864-4665-ab95-1ed5fec541ce<%|%>1b538e31-581d-4e4b-9e31-a85592254754
b947344d-86c2-4e5a-9f2c-bd2df4af9e14<%|%>1b538e31-581d-4e4b-9e31-a85592254754
0da75dc5-e3a2-4649-ae08-8f12d0ad62fe<%|%>1b538e31-581d-4e4b-9e31-a85592254754
6d277e5b-261b-473c-98d5-5ca416c2918c<%|%>1b538e31-581d-4e4b-9e31-a85592254754
469719b2-875a-4feb-874d-bd9dcabea4ab<%|%>1b538e31-581d-4e4b-9e31-a85592254754
86c9302c-91fc-40c4-a015-44fd2b333637<%|%>1b538e31-581d-4e4b-9e31-a85592254754
1e431c42-b1b1-4e69-8c23-560bb99204b4<%|%>1b538e31-581d-4e4b-9e31-a85592254754
74d43f9b-75b5-45c6-8060-f63971e47442<%|%>1b538e31-581d-4e4b-9e31-a85592254754
24a05431-810f-4028-95af-e323a8bdcb76<%|%>1b538e31-581d-4e4b-9e31-a85592254754
698c7557-62d1-4544-a59f-65ef3cf66c89<%|%>1b538e31-581d-4e4b-9e31-a85592254754
9c79a899-06be-40ba-86a6-99197fd7efa8<%|%>1b538e31-581d-4e4b-9e31-a85592254754
be36aba1-b902-4043-9dbd-b92e2b26e5d2<%|%>1b538e31-581d-4e4b-9e31-a85592254754
5d77e819-87b1-499a-9008-d64a6233f453<%|%>1b538e31-581d-4e4b-9e31-a85592254754
32ddb188-41b1-41f6-b491-5bea5ee0c038<%|%>1b538e31-581d-4e4b-9e31-a85592254754
edc01266-1786-4a3d-a96d-76b6de3daf80<%|%>1b538e31-581d-4e4b-9e31-a85592254754
86587837-3490-42f8-aac5-4a974779cabe<%|%>1b538e31-581d-4e4b-9e31-a85592254754
3be388e4-d7fe-495b-8c8c-05effee22e2a<%|%>1b538e31-581d-4e4b-9e31-a85592254754
25972539-0aea-4d93-b368-d1cbd1b9dfd9<%|%>1b538e31-581d-4e4b-9e31-a85592254754
5ce4e0fb-b2aa-4ff8-b7dd-f87e4dacc140<%|%>1b538e31-581d-4e4b-9e31-a85592254754
11e452e6-1227-4663-9f61-6bf03cde8281<%|%>1b538e31-581d-4e4b-9e31-a85592254754
cce77a8b-ad6e-46e9-a7e3-a0c7cd833cb0<%|%>1b538e31-581d-4e4b-9e31-a85592254754
6c9fc8d6-c3a4-4000-8c4c-994e2f48d63b<%|%>1b538e31-581d-4e4b-9e31-a85592254754
89aace54-4a2e-4bc2-b494-460c45697d1c<%|%>1b538e31-581d-4e4b-9e31-a85592254754
e9ca8cdb-792a-4455-8b06-615dd1b0ca64<%|%>1b538e31-581d-4e4b-9e31-a85592254754
8d871161-8152-4c4c-af01-a79877f08065<%|%>1b538e31-581d-4e4b-9e31-a85592254754
73f08515-4218-4b5e-9501-c2d4af19aafb<%|%>1b538e31-581d-4e4b-9e31-a85592254754
74f32f5c-affe-4ab9-bd08-2ffc0e3fa6cc<%|%>1b538e31-581d-4e4b-9e31-a85592254754
520af7e0-0430-433c-8ec2-a1e8c86313ff<%|%>1b538e31-581d-4e4b-9e31-a85592254754
b5df989d-fdd7-4909-8f13-373ef8ddf23e<%|%>1b538e31-581d-4e4b-9e31-a85592254754
ce01a4ff-5392-4b5f-9f7b-9287febad489<%|%>1b538e31-581d-4e4b-9e31-a85592254754
5f1b6b04-8194-4b7a-8aa0-55b1291fb8a0<%|%>1b538e31-581d-4e4b-9e31-a85592254754
12dc66b7-1190-4615-97fa-8c1b0d04caa9<%|%>1b538e31-581d-4e4b-9e31-a85592254754
2e92c9de-c58f-44eb-9234-5773a7e74a9b<%|%>1b538e31-581d-4e4b-9e31-a85592254754
3c7cc84c-429f-4348-86f8-009384a185a3<%|%>1b579db1-3f95-46ef-8098-b816fceca798
dd54dfb9-3b3a-4358-a043-d1347e6e6400<%|%>1b579db1-3f95-46ef-8098-b816fceca798
4b73ff06-9aa7-4fe6-af20-ebf47cb765a1<%|%>1b579db1-3f95-46ef-8098-b816fceca798
ff0b324a-90f0-43ec-a58f-934ec9e6cd10<%|%>1b579db1-3f95-46ef-8098-b816fceca798
76c43db9-5441-4634-9f05-a53d67be5363<%|%>1b579db1-3f95-46ef-8098-b816fceca798
ca37df8e-d5fa-4b13-a722-ef7e28166d85<%|%>1b538e31-581d-4e4b-9e31-a85592254754
83e8d86c-592d-4c0c-9d3d-d9af8a3b9fde<%|%>1b538e31-581d-4e4b-9e31-a85592254754
d9f79a0c-6e77-445a-8935-293bea04a5e2<%|%>1b538e31-581d-4e4b-9e31-a85592254754
7244c382-7956-49d4-8454-9f6b75379950<%|%>1b538e31-581d-4e4b-9e31-a85592254754
d117e83e-4e0b-46df-b34d-bb459030b245<%|%>1b538e31-581d-4e4b-9e31-a85592254754
8185df49-8e5b-43d5-a150-d7a1feba607f<%|%>1b538e31-581d-4e4b-9e31-a85592254754
6b5e506c-c898-4a19-b023-42bafe035603<%|%>1b538e31-581d-4e4b-9e31-a85592254754
c09ddfe6-f007-4e86-8f9e-f5ed2447f9c3<%|%>1b538e31-581d-4e4b-9e31-a85592254754
a59374c0-c12d-41d0-bc40-03a6c2c5d728<%|%>1b579db1-3f95-46ef-8098-b816fceca798
6d0664a9-ea08-4783-ae8c-165ebb207f3c<%|%>1b538e31-581d-4e4b-9e31-a85592254754
c5b22012-9890-4b21-a420-58f7939d8382<%|%>1b538e31-581d-4e4b-9e31-a85592254754
407c8ebd-5b14-4cbf-9485-f198faf61add<%|%>1b538e31-581d-4e4b-9e31-a85592254754
583f2a9f-32de-44f9-a43d-626a9ad6f9fd<%|%>1b538e31-581d-4e4b-9e31-a85592254754
d04d5539-efe6-43a8-965d-e655dd931f24<%|%>1b538e31-581d-4e4b-9e31-a85592254754
2f10cca9-e0c2-4436-a068-615225ec8a6e<%|%>1b538e31-581d-4e4b-9e31-a85592254754
9f526484-bc79-4cef-adf2-67c6a79d6cff<%|%>1b538e31-581d-4e4b-9e31-a85592254754
5ea15678-483f-405e-be10-4122726468a5<%|%>1b538e31-581d-4e4b-9e31-a85592254754
6d82b7d9-1767-4f33-ae67-efbe9d365771<%|%>1b538e31-581d-4e4b-9e31-a85592254754
b9ba27df-8d5a-4ae4-82fb-7bda3c999ac3<%|%>1b538e31-581d-4e4b-9e31-a85592254754
95d813b1-e2e1-4a54-ab90-ff2022f9a2db<%|%>1b538e31-581d-4e4b-9e31-a85592254754
3c1e5c63-5c7e-41b4-9a11-76eefa0867c4<%|%>1b538e31-581d-4e4b-9e31-a85592254754
23773ee2-7cb1-4438-b2d0-3c1e58950daf<%|%>1b538e31-581d-4e4b-9e31-a85592254754
60d8b9e9-df9e-4daa-aad0-8cb786881c20<%|%>1b538e31-581d-4e4b-9e31-a85592254754
c99b8e09-90b1-4323-a7ab-b5eb5aefdfb4<%|%>1b538e31-581d-4e4b-9e31-a85592254754
2b889225-8e4d-47af-8a74-7da0ff9510ef<%|%>1b538e31-581d-4e4b-9e31-a85592254754
375d9e83-2782-4e02-ae94-ebc5014be436<%|%>1b538e31-581d-4e4b-9e31-a85592254754
ee5d45f8-3fb4-434c-94e8-e8087b28d2bb<%|%>1b579db1-3f95-46ef-8098-b816fceca798
ae6c0555-e978-4338-bc45-1af53837eeb9<%|%>1b538e31-581d-4e4b-9e31-a85592254754
5564925d-425f-46af-942f-08aa17acdcce<%|%>1b538e31-581d-4e4b-9e31-a85592254754
f4642c9f-ac73-4ec3-84ca-59c72cbe6aeb<%|%>1b579db1-3f95-46ef-8098-b816fceca798
c1c06e18-82de-48cb-b1a6-dbd632a119bd<%|%>1b579db1-3f95-46ef-8098-b816fceca798
83dbbf4f-2755-4d65-9542-58c2faaceca9<%|%>1b538e31-581d-4e4b-9e31-a85592254754
7ee4d6ef-1386-44e0-ba61-2e592c68e4a9<%|%>1b538e31-581d-4e4b-9e31-a85592254754
9dab7124-284c-40ea-aa1e-60581dda8a73<%|%>1b538e31-581d-4e4b-9e31-a85592254754
655ec9aa-03b2-4f8d-9a1a-a3a8cdd99e7d<%|%>1b538e31-581d-4e4b-9e31-a85592254754
851ce4c3-574e-4988-b639-d1bb7a8b3bca<%|%>1b538e31-581d-4e4b-9e31-a85592254754
e94bac9d-d16f-4f65-88d3-e5307922b046<%|%>1b538e31-581d-4e4b-9e31-a85592254754
6503d788-41df-4f4a-b44d-3b7309651e44<%|%>1b538e31-581d-4e4b-9e31-a85592254754
